"",temperature_2m (°C),relative_humidity_2m (%),surface_pressure (hPa),wind_speed_10m (m/s),wind_speed_100m (m/s),shortwave_radiation_instant (W/m²),diffuse_radiation_instant (W/m²),direct_normal_irradiance_instant (W/m²),Mese
0,0.455134,0.875094,0.594130,0.532459,0.526736,-0.054699,0.004438,-0.042128,October
1,0.430551,0.885343,0.588950,0.561861,0.572890,-0.055254,0.004046,-0.042203,October
2,0.441567,0.870343,0.580373,0.582497,0.586126,-0.055408,0.003998,-0.042205,October
3,0.447247,0.881111,0.579986,0.547605,0.553273,-0.055271,0.004008,-0.042102,October
4,0.429375,0.896813,0.582683,0.494461,0.539211,-0.053195,0.007885,-0.039619,October
5,0.417537,0.899057,0.591189,0.441721,0.509040,-0.040099,0.049517,-0.022691,October
6,0.445437,0.883113,0.614859,0.469035,0.472581,0.021474,0.256380,0.179097,October
7,0.510725,0.778160,0.636308,0.510545,0.410919,0.199369,0.367176,0.367041,October
8,0.576923,0.673284,0.650760,0.552961,0.359746,0.409785,0.399378,0.720821,October
9,0.601088,0.499626,0.663764,0.513716,0.350742,0.607204,0.404817,0.915261,October
10,0.619319,0.386983,0.670100,0.535382,0.391486,0.646474,0.404426,0.936252,October
11,0.625356,0.364259,0.666598,0.579538,0.380554,0.653872,0.400225,0.938249,October
12,0.626567,0.370654,0.670621,0.649257,0.461891,0.627495,0.391577,0.936531,October
13,0.621975,0.374245,0.650543,0.600437,0.423281,0.431876,0.370569,0.893109,October
14,0.607673,0.398209,0.645411,0.457959,0.376966,0.342220,0.312512,0.733624,October
15,0.593671,0.462633,0.632182,0.279974,0.313928,0.177906,0.206439,0.599550,October
16,0.498964,0.733249,0.628540,0.242162,0.308439,-0.035221,0.031276,0.007421,October
17,0.466500,0.809756,0.633208,0.259126,0.318468,-0.052405,0.005327,-0.039257,October
18,0.466756,0.836923,0.646975,0.260040,0.322855,-0.055325,0.004129,-0.042083,October
19,0.440597,0.830263,0.643250,0.296049,0.336347,-0.055432,0.003967,-0.042184,October
20,0.435418,0.855850,0.640496,0.293249,0.317198,-0.055211,0.003974,-0.042072,October
21,0.419771,0.861060,0.648963,0.334677,0.347440,-0.054735,0.003988,-0.042069,October
22,0.417856,0.873047,0.660420,0.338280,0.342498,-0.054068,0.004433,-0.041878,October
23,0.416408,0.864372,0.659967,0.341207,0.385389,-0.052901,0.004975,-0.041440,October
0,0.247014,0.456516,0.602348,0.512304,0.656197,-0.099581,-0.080451,-0.056145,January
1,0.242072,0.451896,0.622298,0.538562,0.710472,-0.100875,-0.080806,-0.056175,January
2,0.241691,0.441660,0.608214,0.491008,0.695369,-0.101511,-0.080865,-0.056217,January
3,0.240012,0.423139,0.606828,0.456880,0.688351,-0.101495,-0.080494,-0.056208,January
4,0.244580,0.413880,0.604686,0.645566,0.825541,-0.095312,-0.077481,-0.056065,January
5,0.243286,0.328453,0.601086,0.767008,0.825861,-0.094330,-0.077735,-0.052443,January
6,0.237371,0.330448,0.598687,0.740601,0.784350,-0.083012,-0.060846,-0.037748,January
7,0.238665,0.362259,0.628624,0.957090,0.845287,-0.042200,0.081611,0.121253,January
8,0.255780,0.293059,0.634663,0.987659,0.849843,0.073588,0.482310,0.311721,January
9,0.259806,0.275043,0.651567,0.878043,0.785565,0.339518,0.590834,0.565363,January
10,0.263702,0.180505,0.651897,0.967849,0.847285,0.391266,0.610297,0.589351,January
11,0.265614,0.102507,0.631124,1.012458,0.869577,0.427461,0.605089,0.643631,January
12,0.266758,0.120918,0.592904,1.072606,0.875727,0.410923,0.484709,0.640656,January
13,0.260540,0.149872,0.576044,1.047451,0.867259,0.294002,0.216986,0.564675,January
14,0.252078,0.165813,0.569283,0.852004,0.826298,0.140658,0.088334,0.522244,January
15,0.249076,0.191886,0.573185,0.597153,0.787952,-0.039336,-0.020655,0.239635,January
16,0.241498,0.193116,0.595065,0.668751,0.727673,-0.096647,-0.075243,-0.028537,January
17,0.239387,0.156040,0.606182,0.758006,0.732370,-0.099781,-0.081205,-0.051239,January
18,0.239032,0.115706,0.600621,0.658421,0.773312,-0.101457,-0.081460,-0.055235,January
19,0.232946,0.114127,0.612434,0.594367,0.755977,-0.101554,-0.081650,-0.055519,January
20,0.229593,0.091140,0.620495,0.504090,0.656861,-0.101022,-0.081455,-0.055198,January
21,0.226160,0.119246,0.649074,0.468700,0.622730,-0.100619,-0.080945,-0.055763,January
22,0.224039,0.210433,0.672265,0.434995,0.597243,-0.100836,-0.078735,-0.056001,January
23,0.223650,0.277480,0.679368,0.427496,0.589860,-0.100179,-0.074934,-0.055146,January
0,0.349915,0.788770,0.337995,0.313727,0.386619,-0.038963,-0.068466,-0.033462,January
1,0.351527,0.787408,0.333056,0.331103,0.391320,-0.039774,-0.071161,-0.033654,January
2,0.348920,0.780063,0.322662,0.318327,0.383851,-0.039868,-0.071595,-0.033670,January
3,0.350079,0.772653,0.303383,0.313087,0.391148,-0.039824,-0.071586,-0.033541,January
4,0.352106,0.768535,0.270443,0.336978,0.394314,-0.038957,-0.070747,-0.033388,January
5,0.354560,0.743805,0.282492,0.345959,0.427295,-0.037900,-0.069221,-0.032984,January
6,0.360830,0.760177,0.301514,0.414011,0.475629,-0.032213,-0.044670,-0.021962,January
7,0.366602,0.746703,0.313066,0.389121,0.457585,-0.010914,0.024266,0.076318,January
8,0.382371,0.583748,0.322961,0.644226,0.554883,0.136187,0.360998,0.312386,January
9,0.404800,0.519998,0.331567,0.663467,0.507120,0.249422,0.406977,0.363569,January
10,0.408335,0.509839,0.339153,0.771794,0.513224,0.314955,0.598201,0.208639,January
11,0.405109,0.496106,0.313826,0.809091,0.641910,0.309800,0.707678,0.203591,January
12,0.420827,0.425927,0.282423,0.680861,0.452623,0.318794,0.678764,0.244578,January
13,0.410211,0.448115,0.280535,0.697207,0.514743,0.203195,0.596810,0.156878,January
14,0.399147,0.581523,0.296789,0.661523,0.513919,0.075883,0.388330,0.080660,January
15,0.379315,0.694885,0.290963,0.585237,0.501519,0.010318,0.081077,0.030845,January
16,0.397058,0.616156,0.265888,0.828363,0.689096,-0.032586,-0.053931,-0.024859,January
17,0.395565,0.514639,0.280795,0.763280,0.733332,-0.034932,-0.067219,-0.028573,January
18,0.394525,0.531202,0.276266,0.659827,0.816463,-0.038630,-0.070728,-0.033184,January
19,0.388180,0.436896,0.276678,0.692156,0.840379,-0.038843,-0.068727,-0.031966,January
20,0.411768,0.391124,0.257599,0.871855,0.877860,-0.033575,-0.069362,-0.031644,January
21,0.398245,0.382045,0.247392,0.848536,0.878870,-0.038300,-0.069267,-0.032109,January
22,0.390281,0.417445,0.248370,0.838680,0.879189,-0.034168,-0.064248,-0.030703,January
23,0.388909,0.392787,0.241573,0.767469,0.866895,-0.025573,-0.030542,-0.018430,January
0,0.594962,0.941859,0.423530,0.339229,0.514990,-0.037901,-0.024378,-0.035878,September
1,0.559710,0.911901,0.423641,0.250418,0.394812,-0.039406,-0.024501,-0.036088,September
2,0.552746,0.957300,0.423479,0.273938,0.460829,-0.039907,-0.024507,-0.036092,September
3,0.550580,0.945333,0.424608,0.289595,0.455194,-0.039652,-0.024412,-0.036003,September
4,0.529670,0.998799,0.424855,0.338168,0.540465,-0.038860,-0.020412,-0.035286,September
5,0.530449,0.999529,0.432894,0.349514,0.545676,-0.023156,0.012546,-0.016171,September
6,0.597026,0.928737,0.438807,0.418250,0.492051,0.168796,0.386572,0.443225,September
7,0.723571,0.680338,0.453749,0.499726,0.460033,0.366925,0.563084,0.590473,September
8,0.674444,0.536807,0.452064,0.597541,0.574859,0.505090,0.666960,0.698954,September
9,0.737190,0.457000,0.461465,0.609084,0.631130,0.546178,0.618503,0.624728,September
10,0.787004,0.437888,0.474828,0.609093,0.624511,0.748202,0.692475,0.738287,September
11,0.799528,0.403373,0.473693,0.606217,0.625544,0.775581,0.665708,0.750422,September
12,0.800883,0.416739,0.489589,0.569016,0.519340,0.753590,0.539915,0.751072,September
13,0.796966,0.395952,0.488855,0.500194,0.380196,0.624561,0.656896,0.717553,September
14,0.786759,0.386480,0.484835,0.429072,0.349485,0.403892,0.408890,0.637402,September
15,0.764364,0.416221,0.497073,0.447224,0.360259,0.219603,0.406172,0.500430,September
16,0.697644,0.568771,0.491550,0.383672,0.300108,0.055471,0.125162,0.297401,September
17,0.673512,0.620491,0.491417,0.320914,0.246962,-0.028995,-0.016791,-0.007417,September
18,0.609648,0.818450,0.516299,0.310414,0.310999,-0.039330,-0.021429,-0.035939,September
19,0.579022,0.866433,0.528394,0.267476,0.339260,-0.039983,-0.024246,-0.036089,September
20,0.566156,0.918206,0.537424,0.263119,0.278785,-0.039819,-0.024385,-0.036059,September
21,0.563929,0.859355,0.543097,0.190915,0.200749,-0.038782,-0.024309,-0.035686,September
22,0.548419,0.866406,0.545861,0.185878,0.164015,-0.037025,-0.024037,-0.034664,September
23,0.535545,0.880833,0.546578,0.176515,0.163449,-0.026498,-0.022559,-0.030141,September
0,0.289628,0.900463,0.559121,0.076650,0.101564,-0.030307,-0.059120,-0.040164,April
1,0.289532,0.877059,0.555356,0.124196,0.151157,-0.035305,-0.058813,-0.041032,April
2,0.288433,0.852190,0.543650,0.049273,0.092857,-0.037723,-0.059462,-0.041121,April
3,0.267043,0.914981,0.535198,0.035714,0.031806,-0.037622,-0.057986,-0.041102,April
4,0.263746,0.972648,0.530313,0.063631,0.044274,-0.033967,-0.039874,-0.040246,April
5,0.265019,0.965693,0.546203,0.045797,0.054436,0.034180,-0.018288,-0.020464,April
6,0.285481,0.914492,0.544916,0.042432,0.038401,0.299220,0.264374,0.173196,April
7,0.371703,0.837234,0.545333,0.077310,0.029237,0.459618,0.683981,0.195436,April
8,0.396313,0.681127,0.549124,0.058471,0.033089,0.508558,0.813064,0.342835,April
9,0.439606,0.575219,0.549303,0.074493,0.044192,0.594536,1.009465,0.434644,April
10,0.453047,0.583470,0.551334,0.083970,0.045401,0.502732,1.076871,0.185077,April
11,0.443998,0.596629,0.547916,0.097847,0.106562,0.610198,1.079002,0.143838,April
12,0.379956,0.842491,0.541778,0.120778,0.109638,0.366995,0.802156,0.045489,April
13,0.430649,0.849977,0.532971,0.199624,0.182875,0.268661,0.804012,0.023627,April
14,0.451980,0.811843,0.529932,0.280140,0.215070,0.385293,0.291903,0.174342,April
15,0.460023,0.740936,0.524604,0.301567,0.224238,0.342141,0.194748,0.273059,April
16,0.365365,0.876979,0.526897,0.222200,0.120067,0.040943,0.189583,0.085595,April
17,0.339057,0.896548,0.526951,0.089488,0.047447,-0.013068,-0.029289,0.004454,April
18,0.333688,0.911054,0.530635,0.149855,0.111476,-0.034832,-0.057912,-0.039626,April
19,0.302273,0.955792,0.544114,0.222543,0.213777,-0.037665,-0.060241,-0.041079,April
20,0.287326,0.944576,0.547750,0.266383,0.221318,-0.037330,-0.060151,-0.041072,April
21,0.291250,0.947546,0.547477,0.222687,0.195963,-0.036896,-0.055469,-0.041049,April
22,0.307649,0.949273,0.545892,0.239262,0.239477,-0.033785,-0.057876,-0.040804,April
23,0.306280,0.946338,0.540941,0.270471,0.260569,-0.029541,-0.051551,-0.039804,April
0,0.373533,0.909207,0.495427,0.127535,0.206979,-0.038377,-0.075949,-0.009600,December
1,0.358288,0.931310,0.495342,0.222062,0.317153,-0.039337,-0.076861,-0.009797,December
2,0.364701,0.918786,0.494951,0.217989,0.355284,-0.039392,-0.077082,-0.009804,December
3,0.373937,0.887326,0.490215,0.244178,0.343052,-0.039376,-0.077152,-0.009773,December
4,0.356794,0.905596,0.480082,0.191513,0.331634,-0.038727,-0.076446,-0.009553,December
5,0.363086,0.888482,0.468824,0.158887,0.266106,-0.037535,-0.074384,-0.009635,December
6,0.365286,0.917617,0.475224,0.111117,0.124830,-0.028217,-0.023533,-0.006091,December
7,0.394109,0.776945,0.480977,0.153717,0.104236,0.035428,0.111134,0.058780,December
8,0.441965,0.693251,0.476961,0.206515,0.254494,0.138212,0.617132,0.166799,December
9,0.450173,0.642948,0.484898,0.214831,0.229392,0.250691,0.710125,0.204174,December
10,0.456980,0.652559,0.482349,0.271878,0.262857,0.277977,0.767610,0.243881,December
11,0.459970,0.579457,0.461018,0.279496,0.306827,0.280670,0.812740,0.156635,December
12,0.460987,0.562238,0.445040,0.177144,0.119991,0.252705,0.760175,0.245456,December
13,0.449892,0.628376,0.448416,0.164371,0.095313,0.140824,0.509936,0.137758,December
14,0.429750,0.704388,0.443666,0.104827,0.109442,0.037173,0.340099,0.058005,December
15,0.408467,0.833209,0.451790,0.073442,0.104639,-0.014017,-0.001963,0.017148,December
16,0.406010,0.944017,0.430768,0.125175,0.113882,-0.036966,-0.067325,-0.009034,December
17,0.404789,0.941848,0.430961,0.121405,0.188756,-0.038703,-0.075446,-0.009720,December
18,0.410310,0.933890,0.426305,0.089729,0.169083,-0.039331,-0.076392,-0.009789,December
19,0.398440,0.933323,0.424348,0.065431,0.176306,-0.039333,-0.076873,-0.009777,December
20,0.383260,0.954748,0.423714,0.106061,0.238757,-0.039052,-0.076933,-0.009762,December
21,0.378922,0.957185,0.423135,0.108563,0.256160,-0.039134,-0.076944,-0.009781,December
22,0.383538,0.955321,0.421701,0.127765,0.261496,-0.038338,-0.076333,-0.009700,December
23,0.381951,0.950853,0.421417,0.127260,0.300479,-0.037996,-0.071304,-0.009258,December
0,0.433626,0.937953,0.600819,0.172400,0.258413,-0.029122,-0.029396,-0.028487,June
1,0.432786,0.940921,0.578892,0.236900,0.385486,-0.030702,-0.029827,-0.028669,June
2,0.431892,0.935073,0.561982,0.360179,0.456802,-0.031570,-0.029832,-0.028707,June
3,0.431795,0.936836,0.536490,0.366201,0.470233,-0.031631,-0.029876,-0.028642,June
4,0.433338,0.911551,0.546133,0.379854,0.484431,-0.027926,0.002849,-0.025936,June
5,0.514586,0.637167,0.573685,0.382977,0.466244,0.181691,0.388500,0.134750,June
6,0.634347,0.305191,0.555937,0.423844,0.402111,0.385225,0.298051,0.416682,June
7,0.723362,0.276044,0.564317,0.453830,0.349081,0.566534,0.390792,0.713517,June
8,0.752717,0.250083,0.564999,0.510801,0.285505,0.684918,0.511241,0.799712,June
9,0.780315,0.198236,0.596760,0.576076,0.419284,0.840046,0.573081,0.869157,June
10,0.792346,0.188557,0.602138,0.581130,0.446729,0.938387,0.689819,0.824263,June
11,0.788398,0.227496,0.588849,0.581266,0.466925,0.971153,0.702204,0.854103,June
12,0.785388,0.233347,0.580086,0.453506,0.189859,0.818205,0.615689,0.875691,June
13,0.796713,0.172330,0.568401,0.352646,0.191624,0.788882,0.644838,0.761487,June
14,0.790835,0.173397,0.551483,0.342954,0.225104,0.637482,0.479577,0.691980,June
15,0.786204,0.215420,0.533662,0.181470,0.168062,0.498583,0.485167,0.794998,June
16,0.777362,0.353013,0.509455,0.151091,0.148515,0.302889,0.267207,0.482368,June
17,0.720324,0.487006,0.511276,0.145044,0.181249,0.117866,0.118724,0.270959,June
18,0.665233,0.587322,0.512880,0.126652,0.246473,-0.021163,0.003802,0.004019,June
19,0.583534,0.611212,0.518022,0.121795,0.236125,-0.029542,-0.028150,-0.027502,June
20,0.562586,0.707958,0.528107,0.162689,0.356821,-0.028503,-0.029179,-0.026045,June
21,0.499642,0.768411,0.544259,0.215589,0.392906,-0.026420,-0.028918,-0.021775,June
22,0.474245,0.915061,0.542811,0.196618,0.377658,-0.023528,-0.026264,-0.027792,June
23,0.463947,0.896758,0.555644,0.189472,0.374960,-0.024876,-0.025366,-0.024692,June
0,0.435997,0.857744,0.613814,0.313660,0.329895,-0.030609,-0.024705,0.005227,November
1,0.413345,0.832089,0.613340,0.386837,0.386838,-0.030311,-0.024844,0.005195,November
2,0.436942,0.792275,0.612237,0.386297,0.387122,-0.030871,-0.024589,0.005154,November
3,0.431727,0.711654,0.609827,0.390096,0.389851,-0.030437,-0.021353,0.005536,November
4,0.395069,0.715283,0.612251,0.362616,0.372628,-0.028068,-0.022994,0.005844,November
5,0.359387,0.717158,0.613591,0.314710,0.357611,-0.027707,-0.022381,0.008018,November
6,0.381650,0.611736,0.629480,0.332502,0.377807,-0.018167,-0.004208,0.028326,November
7,0.412905,0.537188,0.635915,0.378015,0.373818,0.064625,0.127056,0.263510,November
8,0.406737,0.713459,0.641559,0.396844,0.379899,0.132253,0.445688,0.321285,November
9,0.467408,0.571223,0.652066,0.385720,0.340638,0.296877,0.646669,0.513004,November
10,0.488488,0.491480,0.659634,0.352994,0.285669,0.338106,0.717702,0.558042,November
11,0.486809,0.480492,0.660210,0.346950,0.285045,0.363483,0.672200,0.593353,November
12,0.435117,0.613996,0.673208,0.349794,0.320816,0.311872,0.601761,0.538193,November
13,0.436100,0.646707,0.669998,0.285897,0.218274,0.169706,0.541324,0.157426,November
14,0.439436,0.517795,0.672258,0.174166,0.180422,0.180359,0.247999,0.427083,November
15,0.426970,0.524715,0.671786,0.105087,0.143197,0.042170,0.056282,0.312924,November
16,0.346064,0.712827,0.676230,0.096265,0.117207,-0.027288,-0.013188,0.009232,November
17,0.312509,0.794984,0.686323,0.067705,0.107340,-0.031021,-0.024910,0.005355,November
18,0.306319,0.804560,0.688694,0.072937,0.099449,-0.031452,-0.025253,0.005140,November
19,0.289139,0.852024,0.690824,0.091397,0.110522,-0.031476,-0.025453,0.005145,November
20,0.289384,0.831968,0.695216,0.065703,0.098513,-0.031311,-0.025390,0.005167,November
21,0.282585,0.867429,0.697324,0.071439,0.110961,-0.031354,-0.025335,0.005131,November
22,0.282997,0.850673,0.698645,0.069638,0.123032,-0.031185,-0.024405,0.005149,November
23,0.277636,0.866086,0.699076,0.065081,0.115635,-0.030819,-0.022285,0.005320,November
0,0.267273,0.832641,0.270411,0.622914,0.795371,-0.012400,-0.059451,0.016389,April
1,0.260531,0.836874,0.236683,0.878763,0.867788,-0.017242,-0.059926,0.015805,April
2,0.262035,0.893953,0.229227,0.882538,0.863710,-0.018749,-0.059545,0.015752,April
3,0.255220,0.926320,0.231848,0.688835,0.761429,-0.018885,-0.059497,0.015754,April
4,0.256050,0.940878,0.235513,0.571247,0.747085,-0.016715,-0.038442,0.015963,April
5,0.271912,0.897688,0.258058,0.541765,0.783373,0.108112,0.096424,0.085992,April
6,0.287168,0.858489,0.274829,0.509725,0.726018,0.264204,0.293954,0.286355,April
7,0.329866,0.782303,0.297816,0.347143,0.478120,0.356623,0.553038,0.393919,April
8,0.386532,0.666329,0.261137,0.507967,0.631713,0.570485,0.459461,0.443897,April
9,0.403352,0.483456,0.252151,0.734966,0.770830,0.711123,0.599257,0.576184,April
10,0.412801,0.450393,0.250018,0.845967,0.772157,0.828869,0.799639,0.653304,April
11,0.415247,0.455814,0.256867,0.684751,0.742119,0.768146,0.705681,0.367435,April
12,0.354081,0.707055,0.269446,0.251971,0.435161,0.439831,0.721019,0.196317,April
13,0.400597,0.600510,0.248409,0.232380,0.336149,0.607363,0.777936,0.272099,April
14,0.395369,0.542272,0.250651,0.400129,0.395319,0.584064,0.594870,0.546170,April
15,0.390108,0.509852,0.241302,0.777438,0.690331,0.519273,0.319598,0.585074,April
16,0.349652,0.804924,0.266155,0.679570,0.664528,0.145735,0.128079,0.312840,April
17,0.346228,0.789587,0.297419,0.434153,0.481355,0.002889,-0.026059,0.051043,April
18,0.332057,0.783987,0.315764,0.283893,0.341221,-0.017782,-0.054572,0.017841,April
19,0.308804,0.834546,0.352626,0.227262,0.305988,-0.018251,-0.059741,0.016099,April
20,0.270149,0.920680,0.380048,0.253424,0.382517,-0.017403,-0.059824,0.016087,April
21,0.265500,0.944752,0.384245,0.303299,0.334064,-0.017575,-0.059344,0.015916,April
22,0.258605,0.949696,0.389439,0.246654,0.371927,-0.014075,-0.059376,0.015994,April
23,0.256779,0.955265,0.390428,0.248861,0.388403,-0.011552,-0.058223,0.016381,April
0,0.432555,0.913830,0.636512,0.366269,0.550437,0.004852,-0.056891,-0.080382,June
1,0.417137,0.918168,0.635411,0.314877,0.485898,-0.000049,-0.057813,-0.081020,June
2,0.450473,0.921640,0.601743,0.249027,0.465554,-0.003930,-0.057479,-0.081202,June
3,0.406942,0.932272,0.600254,0.183634,0.284891,-0.003607,-0.057664,-0.081068,June
4,0.396960,0.928621,0.590517,0.125822,0.152145,0.007778,-0.048474,-0.073930,June
5,0.413895,0.896186,0.624576,0.111043,0.171446,0.290819,0.133513,0.099736,June
6,0.582481,0.674713,0.642912,0.091746,0.097165,0.388811,0.237935,0.649496,June
7,0.687743,0.351907,0.648971,0.091532,0.089547,0.469273,0.304294,0.219124,June
8,0.724604,0.348231,0.660955,0.105993,0.108929,0.796344,0.426252,0.890195,June
9,0.764039,0.232188,0.666434,0.227454,0.260636,0.956267,0.274172,0.929563,June
10,0.815234,0.144653,0.663491,0.383641,0.395623,1.045531,0.358373,0.942336,June
11,0.810450,0.133275,0.653458,0.441327,0.459299,1.047959,0.340557,0.930813,June
12,0.752152,0.153967,0.629028,0.227755,0.213891,0.970134,0.595184,0.747008,June
13,0.804013,0.133407,0.619388,0.238237,0.276885,0.774706,0.641938,0.170316,June
14,0.800043,0.136715,0.592962,0.321623,0.322173,0.757590,0.540964,0.323480,June
15,0.808822,0.126663,0.574618,0.352520,0.309524,0.572962,0.519079,0.372259,June
16,0.783943,0.195019,0.567361,0.299196,0.202279,0.184149,0.103389,0.245388,June
17,0.707872,0.314813,0.575486,0.258844,0.226726,0.054654,-0.008851,0.095640,June
18,0.619644,0.354345,0.588356,0.214051,0.239396,-0.001574,-0.048674,-0.077251,June
19,0.546567,0.549655,0.607804,0.222421,0.277588,-0.004277,-0.057585,-0.081139,June
20,0.473665,0.639930,0.635313,0.386581,0.466177,-0.004005,-0.057848,-0.081048,June
21,0.435093,0.577454,0.643564,0.274064,0.398872,-0.002591,-0.057787,-0.080243,June
22,0.443856,0.690883,0.652004,0.244245,0.286561,0.003286,-0.056647,-0.077596,June
23,0.425401,0.672582,0.655041,0.207157,0.282880,0.009927,-0.054667,-0.064008,June
0,0.635412,0.831787,0.517706,0.393709,0.599036,-0.084927,-0.018811,-0.010133,July
1,0.623555,0.779338,0.517178,0.318089,0.485704,-0.086742,-0.019454,-0.010402,July
2,0.618126,0.847383,0.512985,0.266787,0.432904,-0.088716,-0.019532,-0.010440,July
3,0.608969,0.891851,0.514259,0.244126,0.390709,-0.088880,-0.019534,-0.010360,July
4,0.602340,0.907175,0.517091,0.286522,0.425398,-0.087083,0.004268,-0.009441,July
5,0.639846,0.884568,0.539437,0.311357,0.456150,-0.014064,0.155656,0.178127,July
6,0.681497,0.681321,0.569466,0.322592,0.420180,0.138224,0.282594,0.419362,July
7,0.749382,0.694081,0.584942,0.501704,0.548837,0.539328,0.498420,0.531896,July
8,0.801959,0.398800,0.590156,0.590493,0.570389,0.571660,0.577829,0.795892,July
9,0.814868,0.452545,0.597879,0.510664,0.444021,0.692745,0.602640,0.804295,July
10,0.810979,0.421318,0.601040,0.664762,0.606212,0.900185,0.596440,0.870018,July
11,0.829041,0.382755,0.594957,0.756173,0.655917,0.979377,0.562797,0.954217,July
12,0.847102,0.325138,0.588088,0.757133,0.657966,0.901904,0.338405,0.958218,July
13,0.845544,0.332196,0.567342,0.754067,0.647540,0.714332,0.298668,0.896730,July
14,0.847875,0.303730,0.549326,0.640442,0.600817,0.658039,0.317296,0.934887,July
15,0.846275,0.293324,0.548442,0.601420,0.559860,0.456384,0.271950,0.888767,July
16,0.829827,0.347535,0.519293,0.465403,0.403994,0.268087,0.160257,0.728357,July
17,0.801090,0.450201,0.524101,0.288400,0.344446,0.107975,0.050939,0.541747,July
18,0.761773,0.519780,0.527805,0.309387,0.385699,-0.072295,-0.010365,0.025705,July
19,0.707671,0.688506,0.534863,0.428412,0.490633,-0.086476,-0.018919,-0.008932,July
20,0.654748,0.759468,0.542559,0.404223,0.475084,-0.087204,-0.018854,-0.009131,July
21,0.646179,0.652302,0.559126,0.388231,0.505896,-0.084975,-0.018623,-0.007719,July
22,0.668787,0.577748,0.558699,0.361499,0.502868,-0.073059,-0.017067,-0.002318,July
23,0.656044,0.628007,0.566658,0.330515,0.459745,-0.077159,-0.016585,0.015502,July
0,0.408813,0.759002,0.692009,0.351281,0.510203,-0.046917,-0.054382,-0.110018,June
1,0.417272,0.738542,0.681857,0.484141,0.560393,-0.047716,-0.054263,-0.110065,June
2,0.410066,0.734739,0.678486,0.468137,0.554762,-0.048957,-0.054174,-0.110084,June
3,0.406097,0.672065,0.677195,0.403731,0.551924,-0.048777,-0.054106,-0.110022,June
4,0.411483,0.823794,0.697207,0.501121,0.561548,-0.038445,-0.031216,-0.102557,June
5,0.435843,0.785733,0.707063,0.518079,0.557061,0.224002,0.090340,0.259777,June
6,0.451951,0.628806,0.709000,0.541791,0.475359,0.333995,0.196567,0.667290,June
7,0.628599,0.313809,0.711746,0.559598,0.435797,0.745392,0.344859,0.830793,June
8,0.620130,0.524838,0.682022,0.526717,0.242675,0.821713,0.236364,0.972346,June
9,0.732133,0.241731,0.696150,0.534358,0.246088,0.971960,0.099198,0.980045,June
10,0.774110,0.159690,0.703602,0.389249,0.241600,1.034372,0.197520,0.972728,June
11,0.770844,0.137778,0.700665,0.370206,0.238641,1.029536,0.412368,0.961573,June
12,0.793387,0.096982,0.683188,0.518179,0.250579,1.020615,0.458836,0.950949,June
13,0.769900,0.082582,0.704522,0.504034,0.272583,0.935910,0.478646,0.919019,June
14,0.723151,0.108502,0.700576,0.378403,0.279023,0.495062,0.351706,0.263156,June
15,0.672786,0.178011,0.701896,0.265031,0.235102,0.430208,0.346243,0.272525,June
16,0.620584,0.388897,0.694985,0.340653,0.267710,0.105398,0.173949,0.137742,June
17,0.635993,0.423601,0.694152,0.238782,0.248558,0.059101,0.063825,0.290632,June
18,0.548472,0.440326,0.700304,0.241995,0.350006,-0.044542,-0.047053,-0.063070,June
19,0.488782,0.378987,0.700456,0.282284,0.493961,-0.046534,-0.054707,-0.102507,June
20,0.452943,0.609333,0.706909,0.266702,0.502349,-0.047240,-0.054240,-0.104673,June
21,0.423050,0.645952,0.700283,0.277555,0.454519,-0.045675,-0.052444,-0.102695,June
22,0.419316,0.738413,0.708874,0.247925,0.391648,-0.040651,-0.052486,-0.105453,June
23,0.409028,0.737735,0.710895,0.230687,0.352655,-0.032232,-0.051663,-0.088225,June
0,0.462944,0.846349,0.588374,0.635948,0.601829,-0.017720,-0.012639,-0.000987,October
1,0.463962,0.821414,0.585595,0.516055,0.547745,-0.018997,-0.012844,-0.001804,October
2,0.471101,0.864890,0.571154,0.367590,0.474743,-0.019896,-0.012844,-0.001891,October
3,0.471828,0.846218,0.575690,0.347094,0.453000,-0.019917,-0.012864,-0.001856,October
4,0.476544,0.877203,0.564835,0.360009,0.438821,-0.018866,-0.009859,-0.000218,October
5,0.451847,0.876542,0.596263,0.368304,0.477255,-0.004380,0.000342,0.034974,October
6,0.518225,0.911674,0.640830,0.380605,0.407347,0.043477,0.182653,0.270282,October
7,0.611961,0.694754,0.669711,0.347315,0.376372,0.214345,0.373842,0.619483,October
8,0.614526,0.644725,0.677616,0.469525,0.298712,0.466719,0.382162,0.925485,October
9,0.609644,0.542519,0.680569,0.577032,0.311209,0.578619,0.384242,0.965699,October
10,0.646596,0.438702,0.680824,0.604499,0.398033,0.656082,0.420838,0.953468,October
11,0.655787,0.407600,0.658565,0.614178,0.375109,0.653166,0.438102,0.941642,October
12,0.660562,0.368008,0.592179,0.632686,0.362987,0.648897,0.417319,0.951883,October
13,0.645151,0.360985,0.567799,0.587513,0.350911,0.576262,0.412373,0.950030,October
14,0.623731,0.397553,0.564358,0.532841,0.333967,0.259502,0.335290,0.818615,October
15,0.546081,0.493835,0.560297,0.505380,0.346259,0.146290,0.269692,0.613960,October
16,0.530118,0.874418,0.551969,0.483193,0.508123,-0.005774,0.000289,0.025762,October
17,0.497063,0.804027,0.572317,0.656637,0.612228,-0.017355,-0.012474,0.000648,October
18,0.493554,0.866839,0.581243,0.592236,0.596592,-0.020047,-0.012743,-0.001789,October
19,0.466434,0.760018,0.573189,0.368652,0.541329,-0.020026,-0.012940,-0.001895,October
20,0.451637,0.893668,0.600708,0.403596,0.506142,-0.019569,-0.012928,-0.001613,October
21,0.436498,0.892313,0.613601,0.318541,0.415238,-0.019282,-0.012803,-0.001493,October
22,0.423083,0.921143,0.630810,0.334929,0.399263,-0.018899,-0.012585,-0.001576,October
23,0.421227,0.916189,0.634746,0.361768,0.500080,-0.017113,-0.011146,0.000367,October
0,0.110853,0.972367,0.603068,0.124283,0.101970,-0.011106,-0.033059,-0.028913,March
1,0.083260,0.986151,0.581945,0.156052,0.132114,-0.013134,-0.033808,-0.030866,March
2,0.072223,1.006194,0.579554,0.147781,0.190294,-0.013344,-0.033953,-0.031041,March
3,0.049590,0.986651,0.578858,0.267520,0.337444,-0.013786,-0.033829,-0.030988,March
4,0.050699,0.857679,0.578150,0.336831,0.316549,-0.013386,-0.028559,-0.030771,March
5,0.080858,0.698446,0.600184,0.353988,0.406739,-0.007946,-0.022179,-0.018349,March
6,0.111354,0.653624,0.631289,0.314486,0.432746,0.031476,0.162976,-0.017446,March
7,0.199489,0.532853,0.640396,0.233069,0.386132,0.279122,0.426536,0.338607,March
8,0.341540,0.539876,0.652845,0.313116,0.313495,0.451030,0.254740,0.565869,March
9,0.370005,0.515273,0.653422,0.251840,0.177505,0.562900,0.422214,0.576936,March
10,0.416106,0.501584,0.651612,0.310301,0.187595,0.646665,0.506240,0.490772,March
11,0.417001,0.505647,0.642377,0.296394,0.243805,0.603814,0.568728,0.340540,March
12,0.329689,0.600008,0.612235,0.125973,0.154238,0.525551,0.554624,0.176169,March
13,0.388860,0.601737,0.586399,0.244796,0.188364,0.333061,0.484566,0.068004,March
14,0.402155,0.515793,0.581236,0.366267,0.252450,0.341064,0.369746,0.323806,March
15,0.346998,0.525634,0.577299,0.389620,0.282087,0.197469,0.214385,0.409828,March
16,0.347993,0.734509,0.576907,0.349272,0.255800,0.092546,0.163214,0.236464,March
17,0.264702,0.854031,0.580234,0.310729,0.236273,-0.003819,-0.021656,-0.016539,March
18,0.238020,0.921609,0.599619,0.371195,0.198768,-0.012947,-0.031733,-0.031030,March
19,0.226543,0.970149,0.623695,0.328101,0.223827,-0.013839,-0.033684,-0.031127,March
20,0.102608,0.999716,0.634913,0.201215,0.134917,-0.013717,-0.033787,-0.031125,March
21,0.186871,0.971722,0.639838,0.123685,0.105826,-0.013611,-0.033632,-0.031111,March
22,0.158615,0.946188,0.645192,0.141859,0.125855,-0.011721,-0.033698,-0.030946,March
23,0.088889,0.982589,0.647152,0.176559,0.131515,-0.005901,-0.033379,-0.028661,March
0,0.432412,0.852197,0.506279,0.177738,0.219593,-0.037573,-0.053890,-0.043854,August
1,0.414511,0.823780,0.483148,0.319977,0.255312,-0.040157,-0.055500,-0.044227,August
2,0.398408,0.858098,0.476989,0.198612,0.270768,-0.041048,-0.055622,-0.044314,August
3,0.398487,0.854650,0.475699,0.147113,0.228098,-0.040973,-0.056076,-0.044176,August
4,0.396636,0.833848,0.477358,0.127168,0.177712,-0.039946,-0.053991,-0.040821,August
5,0.423831,0.731925,0.485079,0.098901,0.159771,0.073527,0.003594,0.292411,August
6,0.495867,0.623031,0.511220,0.117851,0.131503,0.251122,0.202798,0.755172,August
7,0.542001,0.173151,0.521094,0.212834,0.124887,0.503307,0.140687,0.837129,August
8,0.633323,0.273832,0.527820,0.333378,0.249843,0.775952,0.449753,0.871916,August
9,0.689547,0.153599,0.522848,0.364986,0.218878,0.812339,0.234762,0.868660,August
10,0.736570,0.186428,0.519311,0.248648,0.152216,0.876138,0.443065,0.862544,August
11,0.738357,0.245485,0.501122,0.170534,0.169692,0.875090,0.499226,0.791150,August
12,0.762328,0.128441,0.487693,0.178826,0.132815,0.869095,0.412371,0.794203,August
13,0.761235,0.098484,0.488838,0.418897,0.221828,0.849208,0.506832,0.856414,August
14,0.719982,0.127848,0.493043,0.538173,0.417572,0.578064,0.276647,0.776929,August
15,0.669973,0.164670,0.494103,0.609989,0.537148,0.429749,0.155059,0.584549,August
16,0.601918,0.229017,0.501906,0.605124,0.562494,0.200380,0.168205,0.453993,August
17,0.565538,0.298788,0.507408,0.574181,0.546043,0.078207,-0.009131,0.261681,August
18,0.516791,0.414979,0.509858,0.454330,0.537469,-0.037830,-0.053569,-0.028844,August
19,0.467107,0.560759,0.526039,0.467604,0.557059,-0.039757,-0.055892,-0.043282,August
20,0.459427,0.526542,0.539724,0.492288,0.548754,-0.038988,-0.055726,-0.041764,August
21,0.442404,0.659951,0.545867,0.491630,0.555768,-0.037313,-0.053913,-0.040422,August
22,0.423323,0.718715,0.548048,0.477249,0.567701,-0.036606,-0.055173,-0.043555,August
23,0.433288,0.762415,0.547659,0.485092,0.567240,-0.031431,-0.053702,-0.040494,August
0,0.248984,0.644988,0.622453,0.612784,0.692997,-0.070657,-0.022636,-0.022683,January
1,0.251882,0.571177,0.612915,0.664362,0.679117,-0.072087,-0.022993,-0.022807,January
2,0.227599,0.647124,0.585177,0.727015,0.636545,-0.072222,-0.023098,-0.022824,January
3,0.232522,0.571295,0.557752,0.640408,0.652213,-0.072210,-0.023109,-0.022763,January
4,0.248245,0.449631,0.523739,0.543507,0.691272,-0.070931,-0.023036,-0.022135,January
5,0.238600,0.511167,0.527060,0.677193,0.638412,-0.068181,-0.022895,-0.016308,January
6,0.233927,0.604709,0.548638,0.741462,0.751412,-0.066170,-0.012873,0.017471,January
7,0.229375,0.574408,0.572351,0.855007,0.816254,-0.039204,0.066198,0.137604,January
8,0.268144,0.612781,0.582389,0.857619,0.818014,0.158897,0.377201,0.435141,January
9,0.262215,0.565560,0.592321,0.856031,0.780613,0.188243,0.378246,0.374357,January
10,0.280569,0.561097,0.585379,0.842005,0.789081,0.324638,0.426307,0.450428,January
11,0.296830,0.444210,0.550287,0.807629,0.746532,0.364300,0.454882,0.543885,January
12,0.305225,0.351000,0.514832,0.718217,0.664216,0.357135,0.419952,0.570511,January
13,0.302932,0.357997,0.510123,0.581623,0.571952,0.231422,0.463718,0.433966,January
14,0.301109,0.439946,0.515596,0.426082,0.476609,0.094050,0.419776,0.309674,January
15,0.292517,0.421532,0.512921,0.425122,0.474733,-0.046323,0.177235,0.098368,January
16,0.282166,0.541914,0.504718,0.613917,0.543667,-0.067117,-0.014251,-0.005415,January
17,0.269161,0.588976,0.510887,0.698510,0.615294,-0.071439,-0.022762,-0.022411,January
18,0.250924,0.627484,0.532861,0.719762,0.641609,-0.072128,-0.022638,-0.022802,January
19,0.245954,0.615537,0.557356,0.613172,0.654318,-0.072209,-0.023072,-0.022821,January
20,0.237124,0.679165,0.567929,0.574340,0.638902,-0.072148,-0.023116,-0.022808,January
21,0.233381,0.653342,0.580437,0.439997,0.476007,-0.072106,-0.023127,-0.022810,January
22,0.234662,0.645002,0.590783,0.466460,0.469564,-0.070875,-0.022419,-0.022244,January
23,0.229255,0.620687,0.601035,0.489255,0.488474,-0.068077,-0.020378,-0.017831,January
0,0.088307,0.869121,0.683233,0.132764,0.058239,-0.014436,-0.028083,-0.015107,March
1,0.049816,0.877754,0.673040,0.278258,0.118679,-0.017441,-0.027121,-0.015245,March
2,0.036588,0.890417,0.675850,0.088809,0.080566,-0.018731,-0.027376,-0.015279,March
3,0.040912,0.887345,0.645332,0.076438,0.057428,-0.018595,-0.024996,-0.015195,March
4,0.059578,0.855452,0.624318,0.120710,0.101739,-0.003775,-0.023326,-0.012119,March
5,0.042444,0.858713,0.649978,0.205291,0.129958,0.013547,-0.026097,0.005726,March
6,0.062070,0.837857,0.663738,0.290534,0.320597,0.051466,0.107796,0.100994,March
7,0.120532,0.764373,0.672783,0.394432,0.355917,0.268861,0.160443,0.274567,March
8,0.217093,0.716848,0.656002,0.311494,0.243071,0.459253,0.345437,0.397792,March
9,0.225925,0.600249,0.673800,0.144629,0.072318,0.539273,0.467356,0.419711,March
10,0.299365,0.495803,0.632213,-0.011051,0.027379,0.593148,0.587938,0.445219,March
11,0.351643,0.440031,0.621746,-0.018250,0.019362,0.617598,0.687258,0.489466,March
12,0.380072,0.424860,0.568455,0.330839,0.143054,0.618159,0.672704,0.462500,March
13,0.365586,0.432884,0.562440,0.215021,0.208870,0.523365,0.662119,0.380682,March
14,0.357278,0.455594,0.553528,0.238391,0.212410,0.379150,0.535208,0.227428,March
15,0.359314,0.468542,0.545583,0.218042,0.294591,0.139517,0.486875,0.204059,March
16,0.328489,0.645073,0.538281,0.446433,0.395676,0.026197,0.100421,0.121666,March
17,0.242725,0.773938,0.540123,0.523297,0.487175,-0.015270,-0.022192,-0.011989,March
18,0.209877,0.824099,0.544505,0.548071,0.535473,-0.018355,-0.029197,-0.015222,March
19,0.182046,0.827920,0.548415,0.544896,0.552196,-0.018695,-0.030457,-0.015247,March
20,0.186175,0.817934,0.543476,0.562837,0.558522,-0.017977,-0.030954,-0.015070,March
21,0.163705,0.787571,0.547004,0.562931,0.548463,-0.018001,-0.030971,-0.015166,March
22,0.135682,0.811076,0.540354,0.548626,0.544849,-0.015325,-0.030548,-0.014699,March
23,0.104769,0.838454,0.537500,0.527387,0.526612,-0.012912,-0.024432,-0.013822,March
0,0.320441,0.856461,0.413556,0.163848,0.182157,-0.041662,0.009922,-0.031023,December
1,0.315245,0.845724,0.407235,0.246775,0.226871,-0.043179,0.009473,-0.031441,December
2,0.313119,0.776430,0.416206,0.285039,0.210245,-0.043832,0.009220,-0.031519,December
3,0.309095,0.706874,0.420758,0.281917,0.260837,-0.043798,0.009699,-0.031268,December
4,0.323435,0.692675,0.434636,0.261021,0.192995,-0.040455,0.010701,-0.030894,December
5,0.321587,0.600784,0.435691,0.225240,0.230059,-0.039741,0.012548,-0.028855,December
6,0.321767,0.662261,0.481857,0.196792,0.227152,-0.030650,0.025215,-0.000628,December
7,0.325540,0.780925,0.488131,0.310051,0.402127,0.006751,0.131227,0.032178,December
8,0.409906,0.691003,0.493067,0.694041,0.624079,0.220437,0.357569,0.127160,December
9,0.416010,0.644890,0.500107,0.713252,0.545581,0.349480,0.520779,0.227950,December
10,0.427897,0.614725,0.491434,0.770471,0.726872,0.372861,0.554140,0.041561,December
11,0.426538,0.605420,0.476395,0.790548,0.763945,0.370136,0.557723,0.125632,December
12,0.435881,0.572982,0.455981,0.784011,0.682007,0.384522,0.530081,0.245888,December
13,0.425764,0.575304,0.472115,0.765358,0.724256,0.320999,0.384381,0.331670,December
14,0.409612,0.621491,0.482462,0.641147,0.693312,0.148207,0.270481,0.232376,December
15,0.383292,0.718171,0.506885,0.382736,0.571517,-0.016174,0.077546,0.074022,December
16,0.378102,0.730675,0.477746,0.517980,0.552245,-0.038440,0.013817,-0.025954,December
17,0.384651,0.700197,0.510358,0.534755,0.418437,-0.042747,0.008571,-0.030855,December
18,0.392156,0.737470,0.516465,0.521463,0.416495,-0.043661,0.008343,-0.031459,December
19,0.380788,0.733020,0.507401,0.504030,0.420505,-0.043821,0.008215,-0.031391,December
20,0.365312,0.726269,0.491020,0.328979,0.283215,-0.043605,0.008299,-0.031369,December
21,0.384139,0.623635,0.508936,0.409990,0.368156,-0.043658,0.008455,-0.031504,December
22,0.385688,0.592471,0.517711,0.429569,0.422435,-0.042681,0.009156,-0.031170,December
23,0.371416,0.628884,0.522366,0.390392,0.478546,-0.039747,0.010542,-0.029494,December
0,0.294263,0.866161,0.634832,0.185766,0.158732,-0.089797,-0.004844,-0.018356,April
1,0.296721,0.876589,0.632212,0.092254,0.072102,-0.090650,-0.006525,-0.018402,April
2,0.231498,0.845395,0.627868,0.119399,0.122716,-0.093524,-0.005905,-0.018609,April
3,0.240547,0.929741,0.622880,0.157041,0.153243,-0.093297,-0.006853,-0.018091,April
4,0.266630,0.936726,0.625260,0.183009,0.210375,-0.087593,0.006709,-0.014608,April
5,0.236511,0.936552,0.627278,0.134290,0.154823,-0.013257,0.067444,0.036979,April
6,0.329011,0.882623,0.628548,0.169350,0.073994,0.185688,0.349081,0.606798,April
7,0.351538,0.774593,0.630164,0.202744,0.075459,0.270344,0.526515,0.576954,April
8,0.373879,0.388193,0.634258,0.214470,0.121055,0.412266,0.687766,0.529592,April
9,0.387065,0.313539,0.634074,0.203033,0.080873,0.592063,0.710366,0.744954,April
10,0.414139,0.276017,0.633762,0.192194,0.075380,0.648244,0.701715,0.799697,April
11,0.421239,0.239088,0.628718,0.201250,0.070200,0.752356,0.719105,0.850837,April
12,0.432039,0.211369,0.618204,0.148053,-0.008574,0.732555,0.676132,0.852857,April
13,0.425996,0.215310,0.616782,0.128583,-0.001384,0.660825,0.666074,0.801725,April
14,0.405392,0.239393,0.609993,0.125208,0.008108,0.328370,0.503153,0.576711,April
15,0.377663,0.317073,0.606819,0.123482,-0.010541,0.246827,0.443119,0.486104,April
16,0.389008,0.387867,0.601610,0.095292,0.000639,0.061408,0.192478,0.459355,April
17,0.342323,0.495543,0.601984,0.077221,0.006518,-0.057743,0.040388,0.171052,April
18,0.262059,0.577018,0.604203,0.047797,0.007082,-0.093073,0.001060,-0.015179,April
19,0.232493,0.708165,0.607786,0.041571,0.014912,-0.093739,-0.006711,-0.018249,April
20,0.193122,0.827924,0.611701,0.055764,0.060814,-0.093470,-0.007200,-0.018240,April
21,0.180772,0.835446,0.612044,0.026389,0.013885,-0.092811,-0.007211,-0.018050,April
22,0.184566,0.774401,0.609734,0.035690,0.026689,-0.090633,-0.006979,-0.017438,April
23,0.175301,0.810391,0.608286,0.046644,0.051690,-0.086261,-0.005804,-0.012019,April
0,0.651021,0.910568,0.586428,0.609414,0.710320,-0.120990,-0.041823,-0.023165,September
1,0.652187,0.908477,0.585083,0.611759,0.732805,-0.121456,-0.042474,-0.023251,September
2,0.651010,0.903832,0.580451,0.628259,0.757288,-0.121614,-0.042594,-0.023251,September
3,0.651627,0.893305,0.568643,0.673522,0.771449,-0.121409,-0.042500,-0.022871,September
4,0.650774,0.887510,0.558545,0.652271,0.751262,-0.116686,-0.028940,-0.015527,September
5,0.657221,0.876026,0.560217,0.647625,0.754059,-0.064863,0.127034,0.007977,September
6,0.665661,0.760149,0.566168,0.654232,0.715080,0.037819,0.275938,0.169981,September
7,0.705551,0.701492,0.570682,0.674873,0.682031,0.480413,0.517186,0.517370,September
8,0.712094,0.589612,0.581986,0.750074,0.719488,0.493554,0.596364,0.655817,September
9,0.729530,0.565197,0.586256,0.659670,0.703696,0.625560,0.639648,0.700601,September
10,0.737257,0.558188,0.583672,0.642227,0.703105,0.742376,0.625360,0.769163,September
11,0.742997,0.554917,0.576443,0.667528,0.711756,0.774486,0.631392,0.775885,September
12,0.736059,0.590488,0.571133,0.718936,0.734468,0.749752,0.603902,0.773559,September
13,0.712868,0.656940,0.558166,0.739633,0.735508,0.502519,0.568053,0.618504,September
14,0.717145,0.642250,0.553595,0.707369,0.728684,0.320430,0.469303,0.561935,September
15,0.718810,0.660172,0.550059,0.636491,0.688682,0.186567,0.382794,0.616607,September
16,0.699967,0.768707,0.547691,0.467957,0.659961,-0.039918,0.071092,0.360228,September
17,0.693356,0.813543,0.547322,0.446833,0.656871,-0.113797,-0.035560,-0.004121,September
18,0.684814,0.838754,0.547435,0.491395,0.708893,-0.120789,-0.041173,-0.022423,September
19,0.673881,0.843260,0.549528,0.496827,0.744907,-0.121611,-0.042417,-0.023214,September
20,0.679611,0.865388,0.549351,0.495545,0.757309,-0.121399,-0.042490,-0.023037,September
21,0.663304,0.867437,0.551387,0.528151,0.745751,-0.121002,-0.042489,-0.023007,September
22,0.658090,0.908698,0.550787,0.473033,0.738810,-0.119950,-0.042018,-0.023065,September
23,0.656794,0.913952,0.551076,0.451308,0.722930,-0.118621,-0.038344,-0.022098,September
0,0.538182,0.772835,0.538345,0.500808,0.515568,-0.063130,-0.033244,-0.032102,August
1,0.528738,0.771180,0.535375,0.294982,0.503135,-0.064732,-0.029320,-0.032308,August
2,0.523329,0.796074,0.521326,0.231887,0.492228,-0.069962,-0.033673,-0.032505,August
3,0.520332,0.849347,0.521793,0.198124,0.462055,-0.069839,-0.032931,-0.032442,August
4,0.518563,0.884570,0.532773,0.276797,0.532882,-0.066418,-0.013012,-0.031469,August
5,0.523883,0.864296,0.524991,0.305697,0.546683,0.036013,0.217849,0.058990,August
6,0.565103,0.667030,0.538858,0.360096,0.431694,0.320965,0.241364,0.667074,August
7,0.630605,0.413799,0.539136,0.392420,0.371311,0.687093,0.344685,0.834088,August
8,0.712442,0.450141,0.542246,0.506379,0.433367,0.782471,0.350274,0.837032,August
9,0.729574,0.373824,0.556474,0.468160,0.425796,0.852354,0.570172,0.839848,August
10,0.745925,0.293448,0.552731,0.408957,0.430280,0.916954,0.626529,0.798016,August
11,0.744153,0.332490,0.545406,0.422948,0.499209,0.904876,0.680502,0.671996,August
12,0.716950,0.476998,0.534027,0.698717,0.584109,0.875091,0.633437,0.352620,August
13,0.691581,0.381178,0.525499,0.702070,0.595293,0.699180,0.627215,0.391041,August
14,0.721982,0.348591,0.520564,0.592619,0.552296,0.531813,0.430069,0.410687,August
15,0.737167,0.316716,0.507820,0.373442,0.463922,0.416780,0.307701,0.625553,August
16,0.710343,0.407176,0.495846,0.327324,0.504827,0.061833,0.151881,0.175880,August
17,0.660619,0.596166,0.502874,0.340062,0.568299,-0.031012,0.083775,0.083496,August
18,0.636335,0.636404,0.499741,0.299877,0.601464,-0.068677,-0.026800,-0.027092,August
19,0.592767,0.698340,0.504281,0.282641,0.610993,-0.067475,-0.034065,-0.031442,August
20,0.592296,0.778356,0.512543,0.325753,0.621688,-0.067080,-0.034813,-0.027756,August
21,0.543267,0.846532,0.514419,0.414577,0.624812,-0.067811,-0.034732,-0.029053,August
22,0.536395,0.879136,0.502605,0.329278,0.611345,-0.067376,-0.034076,-0.031793,August
23,0.542295,0.877499,0.503367,0.225060,0.596309,-0.066876,-0.031721,-0.029037,August
0,0.465677,0.813315,0.512118,0.501989,0.592483,-0.019456,-0.017307,-0.027017,September
1,0.466113,0.815407,0.501196,0.502601,0.643403,-0.019806,-0.017686,-0.027074,September
2,0.455511,0.808074,0.503406,0.540180,0.691001,-0.019929,-0.017742,-0.027078,September
3,0.462869,0.803936,0.481357,0.439074,0.611423,-0.019540,-0.017761,-0.026550,September
4,0.449890,0.817898,0.475459,0.458087,0.581655,-0.016913,-0.016148,-0.020836,September
5,0.459892,0.801050,0.482544,0.428632,0.515388,0.002282,0.028833,-0.001528,September
6,0.562799,0.692395,0.503772,0.365756,0.326422,0.174271,0.159174,0.535326,September
7,0.652355,0.509928,0.514856,0.375506,0.230956,0.415555,0.284354,0.568546,September
8,0.705856,0.192874,0.531613,0.327931,0.210832,0.551156,0.287242,0.789474,September
9,0.743581,0.111327,0.571700,0.329974,0.196875,0.770628,0.397890,0.926027,September
10,0.755281,0.092146,0.559879,0.362406,0.217977,0.803729,0.425834,0.940520,September
11,0.757563,0.086209,0.558991,0.424336,0.267255,0.811137,0.418322,0.943307,September
12,0.722966,0.172386,0.548124,0.420904,0.242627,0.667969,0.409365,0.817614,September
13,0.675734,0.212004,0.519540,0.410273,0.263981,0.478201,0.364289,0.415737,September
14,0.700872,0.145594,0.490673,0.473291,0.281589,0.519845,0.269159,0.807737,September
15,0.707533,0.148582,0.465764,0.374041,0.288293,0.353546,0.180965,0.873366,September
16,0.658305,0.208905,0.445038,0.285226,0.291847,0.081558,0.054253,0.367071,September
17,0.565652,0.437122,0.445526,0.396195,0.454452,-0.012727,-0.014175,0.008425,September
18,0.563722,0.497311,0.449340,0.563051,0.616331,-0.019391,-0.017075,-0.024787,September
19,0.496446,0.590205,0.461265,0.613427,0.687151,-0.019830,-0.017672,-0.026900,September
20,0.490186,0.456940,0.468630,0.548675,0.683014,-0.019596,-0.017736,-0.026410,September
21,0.461113,0.576050,0.496332,0.570031,0.631957,-0.018800,-0.017643,-0.026502,September
22,0.452140,0.705823,0.516214,0.505261,0.649240,-0.018769,-0.017365,-0.026729,September
23,0.442297,0.763177,0.532867,0.530956,0.659003,-0.016622,-0.015071,-0.026045,September
0,0.125144,0.676912,0.738281,0.280885,0.225075,-0.070757,-0.022659,-0.041858,March
1,0.065392,0.726633,0.733032,0.178224,0.190347,-0.072617,-0.023324,-0.043433,March
2,0.062829,0.797751,0.733191,0.278528,0.248932,-0.072753,-0.023655,-0.043654,March
3,0.058458,0.717643,0.735314,0.298484,0.361473,-0.072843,-0.023606,-0.043488,March
4,0.095537,0.676128,0.730000,0.386526,0.453950,-0.071609,-0.022381,-0.043189,March
5,0.075174,0.691293,0.729262,0.468880,0.469254,-0.066930,-0.018906,-0.024688,March
6,0.108010,0.673153,0.746142,0.486762,0.481264,-0.037854,0.079954,0.115048,March
7,0.184549,0.439939,0.771955,0.383797,0.448540,0.279246,0.462066,0.658357,March
8,0.233147,0.401792,0.814829,0.516840,0.454907,0.444254,0.505929,0.777397,March
9,0.233643,0.346428,0.805730,0.520312,0.435159,0.460405,0.491941,0.764966,March
10,0.349661,0.476384,0.786596,0.522600,0.464246,0.735573,0.527078,0.876252,March
11,0.364165,0.314152,0.759491,0.513427,0.459888,0.764343,0.528660,0.894525,March
12,0.364981,0.207782,0.740838,0.237413,0.249697,0.741406,0.416910,0.898301,March
13,0.361923,0.192514,0.731471,0.183455,0.162377,0.597984,0.494170,0.850286,March
14,0.345245,0.196492,0.733511,0.217019,0.202666,0.235098,0.407431,0.702310,March
15,0.294979,0.216509,0.735819,0.284339,0.253470,0.146455,0.378569,0.579317,March
16,0.314910,0.326928,0.760107,0.289689,0.316075,0.019003,0.149789,0.410154,March
17,0.254900,0.456703,0.793536,0.246032,0.273664,-0.064433,-0.013270,-0.011441,March
18,0.210343,0.690689,0.830602,0.218742,0.227730,-0.071738,-0.018801,-0.042332,March
19,0.196638,0.564438,0.835370,0.157774,0.237578,-0.072339,-0.023457,-0.043381,March
20,0.175418,0.709170,0.839324,0.099525,0.180999,-0.071869,-0.023657,-0.042531,March
21,0.164832,0.703748,0.843902,0.098620,0.113412,-0.071824,-0.023628,-0.043050,March
22,0.099565,0.744807,0.847596,0.094576,0.109506,-0.068228,-0.023357,-0.041946,March
23,0.054967,0.770514,0.848545,0.123972,0.123053,-0.060231,-0.022634,-0.036567,March
0,0.565034,0.853135,0.552098,0.240110,0.231664,-0.120421,-0.057313,-0.048130,August
1,0.543111,0.863113,0.549494,0.214516,0.220841,-0.120884,-0.060574,-0.048208,August
2,0.524934,0.884232,0.546129,0.201340,0.203892,-0.121396,-0.061278,-0.048262,August
3,0.514710,0.922740,0.546532,0.178799,0.179922,-0.121149,-0.061300,-0.047268,August
4,0.515262,0.912310,0.548143,0.107222,0.157133,-0.117270,-0.007220,-0.040663,August
5,0.549352,0.896584,0.549450,0.154909,0.164820,-0.009284,0.268874,0.171346,August
6,0.557636,0.787142,0.551971,0.168142,0.108495,0.099325,0.722009,0.422192,August
7,0.638531,0.664715,0.553341,0.075347,0.049124,0.489605,0.880128,0.804833,August
8,0.733951,0.355311,0.553796,-0.006182,0.045215,0.582732,0.875566,0.826948,August
9,0.768524,0.272560,0.553771,-0.011567,0.041499,0.747371,0.914555,0.876742,August
10,0.808398,0.176637,0.551494,-0.013992,0.042390,0.797587,0.923707,0.885387,August
11,0.828372,0.105454,0.543343,-0.000521,0.047618,0.799384,0.921618,0.885433,August
12,0.835787,0.087850,0.539805,0.188551,0.096965,0.793502,0.914249,0.883224,August
13,0.825952,0.097178,0.537714,0.199239,0.151722,0.729231,0.866299,0.869995,August
14,0.815517,0.121544,0.535235,0.160189,0.093125,0.482505,0.832841,0.785038,August
15,0.815741,0.136892,0.533469,0.174359,0.128703,0.279442,0.704057,0.613752,August
16,0.760455,0.232287,0.534191,0.204369,0.125288,0.098717,0.474840,0.359432,August
17,0.709400,0.354052,0.533220,0.216046,0.184779,-0.057335,0.134241,0.267310,August
18,0.648006,0.423187,0.532554,0.224550,0.193894,-0.120669,-0.045828,-0.044664,August
19,0.588859,0.611077,0.533181,0.217167,0.224306,-0.121266,-0.059980,-0.048117,August
20,0.569331,0.670431,0.534668,0.284287,0.244591,-0.120475,-0.060978,-0.047592,August
21,0.545477,0.783748,0.534239,0.254472,0.235024,-0.118561,-0.060677,-0.046436,August
22,0.546732,0.847433,0.535072,0.243622,0.215994,-0.117234,-0.059778,-0.044528,August
23,0.535071,0.842246,0.534192,0.217184,0.222688,-0.115043,-0.052278,-0.041800,August
0,0.502692,0.935005,0.535036,0.355271,0.375512,-0.000681,-0.033462,-0.045109,June
1,0.495271,0.935391,0.529002,0.231298,0.305373,-0.003835,-0.036234,-0.045347,June
2,0.488362,0.948509,0.526842,0.287146,0.378111,-0.004974,-0.037022,-0.045411,June
3,0.495219,0.949603,0.527479,0.330808,0.442988,-0.005084,-0.036942,-0.045436,June
4,0.516345,0.925543,0.532458,0.360306,0.458672,-0.003030,-0.003696,-0.042066,June
5,0.600477,0.840516,0.533319,0.245086,0.394721,0.065960,0.057110,0.097341,June
6,0.640642,0.619778,0.539134,0.358859,0.427720,0.179632,0.303309,0.495703,June
7,0.695652,0.428701,0.544793,0.435190,0.460703,0.666318,0.435868,0.761482,June
8,0.665241,0.470879,0.562629,0.597993,0.498495,0.848649,0.438377,0.856800,June
9,0.710390,0.429101,0.572382,0.598500,0.524633,0.883491,0.446265,0.859003,June
10,0.726610,0.492295,0.576585,0.598979,0.513096,0.954865,0.472542,0.873939,June
11,0.727040,0.476721,0.575414,0.593353,0.545812,0.999859,0.454070,0.898037,June
12,0.727159,0.455292,0.583058,0.528170,0.455148,0.943841,0.351880,0.905164,June
13,0.734377,0.391805,0.571411,0.436411,0.357584,0.786254,0.388183,0.755312,June
14,0.727507,0.351825,0.578840,0.370929,0.391579,0.538179,0.294036,0.628751,June
15,0.712790,0.356042,0.581082,0.312944,0.325925,0.482194,0.300521,0.644340,June
16,0.686111,0.629101,0.561833,0.357241,0.290451,0.176894,0.115755,0.460939,June
17,0.669266,0.628610,0.580512,0.281853,0.296765,0.065964,0.004900,0.264547,June
18,0.630343,0.606311,0.583631,0.234591,0.320723,-0.000093,-0.032600,-0.015766,June
19,0.572456,0.554777,0.595322,0.208994,0.326713,0.002374,-0.037743,-0.036140,June
20,0.541174,0.658607,0.613653,0.237350,0.427536,-0.001866,-0.037598,-0.041595,June
21,0.518251,0.636877,0.619512,0.241468,0.373113,-0.002516,-0.036352,-0.043519,June
22,0.515140,0.674176,0.623784,0.234941,0.402309,0.005584,-0.035267,-0.043669,June
23,0.503949,0.668298,0.625206,0.203025,0.322236,0.010593,-0.035112,-0.034870,June
0,0.331074,0.883387,0.603606,0.224288,0.295361,-0.016576,0.002319,0.004440,December
1,0.347754,0.902663,0.603596,0.184287,0.267774,-0.019464,-0.002169,0.004042,December
2,0.300157,0.896805,0.603872,0.193923,0.282762,-0.020420,-0.005374,0.003957,December
3,0.262582,0.926274,0.604834,0.225419,0.318574,-0.020429,-0.004630,0.004063,December
4,0.295494,0.866508,0.604697,0.243017,0.298942,-0.018925,-0.004651,0.004356,December
5,0.273717,0.865789,0.608709,0.297437,0.326815,-0.016558,-0.005192,0.006483,December
6,0.243682,0.912086,0.609531,0.246163,0.319720,-0.012050,-0.000318,0.005464,December
7,0.245561,0.956736,0.617551,0.129104,0.220793,0.002149,0.072231,0.014558,December
8,0.283537,0.874108,0.621550,0.125452,0.191609,0.037541,0.424243,0.030573,December
9,0.331721,0.761175,0.616347,0.150207,0.224841,0.135758,0.494527,0.070071,December
10,0.393813,0.582672,0.630187,0.234891,0.230433,0.223990,0.544876,0.135053,December
11,0.376651,0.574884,0.635530,0.293160,0.311545,0.231873,0.487591,0.145268,December
12,0.379969,0.549970,0.642854,0.233032,0.229704,0.167473,0.492765,0.105027,December
13,0.397201,0.545590,0.647093,0.230742,0.249281,0.091919,0.578909,0.043458,December
14,0.381475,0.629395,0.661416,0.268173,0.299720,0.066293,0.456872,0.043445,December
15,0.340084,0.711940,0.675393,0.227364,0.294846,-0.005688,0.121571,0.022599,December
16,0.293159,0.832365,0.694665,0.184640,0.213840,-0.018190,-0.000319,0.004241,December
17,0.303172,0.758905,0.702625,0.162552,0.189540,-0.019814,-0.005082,0.004062,December
18,0.284374,0.761123,0.696673,0.154480,0.174752,-0.020531,-0.005657,0.003954,December
19,0.257867,0.846678,0.702791,0.147437,0.163937,-0.020512,-0.005743,0.003990,December
20,0.257689,0.830650,0.710745,0.143394,0.167044,-0.019867,-0.005599,0.004026,December
21,0.240154,0.929397,0.713820,0.157432,0.158607,-0.020108,-0.005480,0.003979,December
22,0.237815,0.932231,0.714321,0.128132,0.169660,-0.020170,-0.003861,0.003985,December
23,0.236905,0.948221,0.714978,0.111269,0.164924,-0.019810,0.003429,0.004083,December
0,0.391931,0.937056,0.606213,0.113432,0.136578,-0.025373,-0.030774,-0.073380,June
1,0.370359,0.896984,0.605668,0.112915,0.114211,-0.032881,-0.031473,-0.074160,June
2,0.366684,0.965673,0.605566,0.117615,0.121155,-0.035666,-0.031679,-0.074467,June
3,0.365529,0.967057,0.606225,0.123677,0.203921,-0.035893,-0.031385,-0.074476,June
4,0.374763,0.937240,0.606910,0.127987,0.236155,-0.033676,-0.015854,-0.073283,June
5,0.478476,0.849843,0.615135,0.204629,0.365825,0.143558,0.152877,0.374096,June
6,0.542177,0.748793,0.620005,0.270169,0.351297,0.245952,0.154583,0.312672,June
7,0.684573,0.524376,0.636457,0.254968,0.345123,0.454005,0.258120,0.584768,June
8,0.716875,0.356464,0.633543,0.232208,0.341748,0.562093,0.331176,0.824816,June
9,0.781532,0.273475,0.655016,0.320494,0.324709,0.758877,0.370051,0.880437,June
10,0.809405,0.179391,0.654857,0.355463,0.327619,0.947536,0.451754,0.924314,June
11,0.800033,0.195824,0.666111,0.378781,0.411429,1.008588,0.244513,0.897211,June
12,0.751938,0.301805,0.672767,0.411528,0.460740,0.653791,0.267456,0.706006,June
13,0.742146,0.395003,0.660869,0.410521,0.453846,0.519258,0.345114,0.442848,June
14,0.744130,0.292066,0.657311,0.400180,0.413494,0.631755,0.300218,0.797269,June
15,0.786508,0.155905,0.657507,0.389998,0.425626,0.467356,0.347392,0.755404,June
16,0.708042,0.550978,0.662631,0.245330,0.333140,0.116197,0.127049,0.017668,June
17,0.691910,0.596087,0.674609,0.258900,0.354298,0.150531,0.061356,0.164420,June
18,0.600605,0.709161,0.673147,0.188801,0.360659,-0.024693,-0.006650,-0.052925,June
19,0.459291,0.683449,0.674509,0.188981,0.413555,-0.033839,-0.028499,-0.074014,June
20,0.415058,0.898474,0.686180,0.167581,0.368669,-0.034147,-0.028565,-0.073364,June
21,0.394913,0.900208,0.688086,0.123838,0.207315,-0.031500,-0.028657,-0.067855,June
22,0.388696,0.883398,0.687025,0.116688,0.135590,-0.023045,-0.027286,-0.066521,June
23,0.387607,0.810749,0.685818,0.142264,0.255266,-0.019281,-0.028434,-0.033081,June
0,0.214475,0.893862,0.848755,0.067770,0.072057,-0.022796,-0.030860,-0.031669,January
1,0.190628,0.921698,0.849723,0.017634,0.046312,-0.024215,-0.031800,-0.034970,January
2,0.163087,0.950896,0.850481,0.015029,0.077132,-0.026230,-0.031980,-0.035445,January
3,0.144708,0.957432,0.848756,0.018411,0.123175,-0.026498,-0.032225,-0.035468,January
4,0.087999,0.987468,0.845279,0.081986,0.295486,-0.026392,-0.030553,-0.035455,January
5,0.104369,0.971815,0.844494,0.091351,0.298903,-0.024854,-0.031689,-0.034031,January
6,0.077490,0.965754,0.859493,0.083592,0.259758,-0.012358,-0.021574,-0.028660,January
7,0.115090,0.895991,0.871907,0.048389,0.137667,0.087600,0.073931,0.251367,January
8,0.306931,0.678840,0.863452,0.044926,0.065541,0.256262,0.301884,0.609706,January
9,0.330144,0.514714,0.872390,0.102004,0.120036,0.451925,0.310882,0.726796,January
10,0.337193,0.443246,0.873731,0.224006,0.136506,0.471123,0.365971,0.730549,January
11,0.330542,0.438519,0.869059,0.287565,0.205937,0.464491,0.411801,0.686354,January
12,0.331482,0.435397,0.865442,0.308161,0.267670,0.421828,0.437519,0.280041,January
13,0.305555,0.438150,0.855975,0.316212,0.316246,0.312802,0.420987,0.325643,January
14,0.209798,0.485857,0.863030,0.310300,0.322263,0.179444,0.371395,0.037001,January
15,0.169029,0.536622,0.864584,0.206394,0.278400,0.045252,0.277697,0.026703,January
16,0.144852,0.685627,0.845200,0.144973,0.264665,-0.023256,-0.024744,-0.024351,January
17,0.155314,0.694743,0.859438,0.066529,0.173495,-0.025858,-0.032161,-0.033808,January
18,0.151119,0.693091,0.872147,0.112805,0.219706,-0.026436,-0.032443,-0.035296,January
19,0.085359,0.772347,0.883027,0.097936,0.259008,-0.026499,-0.032491,-0.035405,January
20,0.070806,0.851378,0.886349,0.106568,0.273903,-0.026443,-0.032437,-0.035432,January
21,0.055281,0.799289,0.886651,0.122048,0.221377,-0.026390,-0.032384,-0.035398,January
22,0.051343,0.756073,0.886425,0.071953,0.181865,-0.026082,-0.032124,-0.034778,January
23,0.044997,0.749060,0.888205,0.031620,0.139808,-0.023599,-0.027912,-0.030615,January
0,0.568168,0.854901,0.538804,0.061244,0.129368,-0.126098,-0.099928,-0.055009,July
1,0.571180,0.883433,0.537162,0.081196,0.215472,-0.126388,-0.100663,-0.055063,July
2,0.561195,0.815313,0.531689,0.012935,0.117472,-0.127458,-0.100478,-0.055048,July
3,0.559621,0.892989,0.516427,0.077540,0.165921,-0.126576,-0.100640,-0.053601,July
4,0.570088,0.861234,0.522899,0.149734,0.200927,-0.107783,-0.053740,-0.015327,July
5,0.617510,0.884031,0.525340,0.170501,0.201203,0.160944,0.429558,0.423428,July
6,0.665179,0.687402,0.525677,0.185390,0.060735,0.248344,0.741372,0.634648,July
7,0.794377,0.433536,0.518103,0.342008,0.096778,0.386857,0.699548,0.720113,July
8,0.833565,0.259628,0.519277,0.363802,0.228644,0.573933,0.883830,0.889052,July
9,0.842264,0.206930,0.530324,0.366682,0.245463,0.716579,0.839193,0.869609,July
10,0.840204,0.158397,0.535778,0.366481,0.229716,0.805296,0.875559,0.892814,July
11,0.854753,0.136978,0.530926,0.365948,0.240651,0.868514,0.935456,0.926251,July
12,0.885829,0.112695,0.518274,0.342425,0.142863,0.838827,0.866566,0.929751,July
13,0.885874,0.105864,0.509756,0.307025,0.094224,0.827839,0.884638,0.920820,July
14,0.882384,0.110087,0.504457,0.230714,0.080078,0.706300,0.778211,0.914662,July
15,0.880489,0.129495,0.498995,0.103228,0.005573,0.526772,0.677864,0.876393,July
16,0.842963,0.201647,0.496779,0.073085,-0.003244,0.170318,0.297225,0.583206,July
17,0.806363,0.360397,0.497689,-0.006777,-0.038088,-0.014998,0.119779,0.219738,July
18,0.689669,0.600314,0.498386,-0.017352,-0.018185,-0.124920,-0.066228,-0.047861,July
19,0.600957,0.810084,0.503530,0.003986,0.031993,-0.126946,-0.099199,-0.054469,July
20,0.598634,0.859910,0.511828,0.047183,0.138069,-0.126519,-0.100194,-0.053582,July
21,0.580229,0.891235,0.524527,0.114089,0.194268,-0.121965,-0.100492,-0.046629,July
22,0.570547,0.931385,0.526806,0.078883,0.157955,-0.119573,-0.097579,-0.053168,July
23,0.572572,0.936185,0.530719,0.001879,0.053331,-0.119357,-0.095380,-0.047410,July
0,0.485502,0.834452,0.512019,0.349858,0.400404,-0.051319,-0.047675,-0.035383,August
1,0.480227,0.818246,0.508840,0.270364,0.317526,-0.052263,-0.048253,-0.036021,August
2,0.474385,0.850834,0.508054,0.296474,0.334991,-0.052457,-0.048392,-0.036048,August
3,0.471167,0.870131,0.508415,0.332813,0.433050,-0.052702,-0.048414,-0.035983,August
4,0.468560,0.849936,0.510554,0.303454,0.373109,-0.052372,-0.035132,-0.035503,August
5,0.539571,0.726163,0.513076,0.331242,0.453883,-0.027803,0.105329,0.031744,August
6,0.643609,0.500227,0.533245,0.450322,0.506243,0.066839,0.359881,0.354789,August
7,0.695767,0.306504,0.548081,0.483897,0.458130,0.439143,0.437938,0.795092,August
8,0.752365,0.280070,0.558800,0.545932,0.468099,0.607414,0.404944,0.818733,August
9,0.789820,0.234252,0.569171,0.635595,0.506685,0.794815,0.466528,0.857533,August
10,0.802635,0.203283,0.559640,0.611381,0.442977,0.880819,0.492333,0.880456,August
11,0.804875,0.218193,0.546282,0.587020,0.446767,0.891040,0.466272,0.883866,August
12,0.803412,0.279000,0.554589,0.655675,0.518191,0.861637,0.431991,0.879144,August
13,0.797314,0.299589,0.544023,0.563570,0.447050,0.777164,0.425982,0.842570,August
14,0.793897,0.243973,0.546479,0.459494,0.387977,0.614947,0.375919,0.823553,August
15,0.784455,0.286063,0.544443,0.400678,0.376591,0.271939,0.291506,0.788306,August
16,0.780326,0.363659,0.542666,0.558248,0.373655,0.264602,0.234100,0.416399,August
17,0.698799,0.507251,0.543848,0.506582,0.419501,0.032302,0.065314,0.328198,August
18,0.633904,0.699518,0.548022,0.496025,0.566603,-0.050660,-0.039104,-0.031627,August
19,0.610831,0.774009,0.551343,0.551856,0.582748,-0.051398,-0.047970,-0.035124,August
20,0.653428,0.619240,0.548291,0.555492,0.583748,-0.049476,-0.048329,-0.031483,August
21,0.598171,0.601827,0.540487,0.512505,0.598885,-0.049039,-0.048121,-0.027643,August
22,0.596221,0.778822,0.546046,0.416915,0.591242,-0.048967,-0.047863,-0.034300,August
23,0.561080,0.706645,0.547475,0.387094,0.578946,-0.046821,-0.046601,-0.027782,August
0,0.256907,0.815374,0.548826,0.188492,0.267515,-0.019070,-0.028399,-0.017541,December
1,0.233376,0.723904,0.526984,0.272736,0.448296,-0.019746,-0.028959,-0.017664,December
2,0.241318,0.707634,0.501150,0.190962,0.428362,-0.020401,-0.029112,-0.017771,December
3,0.220044,0.740443,0.512946,0.144049,0.319901,-0.020391,-0.029161,-0.017708,December
4,0.211884,0.870216,0.536942,0.256819,0.454808,-0.020287,-0.028688,-0.017711,December
5,0.218654,0.861693,0.527844,0.215439,0.420582,-0.018762,-0.026211,-0.017387,December
6,0.216811,0.869009,0.534583,0.191690,0.397557,-0.006889,-0.014908,-0.013742,December
7,0.265841,0.788801,0.531250,0.140162,0.215210,0.067239,0.234930,0.112951,December
8,0.266783,0.810010,0.549599,0.116397,0.239589,0.179273,0.320904,0.168580,December
9,0.331421,0.680779,0.531766,0.109746,0.190618,0.249761,0.410642,0.278920,December
10,0.368849,0.613129,0.500181,0.148788,0.246528,0.251710,0.372953,0.288051,December
11,0.373137,0.626850,0.510384,0.190173,0.318586,0.186102,0.284669,0.105924,December
12,0.309680,0.761816,0.527729,0.396980,0.441182,0.147579,0.430793,0.003097,December
13,0.337108,0.759910,0.515189,0.512433,0.514648,0.061966,0.402858,-0.012561,December
14,0.316762,0.745913,0.506394,0.542178,0.543759,0.064979,0.231006,0.000590,December
15,0.349652,0.747904,0.499746,0.459275,0.515002,0.014241,0.033964,-0.011693,December
16,0.330050,0.808417,0.476906,0.396202,0.458848,-0.013896,-0.016720,-0.016183,December
17,0.335744,0.801113,0.460589,0.378363,0.457968,-0.017699,-0.027984,-0.017555,December
18,0.338519,0.823211,0.451908,0.430262,0.462910,-0.020233,-0.028416,-0.017774,December
19,0.335109,0.851810,0.444861,0.388273,0.486197,-0.020400,-0.028773,-0.017782,December
20,0.302324,0.872165,0.442643,0.315433,0.400790,-0.020169,-0.028967,-0.017772,December
21,0.301035,0.871677,0.437403,0.277718,0.324373,-0.020192,-0.029095,-0.017770,December
22,0.299780,0.862631,0.432964,0.313461,0.387278,-0.019221,-0.028950,-0.017563,December
23,0.275880,0.877107,0.431870,0.434555,0.525124,-0.019353,-0.028507,-0.017216,December
0,0.563213,0.776834,0.500626,0.313041,0.313032,0.022873,-0.030826,-0.056218,June
1,0.616693,0.707741,0.499789,0.467701,0.401799,0.026706,-0.048416,-0.046760,June
2,0.577366,0.711333,0.499932,0.173932,0.242144,0.018603,-0.063499,-0.035517,June
3,0.495527,0.772166,0.499834,0.101856,0.175736,0.081827,-0.064609,0.083013,June
4,0.473231,0.877922,0.500838,0.059376,0.109153,0.036155,-0.045820,0.424891,June
5,0.529514,0.815166,0.502378,0.077742,0.197086,0.157396,0.048176,0.548590,June
6,0.583237,0.723577,0.506508,0.173414,0.149091,0.195494,0.220036,0.256012,June
7,0.723215,0.403489,0.506614,0.302413,0.157095,0.645725,0.750039,0.779425,June
8,0.674419,0.565538,0.512724,0.219333,0.164898,0.710822,0.293531,0.845619,June
9,0.774995,0.306340,0.513201,0.387352,0.217396,0.782003,0.262329,0.872004,June
10,0.818221,0.318174,0.521232,0.372381,0.214467,0.911310,0.467279,0.869979,June
11,0.779979,0.387034,0.526932,0.258170,0.273541,0.979909,0.293960,0.697527,June
12,0.580071,0.855637,0.535708,0.105235,0.212479,0.532194,0.451544,0.627162,June
13,0.607004,0.847703,0.556559,0.114541,0.131637,0.383992,0.656945,0.185015,June
14,0.597636,0.782184,0.575968,0.237800,0.191048,0.356983,0.416114,0.037671,June
15,0.625738,0.641966,0.580861,0.371181,0.235201,0.403231,0.441373,0.293609,June
16,0.559557,0.712167,0.567501,0.400851,0.303881,0.084352,0.197301,-0.000563,June
17,0.578127,0.698401,0.568588,0.476179,0.411500,0.059737,0.128751,-0.012498,June
18,0.551551,0.532875,0.567710,0.216463,0.396462,0.018548,-0.008158,-0.056899,June
19,0.478800,0.528672,0.570909,0.200856,0.426501,0.035427,-0.062668,-0.043096,June
20,0.481011,0.705618,0.583450,0.481850,0.500068,0.054532,-0.049895,-0.027025,June
21,0.464265,0.549719,0.585145,0.415582,0.494500,0.048215,-0.008540,-0.009597,June
22,0.450621,0.654985,0.586079,0.346414,0.431475,0.047299,-0.024114,-0.050812,June
23,0.460826,0.479372,0.586401,0.219171,0.358005,0.103065,0.005946,0.081011,June
0,0.277727,0.886831,0.570771,0.343367,0.371287,-0.006631,-0.007344,0.032136,November
1,0.249370,0.901724,0.569419,0.220505,0.199140,-0.008749,-0.007800,0.031990,November
2,0.215043,0.936286,0.569262,0.164797,0.188960,-0.009347,-0.007957,0.031955,November
3,0.206520,0.952606,0.568922,0.201258,0.163728,-0.009519,-0.006938,0.032017,November
4,0.234816,0.905692,0.574100,0.186582,0.113579,-0.007987,-0.005055,0.032591,November
5,0.227890,0.841175,0.598676,0.227543,0.229877,-0.000211,-0.006840,0.043141,November
6,0.228609,0.860732,0.604007,0.199082,0.234555,0.005928,0.004115,0.046785,November
7,0.294125,0.865839,0.625939,0.223843,0.343403,0.108449,0.103522,0.135802,November
8,0.386292,0.738619,0.614057,0.328167,0.436409,0.251597,0.201141,0.517459,November
9,0.431456,0.597429,0.627160,0.334814,0.351473,0.423630,0.228112,0.711754,November
10,0.457394,0.509462,0.639722,0.401901,0.335166,0.498877,0.273403,0.724827,November
11,0.470670,0.468401,0.618316,0.405807,0.356826,0.503373,0.266690,0.750348,November
12,0.482078,0.412662,0.618595,0.312705,0.205207,0.447933,0.224213,0.728217,November
13,0.482068,0.405823,0.617567,0.329741,0.262576,0.309802,0.186955,0.673887,November
14,0.480784,0.417228,0.626428,0.349082,0.369252,0.212043,0.139963,0.675380,November
15,0.458475,0.498544,0.635228,0.344849,0.432876,0.030559,0.034081,0.255842,November
16,0.351492,0.724194,0.635799,0.345508,0.339883,-0.004559,-0.005528,0.048113,November
17,0.327604,0.741917,0.648916,0.315455,0.267426,-0.008541,-0.007931,0.034099,November
18,0.292679,0.829905,0.664252,0.331251,0.269923,-0.009459,-0.008005,0.032021,November
19,0.279559,0.884315,0.666748,0.301600,0.344826,-0.009563,-0.008056,0.032044,November
20,0.325950,0.788877,0.670667,0.359855,0.409167,-0.009305,-0.008046,0.032105,November
21,0.347438,0.724042,0.674077,0.339153,0.423414,-0.009399,-0.007978,0.032006,November
22,0.361337,0.687952,0.675525,0.378146,0.455500,-0.008865,-0.007643,0.032622,November
23,0.304235,0.744542,0.675540,0.400684,0.477493,-0.007735,-0.006286,0.033102,November
0,0.529331,0.694016,0.537004,0.345552,0.407807,-0.046883,-0.048622,-0.028018,August
1,0.531814,0.608643,0.535619,0.238960,0.315023,-0.049137,-0.049369,-0.028488,August
2,0.504306,0.641964,0.535305,0.250638,0.342290,-0.051170,-0.050682,-0.028374,August
3,0.496870,0.732356,0.535387,0.293492,0.412266,-0.051903,-0.050680,-0.028502,August
4,0.478961,0.736964,0.535923,0.272816,0.424271,-0.051042,-0.026396,-0.027566,August
5,0.510794,0.653578,0.536486,0.309405,0.465817,0.006668,0.175121,0.108546,August
6,0.581785,0.446941,0.541017,0.518828,0.491247,0.229260,0.342076,0.365559,August
7,0.737101,0.265609,0.545384,0.575544,0.489730,0.608287,0.423099,0.818173,August
8,0.723119,0.279328,0.545347,0.551478,0.477824,0.775774,0.261501,0.855022,August
9,0.795294,0.180272,0.548697,0.531050,0.454831,0.865126,0.272366,0.863600,August
10,0.837291,0.127942,0.551750,0.558409,0.394795,0.942736,0.375190,0.897009,August
11,0.840964,0.180046,0.549162,0.513211,0.431464,0.939406,0.362147,0.858039,August
12,0.742526,0.443835,0.555445,0.460507,0.409862,0.829220,0.472844,0.580569,August
13,0.782953,0.368899,0.546787,0.374246,0.342327,0.555640,0.506835,0.178535,August
14,0.812718,0.242727,0.557157,0.448263,0.337593,0.541136,0.448504,0.292359,August
15,0.807729,0.185015,0.557094,0.532911,0.400114,0.370093,0.364116,0.535323,August
16,0.769600,0.266863,0.552766,0.488827,0.425888,0.099486,0.034694,0.256296,August
17,0.689729,0.463943,0.568481,0.486357,0.445847,-0.019799,-0.014342,0.109533,August
18,0.606845,0.498715,0.578845,0.342454,0.420634,-0.050732,-0.041409,-0.027332,August
19,0.572834,0.725328,0.582151,0.314250,0.395333,-0.051984,-0.050283,-0.028820,August
20,0.582819,0.750998,0.589085,0.467005,0.469259,-0.051039,-0.050429,-0.028530,August
21,0.544523,0.731327,0.589798,0.350318,0.488246,-0.047815,-0.050123,-0.024939,August
22,0.509463,0.772919,0.590489,0.357201,0.371868,-0.047531,-0.050167,-0.027466,August
23,0.511850,0.797829,0.590632,0.246420,0.385267,-0.041639,-0.049251,-0.017537,August
0,0.234273,1.042891,0.744992,0.229073,0.323758,-0.015073,-0.012339,-0.088451,October
1,0.224718,1.058258,0.742136,0.174679,0.293007,-0.015993,-0.012466,-0.088691,October
2,0.210422,1.057056,0.738987,0.147605,0.221201,-0.016628,-0.012477,-0.088677,October
3,0.208781,1.088901,0.739228,0.150194,0.247200,-0.016735,-0.012307,-0.088653,October
4,0.204168,1.084385,0.739316,0.149955,0.176905,-0.014399,0.002494,-0.087483,October
5,0.207465,1.096864,0.745856,0.181205,0.292837,0.018324,0.028076,-0.050036,October
6,0.220258,1.051318,0.769814,0.283583,0.345019,0.058747,0.232238,-0.016110,October
7,0.371657,0.968004,0.801300,0.307398,0.366564,0.344824,0.326855,0.139561,October
8,0.445675,0.679210,0.803195,0.298384,0.259345,0.382872,0.342665,0.319729,October
9,0.508264,0.439581,0.807855,0.207808,0.177501,0.671174,0.374935,0.880175,October
10,0.532953,0.318198,0.811141,0.230295,0.171279,0.715712,0.356890,0.952795,October
11,0.542859,0.308679,0.798298,0.314515,0.175529,0.724190,0.339691,0.955521,October
12,0.545804,0.319522,0.792389,0.367419,0.297342,0.624590,0.364484,0.903389,October
13,0.490994,0.356226,0.764208,0.366430,0.325903,0.405630,0.326722,0.818157,October
14,0.457858,0.424945,0.761123,0.362010,0.286766,0.417317,0.282976,0.687659,October
15,0.403222,0.466296,0.754480,0.354832,0.288901,0.174216,0.220336,0.553036,October
16,0.394032,0.757228,0.767857,0.238602,0.299226,-0.000083,0.008847,-0.051772,October
17,0.385339,0.803717,0.777889,0.195307,0.278283,-0.009376,-0.010359,-0.081281,October
18,0.351652,0.875800,0.797487,0.202692,0.304714,-0.016480,-0.012062,-0.088270,October
19,0.294976,0.917895,0.803632,0.209110,0.343816,-0.016693,-0.012470,-0.088615,October
20,0.288442,1.004673,0.822877,0.164428,0.285364,-0.016406,-0.012409,-0.088423,October
21,0.242464,1.067775,0.826873,0.167258,0.244050,-0.016426,-0.012264,-0.088375,October
22,0.227647,1.073796,0.830081,0.155295,0.270824,-0.015193,-0.011683,-0.087730,October
23,0.222307,1.071173,0.830877,0.172231,0.288081,-0.013578,-0.010113,-0.086796,October
0,0.282439,0.915695,0.658565,0.382229,0.488764,-0.061301,-0.040563,-0.053831,May
1,0.282371,0.875805,0.657494,0.376404,0.468169,-0.062886,-0.040831,-0.054168,May
2,0.280882,0.856419,0.656907,0.295617,0.418691,-0.064168,-0.040803,-0.054223,May
3,0.279298,0.866284,0.657672,0.277174,0.431046,-0.064157,-0.040779,-0.054090,May
4,0.285982,0.859137,0.659372,0.270511,0.432279,-0.057566,-0.021905,-0.049915,May
5,0.342748,0.661141,0.674830,0.270079,0.430224,0.221189,0.264931,0.249931,May
6,0.410654,0.478282,0.675683,0.396350,0.356291,0.428108,0.240390,0.495759,May
7,0.498303,0.351779,0.689520,0.441816,0.374964,0.513748,0.405942,0.698450,May
8,0.489281,0.260002,0.687749,0.550157,0.401480,0.724536,0.406914,0.863164,May
9,0.569801,0.208044,0.706269,0.559757,0.361810,0.904706,0.435250,0.878988,May
10,0.578853,0.216693,0.711355,0.558115,0.352839,0.969883,0.486587,0.864747,May
11,0.579426,0.260327,0.694279,0.554808,0.402099,0.990206,0.490403,0.878898,May
12,0.586591,0.245738,0.692766,0.490463,0.379085,0.943171,0.457361,0.884162,May
13,0.588333,0.231009,0.673337,0.476484,0.344888,0.833506,0.458152,0.851288,May
14,0.577975,0.189471,0.675849,0.341428,0.291267,0.586905,0.326483,0.841022,May
15,0.546623,0.233913,0.674250,0.245371,0.263286,0.409915,0.299000,0.778008,May
16,0.566885,0.253699,0.683282,0.290899,0.274282,0.261828,0.128659,0.493730,May
17,0.515591,0.393871,0.687834,0.319251,0.315136,0.082280,0.066127,0.494125,May
18,0.467592,0.512954,0.712591,0.350203,0.362849,-0.056751,-0.030326,-0.051976,May
19,0.392058,0.694764,0.712651,0.462072,0.463855,-0.064245,-0.038852,-0.054223,May
20,0.424069,0.626146,0.731571,0.484849,0.488164,-0.063171,-0.040552,-0.054118,May
21,0.395987,0.548747,0.732948,0.578432,0.526106,-0.060495,-0.040225,-0.052615,May
22,0.356161,0.734351,0.739935,0.531815,0.519000,-0.058777,-0.039920,-0.052766,May
23,0.310647,0.786916,0.740606,0.382568,0.457942,-0.050674,-0.039611,-0.050664,May
0,0.212706,0.810471,0.581601,0.437097,0.535850,-0.022551,-0.057153,-0.032631,March
1,0.205276,0.815681,0.579383,0.466058,0.599330,-0.024530,-0.057518,-0.032996,March
2,0.200171,0.852893,0.568643,0.378665,0.525583,-0.025101,-0.057642,-0.033060,March
3,0.198287,0.821976,0.544886,0.307165,0.440048,-0.025120,-0.057619,-0.033040,March
4,0.198846,0.800154,0.510464,0.355234,0.532564,-0.023263,-0.054250,-0.032483,March
5,0.201165,0.817870,0.529708,0.373567,0.508955,0.001689,-0.039544,0.011054,March
6,0.216078,0.804159,0.528078,0.380649,0.548342,0.066168,0.134889,0.065673,March
7,0.259170,0.664179,0.538767,0.412854,0.455722,0.313834,0.475437,0.397226,March
8,0.366916,0.518796,0.554867,0.537137,0.495696,0.549652,0.528912,0.621059,March
9,0.361857,0.471409,0.553254,0.439745,0.452529,0.617363,0.541940,0.614098,March
10,0.387992,0.467500,0.537203,0.456044,0.453054,0.684901,0.615247,0.484254,March
11,0.389684,0.470699,0.520418,0.425068,0.484738,0.404761,0.777159,0.124322,March
12,0.392651,0.439774,0.468906,0.443054,0.436544,0.664421,0.766586,0.129178,March
13,0.391529,0.445321,0.467222,0.681973,0.586545,0.649698,0.696623,0.633380,March
14,0.365273,0.496070,0.463473,0.708079,0.641473,0.405027,0.494553,0.270809,March
15,0.333170,0.527869,0.458751,0.705400,0.635288,0.398758,0.359814,0.348837,March
16,0.316126,0.758073,0.455522,0.683867,0.611369,0.063894,0.115244,0.337703,March
17,0.255680,0.789061,0.461685,0.607804,0.604864,-0.016838,-0.048680,-0.010686,March
18,0.251870,0.782343,0.464890,0.455620,0.520631,-0.024351,-0.056206,-0.032165,March
19,0.241028,0.824673,0.472829,0.371263,0.442330,-0.025118,-0.057361,-0.033030,March
20,0.244985,0.783643,0.474813,0.412239,0.463432,-0.023729,-0.057025,-0.032903,March
21,0.236512,0.755845,0.473616,0.389403,0.442100,-0.023893,-0.055705,-0.032709,March
22,0.218438,0.853556,0.489497,0.357274,0.448698,-0.022359,-0.056434,-0.032972,March
23,0.208652,0.862683,0.471608,0.342191,0.405128,-0.018885,-0.049861,-0.032086,March
0,0.091910,1.056627,0.721851,0.238747,0.287586,-0.006918,0.002464,-0.061214,December
1,0.086513,1.048127,0.723607,0.162752,0.209482,-0.007927,0.002268,-0.061586,December
2,0.084730,1.051370,0.708114,0.098422,0.195016,-0.008319,0.002129,-0.061645,December
3,0.074469,1.060550,0.705263,0.109649,0.151849,-0.008304,0.002128,-0.061594,December
4,0.055159,1.070958,0.699995,0.172217,0.216957,-0.007976,0.002730,-0.061443,December
5,0.054781,1.072527,0.704407,0.128289,0.200701,-0.004848,0.003725,-0.059826,December
6,0.062323,1.060377,0.707094,0.149756,0.183906,0.009313,0.025513,-0.040446,December
7,0.112060,0.974951,0.719052,0.083328,0.153104,0.064562,0.128130,0.190680,December
8,0.258869,0.928519,0.720314,0.114023,0.136036,0.240415,0.325890,0.514371,December
9,0.363333,0.680106,0.727820,0.118013,0.077203,0.419998,0.401065,0.754149,December
10,0.405624,0.424908,0.721220,0.153797,0.105477,0.481981,0.391585,0.797422,December
11,0.414994,0.387062,0.698407,0.223718,0.131132,0.499166,0.323557,0.826987,December
12,0.415732,0.385966,0.690210,0.304318,0.174312,0.396558,0.259155,0.732432,December
13,0.408664,0.379333,0.668849,0.269771,0.160258,0.311519,0.277684,0.560147,December
14,0.405781,0.390744,0.657193,0.195111,0.111018,0.237986,0.118993,0.677724,December
15,0.389211,0.500125,0.649569,0.106235,0.116539,0.045229,0.047352,0.402194,December
16,0.272403,0.722544,0.648858,0.163551,0.210312,0.000265,0.008523,-0.043435,December
17,0.223696,0.865413,0.658288,0.183244,0.248706,-0.006950,0.002826,-0.060276,December
18,0.231414,0.841390,0.660567,0.222087,0.273195,-0.008315,0.002285,-0.061643,December
19,0.179557,0.969783,0.652882,0.199688,0.278772,-0.008347,0.002140,-0.061654,December
20,0.137468,1.026692,0.656110,0.242779,0.308743,-0.008241,0.002115,-0.061646,December
21,0.107984,1.035225,0.652632,0.228898,0.284391,-0.008238,0.002124,-0.061639,December
22,0.121675,1.010753,0.644899,0.191330,0.269316,-0.007606,0.002172,-0.061237,December
23,0.084145,1.022747,0.641964,0.202635,0.301588,-0.007095,0.002781,-0.060726,December
0,0.302050,0.867916,0.590528,0.419035,0.441617,-0.047925,-0.038635,-0.017669,December
1,0.295734,0.842504,0.579562,0.560312,0.570319,-0.050153,-0.039170,-0.021203,December
2,0.293867,0.868163,0.575351,0.483564,0.567472,-0.050618,-0.039166,-0.021363,December
3,0.303107,0.816288,0.543859,0.431808,0.583166,-0.050667,-0.039180,-0.021356,December
4,0.293701,0.790695,0.546844,0.422179,0.610175,-0.050461,-0.038545,-0.021132,December
5,0.298521,0.731623,0.559614,0.406785,0.533651,-0.045849,-0.033734,-0.015914,December
6,0.321791,0.745470,0.584705,0.335880,0.431381,-0.025677,0.001637,0.014249,December
7,0.346006,0.624350,0.600046,0.417272,0.459371,0.087484,0.079174,0.270525,December
8,0.379323,0.635697,0.599411,0.645502,0.540571,0.279481,0.379977,0.444691,December
9,0.393580,0.564468,0.600530,0.605261,0.460524,0.408939,0.431251,0.506212,December
10,0.419627,0.529679,0.584632,0.681236,0.566049,0.428791,0.438166,0.511424,December
11,0.425204,0.528974,0.547297,0.704453,0.602874,0.448277,0.473408,0.570052,December
12,0.422459,0.514262,0.530610,0.676816,0.533690,0.435222,0.454321,0.590523,December
13,0.410400,0.534320,0.526564,0.661565,0.517004,0.295144,0.412640,0.440365,December
14,0.402344,0.540946,0.526662,0.556102,0.522390,0.134785,0.257795,0.345033,December
15,0.376354,0.582556,0.527811,0.486991,0.497461,-0.012351,0.083343,0.157732,December
16,0.350079,0.773222,0.528916,0.515732,0.558775,-0.042477,-0.029137,-0.016215,December
17,0.344089,0.791844,0.541256,0.498179,0.628653,-0.049224,-0.037649,-0.021101,December
18,0.347158,0.849947,0.544341,0.485746,0.622959,-0.050630,-0.038430,-0.021303,December
19,0.343965,0.838494,0.554300,0.413226,0.598802,-0.050445,-0.039169,-0.021253,December
20,0.321600,0.897202,0.585509,0.319957,0.553381,-0.050272,-0.039192,-0.020848,December
21,0.328974,0.906456,0.603864,0.337487,0.494754,-0.050537,-0.039137,-0.021348,December
22,0.326217,0.894657,0.614506,0.345478,0.548510,-0.050139,-0.038953,-0.021227,December
23,0.322865,0.897820,0.618046,0.430822,0.622862,-0.048784,-0.038412,-0.021009,December
0,0.391910,0.681646,0.665873,0.384060,0.487687,-0.067162,0.016717,0.002671,November
1,0.388670,0.685170,0.661448,0.349005,0.482680,-0.069042,0.016677,0.002576,November
2,0.388088,0.662259,0.649498,0.345987,0.493800,-0.069347,0.016612,0.002569,November
3,0.389974,0.680685,0.633815,0.352873,0.499187,-0.069352,0.017124,0.002579,November
4,0.388380,0.708869,0.638572,0.523495,0.622500,-0.067977,0.021354,0.002701,November
5,0.390185,0.710064,0.643432,0.481680,0.648296,-0.065011,0.021983,0.003107,November
6,0.397285,0.692333,0.616947,0.459237,0.584331,-0.040039,0.044683,0.013154,November
7,0.445588,0.669650,0.644261,0.503652,0.564107,0.067556,0.341240,0.175805,November
8,0.471651,0.454728,0.655465,0.762818,0.681198,0.193176,0.337165,0.247028,November
9,0.500205,0.349541,0.650384,0.851137,0.757464,0.285938,0.480372,0.315585,November
10,0.523903,0.303909,0.628779,0.831433,0.771277,0.428495,0.583925,0.428501,November
11,0.534183,0.280230,0.593333,0.822909,0.758495,0.484723,0.613938,0.583722,November
12,0.536945,0.277249,0.584264,0.842363,0.754973,0.467592,0.377832,0.590374,November
13,0.532680,0.291997,0.590549,0.797714,0.744498,0.336832,0.434037,0.493428,November
14,0.526181,0.391693,0.575119,0.635167,0.684777,0.131788,0.273147,0.277013,November
15,0.510737,0.533077,0.567144,0.529085,0.652548,-0.023844,0.095634,0.083997,November
16,0.486262,0.633028,0.567544,0.650005,0.656710,-0.062804,0.021830,0.004181,November
17,0.475888,0.621656,0.567013,0.584212,0.693538,-0.068181,0.017025,0.002864,November
18,0.467099,0.589692,0.567336,0.613699,0.686094,-0.069186,0.017143,0.002584,November
19,0.467651,0.603594,0.560304,0.586152,0.705123,-0.069327,0.016894,0.002591,November
20,0.475606,0.576809,0.550950,0.743833,0.756982,-0.068543,0.016916,0.002625,November
21,0.475968,0.557241,0.549315,0.610532,0.707078,-0.068661,0.016928,0.002644,November
22,0.479975,0.561661,0.547807,0.540162,0.647960,-0.066103,0.017769,0.003344,November
23,0.460804,0.542843,0.547013,0.437667,0.577840,-0.065337,0.022431,0.005743,November
0,0.298165,0.830325,0.612833,0.177158,0.169892,0.019959,-0.028967,-0.039038,May
1,0.286653,0.838359,0.593387,0.136601,0.155056,0.020701,-0.031165,-0.039388,May
2,0.262282,0.866790,0.611748,0.104992,0.132848,0.012420,-0.031905,-0.039553,May
3,0.254278,0.878031,0.597684,0.102172,0.128562,0.012256,-0.029852,-0.039540,May
4,0.260475,0.862660,0.611877,0.166075,0.140151,0.015192,0.022577,-0.039146,May
5,0.326960,0.832920,0.648003,0.183078,0.190491,0.167603,0.149977,0.019140,May
6,0.362381,0.716626,0.660712,0.159063,0.152994,0.453688,0.267163,0.222615,May
7,0.472974,0.720052,0.663232,0.211348,0.153488,0.763153,0.268075,0.190470,May
8,0.497856,0.320891,0.671968,0.332496,0.217637,0.619927,0.686641,0.453964,May
9,0.521754,0.280938,0.673476,0.446738,0.366221,0.767746,0.751804,0.577754,May
10,0.552310,0.230295,0.673453,0.459105,0.367712,0.787000,0.738448,0.428379,May
11,0.520245,0.246216,0.665984,0.461983,0.394996,0.890427,0.678927,0.609218,May
12,0.484296,0.314922,0.653219,0.366809,0.270607,0.878308,0.584324,0.658203,May
13,0.548217,0.245932,0.613565,0.451834,0.324626,0.769004,0.647981,0.474767,May
14,0.571201,0.221324,0.609282,0.525875,0.396969,0.731391,0.427474,0.694584,May
15,0.541907,0.218960,0.588187,0.548319,0.442817,0.663776,0.364829,0.678623,May
16,0.546783,0.277961,0.583500,0.548302,0.428735,0.440165,0.175992,0.577518,May
17,0.426189,0.448863,0.598427,0.357375,0.295321,0.158422,0.026876,0.370056,May
18,0.361946,0.524933,0.600926,0.226506,0.348637,0.014914,-0.026131,-0.036491,May
19,0.328796,0.702947,0.627600,0.182076,0.242631,0.012354,-0.031101,-0.039421,May
20,0.392371,0.422943,0.623082,0.297922,0.396802,0.017252,-0.031575,-0.039004,May
21,0.319430,0.505476,0.615363,0.279021,0.380261,0.014842,-0.030771,-0.038704,May
22,0.277985,0.683307,0.608338,0.142006,0.391957,0.015920,-0.031949,-0.039450,May
23,0.266543,0.706527,0.606527,0.105120,0.207821,0.016731,-0.028609,-0.038937,May
0,0.210488,1.045679,0.740598,0.089491,0.080562,-0.029295,0.013734,-0.013256,October
1,0.207929,1.054430,0.726391,0.093170,0.092208,-0.030044,0.013665,-0.013334,October
2,0.207257,1.039340,0.700240,0.083789,0.073612,-0.030663,0.013625,-0.013322,October
3,0.208884,0.943848,0.682478,0.085781,0.086442,-0.030549,0.013849,-0.013095,October
4,0.209117,0.960174,0.673400,0.101891,0.096322,-0.026128,0.017889,-0.011265,October
5,0.204947,0.994968,0.704968,0.105347,0.162407,-0.019639,0.025888,0.001481,October
6,0.217023,1.006614,0.716486,0.157043,0.249252,0.022114,0.144647,0.105256,October
7,0.287288,0.802293,0.730766,0.263469,0.303120,0.161521,0.224493,0.254394,October
8,0.367772,0.699117,0.736505,0.274780,0.185634,0.386318,0.330905,0.595734,October
9,0.406221,0.423532,0.734027,0.257831,0.172377,0.527301,0.344199,0.815803,October
10,0.432437,0.269281,0.730032,0.298105,0.206155,0.569075,0.340885,0.912692,October
11,0.449030,0.230500,0.699130,0.342561,0.260526,0.599925,0.346803,0.957479,October
12,0.454102,0.222396,0.674083,0.352951,0.280864,0.578158,0.323090,0.950882,October
13,0.443543,0.233867,0.657734,0.352465,0.304787,0.461641,0.302465,0.928858,October
14,0.424322,0.286112,0.655340,0.327369,0.262660,0.254014,0.251283,0.689017,October
15,0.411390,0.421851,0.651437,0.223239,0.180902,0.063819,0.122227,0.401448,October
16,0.330740,0.659002,0.640782,0.162690,0.169001,-0.020621,0.027464,0.012275,October
17,0.315960,0.753791,0.645437,0.161781,0.201724,-0.029028,0.014078,-0.011579,October
18,0.296564,0.923465,0.666853,0.149772,0.155559,-0.030585,0.013686,-0.013255,October
19,0.274361,0.901555,0.670510,0.137112,0.164715,-0.030677,0.013480,-0.013332,October
20,0.269814,0.965873,0.687057,0.098025,0.100732,-0.030577,0.013466,-0.013260,October
21,0.263835,0.988937,0.694770,0.090175,0.075915,-0.030548,0.013486,-0.013299,October
22,0.263349,0.937126,0.681664,0.090301,0.076137,-0.029843,0.013633,-0.012924,October
23,0.244667,0.881079,0.671750,0.115210,0.106560,-0.027446,0.014185,-0.011441,October
0,0.193248,0.788031,0.578900,0.212462,0.311040,-0.026016,-0.017425,-0.035658,April
1,0.160930,0.810572,0.560737,0.377492,0.495394,-0.027181,-0.018053,-0.035861,April
2,0.157380,0.841182,0.556157,0.373153,0.491075,-0.028077,-0.017857,-0.035882,April
3,0.148309,0.826778,0.545859,0.400170,0.456973,-0.028035,-0.018102,-0.035820,April
4,0.147531,0.811156,0.552447,0.299600,0.437977,-0.026139,-0.008574,-0.030929,April
5,0.170990,0.797322,0.582458,0.156813,0.284535,0.064780,0.086833,0.090860,April
6,0.246238,0.684282,0.601018,0.127181,0.148636,0.295466,0.394228,0.489438,April
7,0.342575,0.415682,0.611814,0.442820,0.149600,0.519770,0.512554,0.523732,April
8,0.449598,0.405643,0.597850,0.357151,0.163719,0.617097,0.507934,0.720806,April
9,0.459298,0.278299,0.623002,0.417976,0.185411,0.763544,0.591353,0.800239,April
10,0.477878,0.242013,0.638122,0.482553,0.345701,0.832146,0.688736,0.453068,April
11,0.477801,0.257494,0.623238,0.510114,0.346250,0.752534,0.699981,0.382189,April
12,0.496689,0.166537,0.598579,0.491565,0.284926,0.802056,0.663058,0.570996,April
13,0.496805,0.159510,0.590805,0.448665,0.267772,0.792383,0.616718,0.847447,April
14,0.486302,0.172642,0.584476,0.278773,0.315892,0.615399,0.448820,0.769339,April
15,0.439659,0.191180,0.585125,0.117994,0.135201,0.476921,0.382292,0.733931,April
16,0.355137,0.424093,0.606326,0.047834,0.099804,0.080456,0.068126,0.381987,April
17,0.286835,0.650115,0.622088,0.035512,0.091516,-0.009980,-0.001631,0.050960,April
18,0.277250,0.498848,0.633709,0.104212,0.304729,-0.027085,-0.017440,-0.033396,April
19,0.202270,0.642787,0.635316,0.185033,0.449562,-0.028038,-0.018556,-0.035792,April
20,0.156347,0.856481,0.650602,0.203408,0.458099,-0.027839,-0.018582,-0.035768,April
21,0.140162,0.907980,0.659559,0.268987,0.436015,-0.027529,-0.018389,-0.035797,April
22,0.144964,0.916972,0.663137,0.183581,0.429435,-0.025614,-0.018044,-0.035538,April
23,0.140841,0.930398,0.664870,0.182668,0.430101,-0.021212,-0.016306,-0.035180,April
0,0.558191,0.911484,0.515892,0.107648,0.076111,-0.095490,-0.058630,-0.012205,July
1,0.550221,0.886845,0.512912,0.236594,0.175701,-0.098252,-0.059390,-0.012723,July
2,0.547656,0.920309,0.512005,0.264346,0.223421,-0.098919,-0.059321,-0.012723,July
3,0.549056,0.887393,0.512542,0.237539,0.192219,-0.098311,-0.059351,-0.012228,July
4,0.561655,0.846571,0.514124,0.262013,0.295679,-0.092540,-0.031245,0.014694,July
5,0.621353,0.784275,0.533471,0.269223,0.246074,0.042376,0.170577,0.449535,July
6,0.686323,0.650158,0.543174,0.252907,0.278399,0.265071,0.476876,0.512502,July
7,0.742464,0.474171,0.553961,0.400033,0.310776,0.433997,0.604099,0.595137,July
8,0.768099,0.340384,0.554618,0.408016,0.323494,0.560913,0.661180,0.839545,July
9,0.798118,0.365505,0.566381,0.428969,0.290251,0.773527,0.684276,0.923784,July
10,0.804682,0.404116,0.567505,0.424380,0.275941,0.915701,0.694955,0.991116,July
11,0.806476,0.311671,0.558393,0.445908,0.314079,0.942588,0.686063,1.005087,July
12,0.819000,0.270577,0.560239,0.447812,0.333773,0.924769,0.603485,1.006077,July
13,0.813028,0.301328,0.558690,0.468027,0.340400,0.844141,0.501513,0.998095,July
14,0.801721,0.265603,0.547337,0.425261,0.307815,0.689961,0.469340,0.972759,July
15,0.794069,0.269686,0.548467,0.379819,0.267939,0.471075,0.471920,0.875466,July
16,0.755262,0.539927,0.532835,0.209029,0.134455,0.138169,0.255502,0.478021,July
17,0.713841,0.598418,0.537943,0.181137,0.124246,0.001798,0.083396,0.418125,July
18,0.654197,0.654636,0.534622,0.128076,0.185700,-0.093519,-0.047778,0.050085,July
19,0.595710,0.681113,0.549501,0.124757,0.207492,-0.095171,-0.059076,-0.008530,July
20,0.565855,0.827136,0.568047,0.174138,0.235879,-0.096934,-0.058672,-0.004523,July
21,0.554354,0.849830,0.574302,0.139305,0.203933,-0.092104,-0.057755,-0.000592,July
22,0.557934,0.840684,0.575566,0.150968,0.166973,-0.088508,-0.053309,-0.007278,July
23,0.559593,0.841201,0.576373,0.171906,0.216288,-0.085522,-0.049714,0.003861,July
0,0.555003,0.965584,0.445981,0.170203,0.391791,0.001509,-0.004270,-0.064532,June
1,0.550213,0.911485,0.441198,0.191713,0.474607,0.000098,-0.007792,-0.064727,June
2,0.556662,0.887429,0.437851,0.163191,0.414808,-0.001485,-0.007757,-0.063290,June
3,0.559233,0.861192,0.441461,0.149824,0.398465,0.001998,-0.007907,-0.059176,June
4,0.552681,0.936143,0.452935,0.167855,0.463808,0.004130,0.046892,0.009499,June
5,0.566610,0.944346,0.463958,0.131852,0.382127,0.058934,0.709822,0.164392,June
6,0.609225,0.879646,0.490407,0.134064,0.287358,0.113568,0.912409,0.394905,June
7,0.671935,0.663734,0.495181,0.265493,0.370197,0.298585,0.992694,0.450642,June
8,0.681427,0.641376,0.500389,0.670414,0.492709,0.639156,0.948873,0.636753,June
9,0.694298,0.596486,0.513218,0.662148,0.482791,0.793463,0.974337,0.700193,June
10,0.700111,0.576337,0.514216,0.644500,0.489022,0.875491,1.000406,0.703096,June
11,0.694018,0.561789,0.511240,0.621058,0.467916,0.903529,0.981786,0.710463,June
12,0.712738,0.523535,0.501919,0.635695,0.457921,0.879074,0.965347,0.715528,June
13,0.703698,0.498925,0.498470,0.635716,0.462322,0.849730,0.905997,0.712146,June
14,0.682466,0.519090,0.490834,0.585558,0.495275,0.719689,0.737447,0.647833,June
15,0.670919,0.523002,0.480934,0.547157,0.453240,0.632310,0.820468,0.651751,June
16,0.680317,0.636238,0.466957,0.485961,0.337431,0.279918,0.400595,0.477250,June
17,0.659341,0.724820,0.485390,0.285366,0.301268,0.096613,0.336390,0.172270,June
18,0.601206,0.883767,0.489611,0.190447,0.348804,0.002802,0.119480,-0.062670,June
19,0.570086,0.888271,0.501837,0.188253,0.392832,-0.001574,0.007024,-0.065138,June
20,0.568048,0.991776,0.517338,0.198462,0.436116,-0.000770,-0.006109,-0.064561,June
21,0.552025,0.992634,0.520841,0.195292,0.369646,0.000824,-0.007722,-0.062818,June
22,0.545375,1.007483,0.521971,0.128750,0.304326,0.003314,-0.006830,-0.064515,June
23,0.544180,1.011749,0.522729,0.111451,0.250708,0.010826,-0.004895,-0.058963,June
0,0.274756,0.865460,0.546065,0.189473,0.272544,-0.025634,-0.022330,-0.031697,December
1,0.274175,0.864464,0.486759,0.322211,0.422603,-0.027015,-0.023306,-0.031841,December
2,0.273270,0.872418,0.468197,0.399632,0.432572,-0.027312,-0.023335,-0.031842,December
3,0.270669,0.875460,0.452480,0.341857,0.529325,-0.027315,-0.023057,-0.031842,December
4,0.271639,0.874751,0.453281,0.311546,0.368029,-0.026726,-0.021880,-0.031829,December
5,0.282812,0.845628,0.464418,0.519308,0.524136,-0.023742,-0.021809,-0.031593,December
6,0.273513,0.838966,0.470029,0.592202,0.661257,-0.019141,-0.015815,-0.029345,December
7,0.280307,0.853285,0.477512,0.581515,0.650135,0.013001,-0.000177,-0.021794,December
8,0.330520,0.845409,0.493690,0.411827,0.536470,0.096663,0.238916,-0.019105,December
9,0.354696,0.777399,0.505540,0.166761,0.281432,0.215580,0.398069,-0.004840,December
10,0.350437,0.662386,0.515691,0.220694,0.238771,0.164542,0.443005,-0.012348,December
11,0.406209,0.544499,0.489041,0.239173,0.235190,0.253700,0.439969,0.072463,December
12,0.449011,0.472934,0.469993,0.467016,0.241709,0.394161,0.371333,0.236856,December
13,0.450123,0.472064,0.461099,0.305624,0.244261,0.398021,0.290005,0.531572,December
14,0.444594,0.480369,0.465339,0.237297,0.244463,0.226888,0.164518,0.425941,December
15,0.412327,0.530819,0.481145,0.193344,0.239227,0.043908,0.031109,0.145844,December
16,0.357683,0.814529,0.524361,0.503565,0.420768,-0.019648,-0.012369,-0.023548,December
17,0.366600,0.816581,0.547975,0.450681,0.353369,-0.024586,-0.020059,-0.031397,December
18,0.403151,0.828434,0.550844,0.563229,0.595088,-0.026935,-0.022552,-0.031742,December
19,0.371825,0.790955,0.567329,0.607378,0.667531,-0.026753,-0.023099,-0.031689,December
20,0.327970,0.857087,0.584901,0.612064,0.659309,-0.026755,-0.023230,-0.031697,December
21,0.307491,0.836987,0.592970,0.630100,0.638724,-0.027124,-0.023152,-0.031824,December
22,0.310322,0.847877,0.596485,0.632669,0.698109,-0.025686,-0.021012,-0.031255,December
23,0.298290,0.818377,0.596822,0.692266,0.715872,-0.022774,-0.016188,-0.030586,December
0,0.225583,0.837023,0.280153,0.268830,0.307966,-0.041431,-0.099753,-0.018113,February
1,0.214085,0.877940,0.274936,0.341130,0.498913,-0.042400,-0.099843,-0.018277,February
2,0.205951,0.857332,0.252274,0.360312,0.411359,-0.042602,-0.099720,-0.018289,February
3,0.198767,0.840535,0.246670,0.338940,0.407631,-0.042643,-0.099674,-0.018280,February
4,0.198050,0.875968,0.243904,0.394517,0.539886,-0.041225,-0.098298,-0.018065,February
5,0.214561,0.889553,0.246914,0.448732,0.627453,-0.034835,-0.097178,-0.016179,February
6,0.220056,0.882480,0.246099,0.545044,0.638225,-0.029766,-0.067868,-0.012504,February
7,0.277723,0.835644,0.250953,0.566723,0.540343,0.041356,0.251489,0.168803,February
8,0.316401,0.810314,0.245878,0.365258,0.538375,0.226441,0.363474,0.540574,February
9,0.322043,0.804354,0.253756,0.537613,0.545561,0.306167,0.454407,0.529776,February
10,0.339468,0.780725,0.252466,0.556330,0.607761,0.470527,0.514579,0.417139,February
11,0.341169,0.793235,0.249067,0.500266,0.524871,0.504563,0.507837,0.290713,February
12,0.335457,0.828082,0.252569,0.600991,0.665679,0.408890,0.487785,0.448021,February
13,0.327269,0.794186,0.244627,0.575909,0.603488,0.424371,0.390959,0.642157,February
14,0.317689,0.781882,0.247634,0.502595,0.452942,0.312372,0.337918,0.592716,February
15,0.303381,0.761983,0.248892,0.395875,0.359408,0.194358,0.248533,0.586424,February
16,0.261151,0.856179,0.291748,0.404938,0.559844,-0.023999,-0.031377,0.145838,February
17,0.230754,0.848210,0.317556,0.539862,0.660922,-0.039429,-0.093966,-0.005751,February
18,0.258146,0.815179,0.317328,0.565884,0.689572,-0.040423,-0.098946,-0.010482,February
19,0.227274,0.664888,0.321216,0.563791,0.705640,-0.040283,-0.099902,-0.008177,February
20,0.222577,0.622508,0.327632,0.629169,0.703489,-0.036917,-0.099464,-0.012181,February
21,0.228904,0.591209,0.337029,0.637178,0.704938,-0.040467,-0.097958,-0.016960,February
22,0.212498,0.607320,0.342723,0.623616,0.709306,-0.037933,-0.095452,-0.017443,February
23,0.213261,0.594104,0.343411,0.586935,0.685099,-0.022336,-0.085766,-0.012053,February
0,0.472336,0.774227,0.603725,0.276669,0.422743,-0.045871,-0.023565,-0.039088,July
1,0.475872,0.754578,0.596726,0.305087,0.409945,-0.047066,-0.026425,-0.039550,July
2,0.468180,0.804899,0.597871,0.327178,0.375645,-0.048580,-0.026689,-0.039747,July
3,0.464338,0.846059,0.593072,0.368772,0.384650,-0.048463,-0.026619,-0.037390,July
4,0.464394,0.807936,0.599383,0.348575,0.427882,-0.037197,0.033700,-0.019671,July
5,0.506099,0.793081,0.596695,0.431804,0.459877,0.071523,0.381695,0.187774,July
6,0.626303,0.548370,0.603997,0.329795,0.376972,0.225989,0.472051,0.553023,July
7,0.718739,0.350988,0.605387,0.232945,0.240789,0.548944,0.470838,0.668276,July
8,0.771439,0.208924,0.605129,0.337159,0.277765,0.674298,0.469870,0.769561,July
9,0.775902,0.220448,0.604989,0.407410,0.341160,0.882763,0.492369,0.912464,July
10,0.793375,0.188154,0.600363,0.441435,0.451197,0.986929,0.493836,0.951735,July
11,0.811584,0.177326,0.574569,0.555532,0.513754,0.996911,0.487400,0.965629,July
12,0.825271,0.148077,0.572379,0.555440,0.442461,0.979200,0.454845,0.967487,July
13,0.817969,0.146464,0.555619,0.355921,0.360237,0.939911,0.439449,0.950957,July
14,0.823310,0.152316,0.537364,0.265835,0.271886,0.735966,0.454124,0.935816,July
15,0.817743,0.147075,0.519172,0.295708,0.289669,0.555998,0.416260,0.897233,July
16,0.804268,0.165969,0.497705,0.584946,0.537136,0.289633,0.267537,0.490286,July
17,0.771735,0.219060,0.497572,0.613409,0.580414,0.024002,0.052668,0.205595,July
18,0.735311,0.320064,0.497847,0.626692,0.602173,-0.045954,-0.011705,-0.016748,July
19,0.696952,0.458717,0.507318,0.571149,0.593598,-0.045733,-0.025934,-0.036623,July
20,0.634083,0.472428,0.514088,0.421176,0.561566,-0.046547,-0.026535,-0.019518,July
21,0.599887,0.580986,0.513183,0.451452,0.516222,-0.043022,-0.026569,-0.030231,July
22,0.587993,0.701033,0.506847,0.455214,0.558073,-0.043305,-0.025970,-0.033198,July
23,0.563237,0.720212,0.507642,0.465154,0.581629,-0.039846,-0.021849,-0.023250,July
0,0.068043,0.880056,0.771272,0.059951,0.101137,-0.056186,-0.009575,-0.040363,March
1,0.048696,0.882048,0.737294,0.068655,0.108707,-0.060905,-0.023792,-0.041449,March
2,0.051982,0.889588,0.732764,0.185560,0.213102,-0.062024,-0.026244,-0.041553,March
3,0.043555,0.888728,0.770847,0.283173,0.312383,-0.061867,-0.026716,-0.041454,March
4,0.039919,0.890271,0.764400,0.105703,0.157364,-0.061238,-0.019422,-0.039346,March
5,0.040805,0.881265,0.792923,0.092806,0.179358,-0.045272,0.003867,-0.007120,March
6,0.071866,0.875862,0.799253,0.112273,0.242701,-0.005209,0.358136,0.128549,March
7,0.169563,0.778363,0.816034,0.102679,0.184207,0.200270,0.632328,0.344159,March
8,0.297219,0.688533,0.798853,0.226919,0.159150,0.343835,0.645957,0.432231,March
9,0.317257,0.472796,0.815395,0.386809,0.222093,0.617985,0.719081,0.618857,March
10,0.359176,0.349570,0.799207,0.434316,0.265191,0.697237,0.639977,0.681946,March
11,0.356874,0.340806,0.799080,0.504342,0.360145,0.717651,0.355990,0.694725,March
12,0.312159,0.371211,0.802284,0.522250,0.333301,0.575694,0.567039,0.572151,March
13,0.310162,0.361760,0.762916,0.440884,0.316185,0.325018,0.698754,0.122087,March
14,0.345104,0.350969,0.749021,0.472760,0.378522,0.451630,0.595557,0.475971,March
15,0.345323,0.351513,0.731629,0.433429,0.391476,0.220503,0.628410,0.533635,March
16,0.313194,0.461487,0.738626,0.448642,0.389843,0.002101,0.105933,0.139421,March
17,0.254417,0.551268,0.744036,0.310201,0.294551,-0.052536,-0.016400,-0.028853,March
18,0.212696,0.633163,0.753640,0.368029,0.354917,-0.061796,-0.026111,-0.041446,March
19,0.176272,0.786611,0.768182,0.354779,0.368713,-0.062274,-0.028092,-0.041563,March
20,0.107437,0.818901,0.769108,0.341305,0.359714,-0.062085,-0.028172,-0.041540,March
21,0.138445,0.784128,0.759961,0.234598,0.287645,-0.061940,-0.028241,-0.041506,March
22,0.133317,0.727571,0.754567,0.170021,0.303184,-0.058753,-0.027914,-0.040230,March
23,0.101793,0.782262,0.749427,0.109496,0.199036,-0.054072,-0.025157,-0.035563,March
0,0.223817,1.035876,0.583814,0.314837,0.267226,-0.066724,-0.032237,-0.050249,March
1,0.198638,1.036740,0.579746,0.184719,0.185539,-0.068434,-0.032529,-0.050273,March
2,0.192359,1.039906,0.575787,0.184932,0.180298,-0.068894,-0.032880,-0.050292,March
3,0.195058,1.042638,0.564669,0.191173,0.181403,-0.068837,-0.032848,-0.050117,March
4,0.201207,1.021040,0.563457,0.182532,0.185486,-0.067352,-0.026049,-0.049477,March
5,0.199215,1.012964,0.572879,0.198984,0.220947,-0.057992,-0.018077,-0.038608,March
6,0.213956,0.954519,0.575749,0.313043,0.388452,-0.026530,0.121761,-0.000942,March
7,0.235889,0.975560,0.583126,0.413979,0.433666,0.120227,0.447412,0.247113,March
8,0.320076,0.808853,0.581739,0.456649,0.445060,0.365227,0.741340,0.460385,March
9,0.332834,0.725477,0.582705,0.442349,0.399849,0.448585,0.790984,0.468756,March
10,0.374423,0.689077,0.582346,0.459616,0.335601,0.596552,0.794282,0.562884,March
11,0.379557,0.592270,0.570629,0.404105,0.335438,0.668249,0.805248,0.610452,March
12,0.372769,0.664956,0.552108,0.242122,0.234323,0.624466,0.677194,0.597186,March
13,0.379963,0.691653,0.531527,0.287604,0.218072,0.345188,0.726415,0.286068,March
14,0.379076,0.628227,0.526625,0.400444,0.289819,0.338081,0.534662,0.492074,March
15,0.361138,0.649990,0.522181,0.480067,0.365170,0.247404,0.393145,0.535727,March
16,0.353403,0.880209,0.520078,0.418698,0.249957,0.013147,0.084905,0.238459,March
17,0.292571,0.901162,0.521204,0.292524,0.224425,-0.061847,-0.026495,-0.037336,March
18,0.288206,0.941440,0.523683,0.284850,0.220933,-0.067897,-0.032714,-0.049832,March
19,0.279730,0.970117,0.527208,0.334989,0.244738,-0.068801,-0.032971,-0.050232,March
20,0.256797,0.987617,0.527038,0.460446,0.323597,-0.068373,-0.033093,-0.050238,March
21,0.250540,0.974868,0.532616,0.454056,0.366042,-0.068642,-0.032882,-0.050279,March
22,0.277853,0.984708,0.535510,0.458965,0.427010,-0.065923,-0.032426,-0.050213,March
23,0.278416,0.988181,0.532143,0.440149,0.406417,-0.060706,-0.026607,-0.049397,March
0,0.383137,0.977266,0.511590,0.198712,0.232642,-0.014090,-0.054846,-0.042470,May
1,0.383003,0.964635,0.466089,0.163521,0.198287,-0.016280,-0.055560,-0.042559,May
2,0.376830,0.972378,0.443867,0.197470,0.201921,-0.017464,-0.055668,-0.042595,May
3,0.374933,0.972234,0.443752,0.225561,0.250924,-0.017320,-0.055719,-0.042090,May
4,0.374938,0.959323,0.451940,0.208414,0.244444,-0.013870,-0.039870,-0.038977,May
5,0.415671,0.824733,0.510224,0.230498,0.262254,0.109160,0.181582,0.153848,May
6,0.518014,0.534633,0.532500,0.282927,0.365084,0.326809,0.343744,0.583325,May
7,0.551861,0.390958,0.570674,0.364865,0.342798,0.422377,0.355070,0.742555,May
8,0.633546,0.331081,0.584213,0.590981,0.504981,0.765543,0.449703,0.824808,May
9,0.654911,0.320216,0.595442,0.543578,0.350637,0.885035,0.418046,0.830425,May
10,0.678830,0.325211,0.588814,0.427206,0.355483,0.945578,0.535407,0.791796,May
11,0.684454,0.338877,0.521144,0.456542,0.309114,0.952289,0.625237,0.838940,May
12,0.692844,0.267934,0.473792,0.508093,0.341347,0.943051,0.526123,0.844147,May
13,0.688206,0.274361,0.453969,0.485822,0.326861,0.835936,0.603607,0.752903,May
14,0.688009,0.264922,0.448077,0.274435,0.234163,0.624782,0.446340,0.759027,May
15,0.673549,0.268918,0.442936,0.224789,0.212762,0.340704,0.361901,0.573493,May
16,0.647523,0.357863,0.481242,0.253688,0.253033,0.260566,0.134779,0.435824,May
17,0.622869,0.418484,0.487903,0.191489,0.224874,0.202572,0.016254,0.381487,May
18,0.580365,0.414772,0.529351,0.204218,0.265019,-0.004163,-0.050699,-0.030031,May
19,0.531529,0.462356,0.552417,0.313448,0.381378,-0.017082,-0.055205,-0.042413,May
20,0.484283,0.558907,0.590632,0.467900,0.486445,-0.016706,-0.054942,-0.042468,May
21,0.469803,0.563198,0.601473,0.533901,0.517904,-0.015601,-0.054004,-0.042226,May
22,0.458039,0.507059,0.609567,0.502167,0.518647,-0.006955,-0.053349,-0.041058,May
23,0.465430,0.567104,0.612144,0.431497,0.488151,0.013251,-0.053060,-0.037562,May
0,0.197945,0.574079,0.592340,0.419573,0.562697,-0.056248,-0.056952,-0.023866,February
1,0.181716,0.583529,0.602781,0.346650,0.555412,-0.056960,-0.057140,-0.023929,February
2,0.181833,0.567376,0.564549,0.300282,0.414138,-0.057149,-0.057626,-0.023947,February
3,0.162655,0.659157,0.526033,0.295159,0.362485,-0.057158,-0.057585,-0.023920,February
4,0.151803,0.735031,0.522845,0.310044,0.402550,-0.056826,-0.056511,-0.023801,February
5,0.151561,0.765137,0.528405,0.341144,0.407753,-0.054768,-0.056057,-0.022590,February
6,0.152095,0.767852,0.533767,0.317577,0.350127,-0.048659,-0.021137,-0.018095,February
7,0.160340,0.725661,0.535753,0.292777,0.301898,0.000892,0.288799,0.158219,February
8,0.224651,0.746333,0.494157,0.253078,0.314680,0.160465,0.383731,0.350971,February
9,0.238998,0.679846,0.514402,0.415615,0.376069,0.184631,0.422347,0.422176,February
10,0.269344,0.515759,0.524110,0.451638,0.440256,0.403508,0.482202,0.406791,February
11,0.305687,0.413944,0.503027,0.430009,0.402718,0.492223,0.488370,0.565556,February
12,0.331704,0.339980,0.476123,0.700365,0.600979,0.456550,0.464235,0.606532,February
13,0.326714,0.306924,0.464415,0.726190,0.587517,0.451533,0.463367,0.668797,February
14,0.316355,0.333619,0.461431,0.699937,0.544743,0.340852,0.370699,0.591515,February
15,0.300015,0.418936,0.457651,0.504656,0.448434,0.202371,0.244291,0.551779,February
16,0.262610,0.560435,0.454965,0.389223,0.347330,-0.035889,0.002126,0.167891,February
17,0.199195,0.694354,0.470114,0.340493,0.361090,-0.055944,-0.053555,-0.021896,February
18,0.196849,0.680179,0.479658,0.403588,0.458512,-0.056847,-0.056817,-0.023577,February
19,0.186331,0.651720,0.487151,0.377929,0.520427,-0.056888,-0.057585,-0.023596,February
20,0.167779,0.716996,0.469069,0.544651,0.640299,-0.056647,-0.057555,-0.023642,February
21,0.162882,0.717784,0.468729,0.509825,0.575109,-0.056648,-0.057392,-0.023840,February
22,0.167922,0.715750,0.482993,0.583374,0.502208,-0.053561,-0.055768,-0.023200,February
23,0.163736,0.679747,0.487002,0.460728,0.447821,-0.050310,-0.048436,-0.019209,February
0,0.385015,0.914871,0.435746,0.341004,0.560773,-0.064399,-0.048370,-0.018166,April
1,0.377385,0.927377,0.389314,0.331677,0.566307,-0.064892,-0.050730,-0.018271,April
2,0.373197,0.933097,0.380394,0.415809,0.616868,-0.065548,-0.050588,-0.018409,April
3,0.372464,0.933953,0.362175,0.443175,0.726719,-0.065733,-0.050739,-0.018363,April
4,0.380074,0.862978,0.373774,0.386217,0.709504,-0.063918,-0.022558,-0.016611,April
5,0.409195,0.705051,0.419015,0.341633,0.672585,0.017935,0.114403,0.111456,April
6,0.433518,0.650888,0.418681,0.429414,0.561893,0.085516,0.329630,0.173600,April
7,0.450406,0.631095,0.436975,0.765292,0.565522,0.270737,0.692040,0.373604,April
8,0.468707,0.522731,0.412499,0.867975,0.750572,0.404260,0.425874,0.365166,April
9,0.486101,0.431597,0.468258,0.827963,0.607031,0.637391,0.813883,0.492243,April
10,0.494250,0.405782,0.454930,0.703312,0.486917,0.725417,0.886476,0.531380,April
11,0.491901,0.412575,0.455408,0.583157,0.460640,0.752161,0.597263,0.536982,April
12,0.421799,0.715401,0.468904,0.830187,0.597567,0.636532,0.947212,0.420460,April
13,0.425722,0.726953,0.456947,0.839369,0.568835,0.394169,0.993099,0.056237,April
14,0.467449,0.511920,0.439290,0.943579,0.675095,0.536015,0.793916,0.404480,April
15,0.477272,0.469068,0.410058,0.980368,0.729851,0.365767,0.785855,0.491185,April
16,0.432081,0.700086,0.402919,0.865518,0.670183,0.037764,0.081814,0.207031,April
17,0.407169,0.765026,0.417019,0.395915,0.571382,-0.055311,-0.010854,0.001549,April
18,0.399765,0.760685,0.430220,0.339932,0.614843,-0.065312,-0.048391,-0.018168,April
19,0.394528,0.861734,0.450800,0.305444,0.577668,-0.065617,-0.050941,-0.018250,April
20,0.379324,0.930696,0.460342,0.423171,0.738458,-0.064728,-0.050966,-0.018230,April
21,0.381394,0.898333,0.453011,0.543300,0.795599,-0.065184,-0.050478,-0.018342,April
22,0.387919,0.879124,0.451637,0.576957,0.819338,-0.061019,-0.050402,-0.017872,April
23,0.391787,0.855534,0.435249,0.468372,0.704856,-0.055736,-0.047926,-0.015565,April
0,0.142134,0.741883,0.878813,0.187797,0.268458,-0.051590,-0.033473,-0.058769,March
1,0.118513,0.851252,0.876487,0.169590,0.281784,-0.052331,-0.034072,-0.058878,March
2,0.047260,0.795913,0.874172,0.226157,0.276982,-0.052627,-0.035025,-0.058942,March
3,0.015841,0.904355,0.864698,0.300274,0.326804,-0.052597,-0.035315,-0.058805,March
4,0.013566,0.959614,0.855053,0.257761,0.354577,-0.050810,-0.032188,-0.057350,March
5,0.007279,0.963847,0.857121,0.303618,0.334419,-0.025782,-0.021281,0.032203,March
6,0.031072,0.940966,0.866905,0.305071,0.292058,0.109317,0.271161,0.481722,March
7,0.106999,0.796027,0.873096,0.293136,0.086734,0.308733,0.438271,0.791182,March
8,0.291170,0.478485,0.878076,0.167775,0.062433,0.627749,0.502123,0.806049,March
9,0.348130,0.267483,0.876850,0.088502,0.032704,0.752225,0.480605,0.844973,March
10,0.407098,0.202190,0.871372,0.080814,0.030829,0.827601,0.465870,0.870702,March
11,0.422530,0.138454,0.860815,0.080566,0.030996,0.813628,0.513058,0.860177,March
12,0.439190,0.107135,0.842118,0.084009,0.029577,0.805424,0.519234,0.843361,March
13,0.432323,0.108404,0.843502,0.099238,0.033084,0.744456,0.502274,0.829306,March
14,0.396434,0.140278,0.845905,0.162552,0.057227,0.383723,0.489715,0.459842,March
15,0.307650,0.171088,0.845653,0.226075,0.072925,0.357754,0.432095,0.310321,March
16,0.298056,0.561053,0.842395,0.227874,0.076470,0.015835,0.107047,0.274587,March
17,0.219714,0.667866,0.841120,0.292503,0.224608,-0.044758,-0.020877,-0.049196,March
18,0.211770,0.694200,0.838066,0.275024,0.257312,-0.052401,-0.033094,-0.058877,March
19,0.143271,0.812939,0.841146,0.207519,0.231747,-0.052587,-0.035114,-0.058929,March
20,0.065735,0.959460,0.846494,0.306692,0.340596,-0.051835,-0.035375,-0.058885,March
21,0.055296,0.962164,0.836514,0.272410,0.294834,-0.052039,-0.035358,-0.058885,March
22,0.078540,0.951773,0.837281,0.304645,0.323259,-0.048217,-0.035107,-0.057728,March
23,0.048853,0.942852,0.831960,0.326516,0.336567,-0.038671,-0.027355,-0.053987,March
0,0.487004,0.973053,0.604678,0.118406,0.195466,-0.001500,-0.037444,-0.017500,October
1,0.513399,0.922984,0.601445,0.376194,0.386741,-0.003599,-0.038293,-0.018318,October
2,0.492161,0.869902,0.596682,0.470292,0.414928,-0.004016,-0.038417,-0.018404,October
3,0.506431,0.860986,0.592648,0.427200,0.398097,-0.004001,-0.038490,-0.018382,October
4,0.460128,0.981418,0.572910,0.358068,0.365508,-0.003702,-0.037986,-0.017688,October
5,0.451037,0.934417,0.576185,0.423718,0.343485,0.001446,-0.035044,-0.013521,October
6,0.503946,0.913665,0.588923,0.369348,0.387842,0.081517,0.129116,0.192444,October
7,0.591295,0.790766,0.594641,0.344227,0.278774,0.195832,0.354235,0.294803,October
8,0.601308,0.782738,0.579571,0.348506,0.219182,0.382607,0.342151,0.306718,October
9,0.625395,0.548704,0.581680,0.373504,0.233138,0.500501,0.441890,0.536977,October
10,0.651508,0.480278,0.568816,0.364950,0.298292,0.506881,0.505295,0.576560,October
11,0.663004,0.476278,0.558874,0.308216,0.226514,0.479105,0.534463,0.478295,October
12,0.651906,0.525652,0.550148,0.486757,0.316694,0.463589,0.658835,0.297838,October
13,0.614177,0.522365,0.534797,0.322818,0.231816,0.346164,0.707347,0.189722,October
14,0.612667,0.563383,0.531414,0.219390,0.137021,0.238453,0.483264,0.222011,October
15,0.621558,0.567059,0.527792,0.151541,0.162835,0.119801,0.338105,0.205522,October
16,0.515392,0.807155,0.527550,0.164765,0.217411,0.006267,-0.018785,-0.006072,October
17,0.498883,0.856368,0.535773,0.369037,0.399179,-0.002978,-0.037072,-0.017830,October
18,0.498403,0.900748,0.539591,0.341722,0.384065,-0.004016,-0.037698,-0.018316,October
19,0.474625,0.867921,0.547241,0.236726,0.337785,-0.003963,-0.038403,-0.018360,October
20,0.473685,0.954318,0.564411,0.196386,0.302259,-0.003579,-0.038429,-0.017939,October
21,0.462204,0.970105,0.576648,0.146862,0.206534,-0.003567,-0.038313,-0.018296,October
22,0.448637,0.993160,0.573345,0.128438,0.169391,-0.003385,-0.037868,-0.018331,October
23,0.453359,1.005970,0.578550,0.101604,0.188465,-0.002201,-0.033784,-0.017863,October
0,0.236364,0.919605,0.777844,0.269888,0.271923,0.000224,-0.023230,-0.038083,December
1,0.215805,1.051595,0.785530,0.269435,0.273117,-0.000478,-0.023153,-0.038128,December
2,0.175077,1.050581,0.779509,0.225308,0.251907,-0.000806,-0.023055,-0.038133,December
3,0.140515,1.065369,0.770364,0.177752,0.199422,-0.000484,-0.021739,-0.038095,December
4,0.112390,1.097982,0.767602,0.164676,0.201735,0.001357,-0.019696,-0.036793,December
5,0.144513,1.119600,0.775036,0.216220,0.239736,0.005348,-0.023039,-0.034359,December
6,0.121816,1.110501,0.776223,0.239828,0.244401,0.024225,0.001116,-0.021126,December
7,0.248912,1.079190,0.785385,0.239043,0.199279,0.123034,0.170550,0.387620,December
8,0.176762,1.021831,0.791789,0.136514,0.138997,0.248745,0.432020,0.464657,December
9,0.261944,0.926491,0.802115,0.147027,0.096363,0.375068,0.448715,0.670558,December
10,0.327030,0.810374,0.804251,0.156120,0.088141,0.426417,0.476813,0.682999,December
11,0.357827,0.623619,0.785327,0.136263,0.091679,0.455028,0.483499,0.692806,December
12,0.373945,0.496732,0.769248,0.079892,0.053820,0.433959,0.452094,0.759346,December
13,0.369392,0.509350,0.768042,0.071615,0.048126,0.332535,0.412730,0.681589,December
14,0.327683,0.640354,0.770173,0.065949,0.037972,0.168430,0.271705,0.465201,December
15,0.260329,0.882496,0.772609,0.063967,0.048696,0.032974,0.056308,0.077358,December
16,0.098947,1.069964,0.771080,0.158809,0.113955,0.001908,-0.014174,-0.032013,December
17,0.099421,1.088593,0.787667,0.165848,0.135048,-0.000629,-0.022400,-0.037859,December
18,0.094100,1.097765,0.784862,0.136330,0.133032,-0.000834,-0.023461,-0.038093,December
19,0.059441,1.100287,0.792111,0.085905,0.099957,-0.000676,-0.023712,-0.037882,December
20,0.034055,1.117752,0.807881,0.094068,0.141478,-0.000712,-0.023726,-0.037796,December
21,0.024555,1.122931,0.813013,0.110060,0.132701,-0.000787,-0.023696,-0.038119,December
22,0.023670,1.121861,0.814188,0.100617,0.127667,-0.000569,-0.023291,-0.038091,December
23,0.026927,1.118221,0.817048,0.069253,0.098440,0.000156,-0.020260,-0.037760,December
0,0.312277,0.900039,0.608907,0.133871,0.385417,-0.022611,-0.065755,-0.026425,May
1,0.304747,0.897376,0.606102,0.248535,0.470333,-0.026199,-0.066562,-0.026841,May
2,0.302442,0.891345,0.603863,0.416042,0.552029,-0.026879,-0.066635,-0.026863,May
3,0.302479,0.868795,0.582296,0.545061,0.554631,-0.026832,-0.066606,-0.026730,May
4,0.301106,0.889932,0.553187,0.461193,0.580696,-0.019720,-0.053975,-0.021737,May
5,0.303088,0.908821,0.575550,0.412308,0.438185,0.052407,0.060260,0.020589,May
6,0.349704,0.812096,0.578175,0.231103,0.267967,0.224056,0.634573,0.301448,May
7,0.379545,0.647122,0.594417,0.289731,0.158437,0.258125,0.403452,0.199061,May
8,0.485207,0.659318,0.584921,0.498669,0.257530,0.295051,0.517974,0.011858,May
9,0.468825,0.601875,0.578209,0.492673,0.463943,0.401649,0.707752,0.032192,May
10,0.487684,0.590366,0.564024,0.462916,0.488112,0.247766,0.695333,0.004786,May
11,0.493431,0.569627,0.524413,0.516189,0.344377,0.440530,0.809588,0.120760,May
12,0.528673,0.517331,0.510978,0.672439,0.470141,0.728220,0.634612,0.428398,May
13,0.519170,0.522662,0.505104,0.692085,0.499360,0.645674,0.698710,0.491377,May
14,0.509644,0.534343,0.501672,0.547634,0.410961,0.317383,0.528345,0.363071,May
15,0.496326,0.537616,0.500709,0.501313,0.282121,0.294648,0.533358,0.292447,May
16,0.510622,0.571468,0.504107,0.573209,0.482953,0.113348,0.175764,0.056395,May
17,0.487579,0.636780,0.508321,0.480388,0.491532,0.071767,0.371983,0.062631,May
18,0.489589,0.657833,0.517493,0.250480,0.355233,-0.018694,0.045331,-0.022736,May
19,0.433677,0.716591,0.513967,0.186879,0.288974,-0.025279,-0.029457,-0.026687,May
20,0.398262,0.715010,0.527796,0.253039,0.418381,-0.019688,-0.059094,-0.026117,May
21,0.392902,0.753739,0.514802,0.302978,0.457496,-0.020587,-0.064022,-0.025247,May
22,0.376369,0.753801,0.520484,0.337400,0.537844,-0.009582,-0.059030,-0.021992,May
23,0.338435,0.722307,0.516602,0.304410,0.508044,0.002854,-0.050799,-0.009194,May
0,0.578340,0.819092,0.468696,0.419238,0.487755,-0.043292,-0.069717,-0.017495,August
1,0.559646,0.836254,0.463863,0.233040,0.385645,-0.043447,-0.071153,-0.017504,August
2,0.549444,0.874057,0.458465,0.185168,0.294294,-0.044746,-0.070612,-0.017620,August
3,0.546795,0.908027,0.461002,0.201641,0.406997,-0.044661,-0.071206,-0.017358,August
4,0.555454,0.890485,0.467328,0.363379,0.463269,-0.034544,-0.039886,-0.013855,August
5,0.568217,0.831896,0.480664,0.454575,0.528673,0.232666,0.127775,0.574174,August
6,0.591858,0.681316,0.480128,0.496762,0.441267,0.174653,0.374400,0.713423,August
7,0.643655,0.480002,0.482872,0.551387,0.412346,0.275320,0.565848,0.774360,August
8,0.627645,0.681807,0.474262,0.596269,0.496188,0.636416,0.475575,0.764888,August
9,0.675789,0.541951,0.480107,0.428135,0.347385,0.638023,0.295429,0.754364,August
10,0.718793,0.494911,0.475154,0.406302,0.324082,0.838221,0.411244,0.779222,August
11,0.708892,0.488562,0.482529,0.366311,0.355711,0.870560,0.570918,0.788141,August
12,0.728117,0.423741,0.470399,0.493771,0.370432,0.853103,0.764550,0.768049,August
13,0.726513,0.332143,0.481813,0.564748,0.414530,0.791628,0.792983,0.732123,August
14,0.683170,0.325115,0.468625,0.460001,0.405744,0.451109,0.643198,0.332423,August
15,0.718149,0.334766,0.472794,0.372603,0.310184,0.365540,0.657400,0.529081,August
16,0.699098,0.447147,0.473264,0.475180,0.316274,0.057813,0.079836,0.300182,August
17,0.650647,0.488846,0.487195,0.455409,0.389014,-0.012693,-0.005045,0.163325,August
18,0.591481,0.533822,0.496448,0.360821,0.488470,-0.043699,-0.061917,-0.014599,August
19,0.568870,0.631337,0.500491,0.334229,0.531313,-0.043875,-0.071023,-0.016410,August
20,0.555731,0.812998,0.507439,0.429555,0.551110,-0.042928,-0.071399,-0.015093,August
21,0.546773,0.764028,0.507244,0.339769,0.525914,-0.040925,-0.069149,-0.007442,August
22,0.548196,0.847728,0.514637,0.285354,0.433359,-0.039219,-0.069641,-0.009978,August
23,0.546662,0.757178,0.515555,0.315720,0.460328,-0.031980,-0.066842,0.047671,August
0,0.271491,0.430629,0.625825,0.190303,0.230536,-0.054458,-0.038368,0.007502,April
1,0.318607,0.397269,0.625455,0.269712,0.258656,-0.052510,-0.049040,0.029137,April
2,0.332784,0.165328,0.626967,0.268068,0.271242,-0.041390,-0.051345,0.094239,April
3,0.295805,0.248745,0.632315,0.411957,0.349280,-0.054675,-0.051396,0.038589,April
4,0.196943,0.373341,0.646570,0.357390,0.295221,-0.063264,-0.038287,-0.011341,April
5,0.219924,0.390740,0.655574,0.227306,0.273590,-0.054766,0.116079,0.006903,April
6,0.287127,0.418373,0.673955,0.191172,0.231797,0.035476,0.488738,0.124949,April
7,0.365662,0.391651,0.676072,0.146824,0.214323,0.163840,0.655836,0.586055,April
8,0.395748,0.223005,0.652543,0.408911,0.254721,0.511669,0.629301,0.545197,April
9,0.413981,0.183659,0.662136,0.459978,0.260432,0.771963,0.687785,0.732179,April
10,0.420557,0.170895,0.667502,0.245178,0.257082,0.835364,0.750546,0.733749,April
11,0.421879,0.246791,0.657120,0.202986,0.218100,0.860739,0.683758,0.772345,April
12,0.417125,0.442985,0.651203,0.312830,0.240313,0.798390,0.622857,0.776623,April
13,0.397275,0.338346,0.639353,0.370331,0.309337,0.781780,0.543719,0.785107,April
14,0.385319,0.527421,0.639777,0.396790,0.286601,0.584424,0.328592,0.743744,April
15,0.362837,0.486196,0.636295,0.385512,0.354570,0.278756,0.248086,0.716784,April
16,0.282570,0.592762,0.638604,0.382453,0.273185,0.151293,0.098063,0.710939,April
17,0.248142,0.641827,0.636211,0.202389,0.214585,-0.031037,-0.042249,0.231556,April
18,0.205027,0.750216,0.654209,0.158236,0.219278,-0.060514,-0.050772,-0.023614,April
19,0.153631,0.860375,0.671819,0.157647,0.224436,-0.064252,-0.051441,-0.026055,April
20,0.128307,0.880748,0.679048,0.247139,0.316567,-0.063926,-0.051334,-0.026066,April
21,0.119527,0.875484,0.681375,0.383272,0.376398,-0.063407,-0.050635,-0.025887,April
22,0.131353,0.863116,0.685858,0.371834,0.440045,-0.060892,-0.050676,-0.025655,April
23,0.119333,0.845440,0.685066,0.473406,0.446069,-0.056538,-0.048960,-0.024620,April
0,0.423351,0.932415,0.596284,0.111921,0.123272,0.008340,-0.049891,-0.082635,June
1,0.412619,0.922931,0.570655,0.190621,0.194007,0.006047,-0.052141,-0.084420,June
2,0.413141,0.932547,0.563541,0.188352,0.263610,0.004309,-0.052446,-0.084182,June
3,0.400694,0.928295,0.566356,0.253454,0.427056,0.004846,-0.052291,-0.083812,June
4,0.403490,0.917194,0.575678,0.150685,0.236014,0.006504,-0.023823,-0.062707,June
5,0.466547,0.761970,0.614508,0.268385,0.413951,0.177496,0.297358,0.423573,June
6,0.590871,0.669867,0.642355,0.418691,0.474386,0.272977,0.571156,0.373024,June
7,0.716393,0.372143,0.647049,0.470413,0.498978,0.493887,0.516905,0.738225,June
8,0.796847,0.220665,0.643506,0.478770,0.449309,0.785243,0.429890,0.847518,June
9,0.811945,0.187608,0.651189,0.476939,0.436584,0.966994,0.537277,0.914334,June
10,0.829524,0.150737,0.651439,0.484276,0.466252,1.019740,0.606052,0.927858,June
11,0.829732,0.127874,0.650659,0.483258,0.480787,1.023261,0.618373,0.919359,June
12,0.821464,0.146874,0.640819,0.353931,0.209261,0.965887,0.629855,0.866262,June
13,0.828601,0.133333,0.627775,0.217516,0.142110,0.847364,0.620280,0.457594,June
14,0.813855,0.138758,0.620026,0.232008,0.151656,0.731881,0.555133,0.510391,June
15,0.799645,0.138086,0.596848,0.156188,0.100291,0.663593,0.499089,0.680102,June
16,0.795599,0.211064,0.565736,0.136878,0.089810,0.211746,0.384998,0.417681,June
17,0.732246,0.382738,0.569227,0.151687,0.113989,0.070200,0.105199,0.281691,June
18,0.641045,0.528550,0.574176,0.176760,0.115860,0.004482,-0.044786,0.033935,June
19,0.509810,0.579718,0.579302,0.243407,0.180466,0.002629,-0.051979,-0.082620,June
20,0.470823,0.685128,0.601115,0.255078,0.171188,0.002179,-0.052446,-0.082552,June
21,0.436439,0.733874,0.605786,0.293200,0.201230,0.004074,-0.052418,-0.083546,June
22,0.417034,0.863727,0.604018,0.309988,0.224465,0.006377,-0.050476,-0.084521,June
23,0.414361,0.899250,0.594950,0.260932,0.265860,0.009326,-0.047801,-0.079940,June
0,0.068060,0.874926,0.847843,0.372871,0.366809,-0.069365,-0.015322,-0.047832,March
1,0.085022,0.860842,0.841152,0.387290,0.366812,-0.070090,-0.015553,-0.047912,March
2,0.078318,0.879092,0.829952,0.340807,0.362973,-0.070408,-0.015589,-0.047956,March
3,0.029903,0.931101,0.812805,0.361626,0.366633,-0.070469,-0.015528,-0.047909,March
4,0.031110,0.873454,0.797062,0.340882,0.360026,-0.068482,-0.011408,-0.046493,March
5,0.031008,0.848977,0.815875,0.353114,0.362191,-0.043156,0.001450,0.002587,March
6,0.123268,0.753934,0.829971,0.344124,0.364320,0.031831,0.272453,0.281502,March
7,0.266674,0.506907,0.838038,0.327754,0.345460,0.307597,0.508368,0.592246,March
8,0.353438,0.458224,0.843408,0.408235,0.329144,0.485611,0.518752,0.724061,March
9,0.375644,0.344414,0.848336,0.408963,0.283790,0.643007,0.557080,0.748760,March
10,0.400248,0.306525,0.847321,0.331742,0.213273,0.722923,0.572297,0.759006,March
11,0.405033,0.282842,0.831119,0.328144,0.179989,0.728864,0.590323,0.761982,March
12,0.409604,0.280053,0.805303,0.393846,0.246012,0.712378,0.556603,0.761301,March
13,0.403677,0.285334,0.800169,0.410708,0.271851,0.650481,0.522608,0.753475,March
14,0.396590,0.296641,0.783202,0.308811,0.249125,0.450811,0.466737,0.658918,March
15,0.388232,0.341435,0.774994,0.125324,0.107315,0.214117,0.336699,0.602755,March
16,0.266489,0.756417,0.770660,0.078617,0.076019,-0.015805,0.146700,0.196118,March
17,0.153179,0.900237,0.772835,0.073411,0.079478,-0.066298,-0.004297,-0.039745,March
18,0.147577,0.864617,0.781461,0.070994,0.074932,-0.070248,-0.014782,-0.047455,March
19,0.091087,0.916343,0.774598,0.082738,0.080421,-0.070498,-0.015587,-0.047828,March
20,0.062779,0.975823,0.773919,0.105061,0.085381,-0.069980,-0.015606,-0.047767,March
21,0.036516,0.966013,0.772386,0.114781,0.103246,-0.069853,-0.015574,-0.047878,March
22,0.027845,0.973194,0.770528,0.106257,0.102085,-0.067857,-0.015229,-0.047677,March
23,0.008136,0.983836,0.767689,0.113992,0.100074,-0.066691,-0.013291,-0.046836,March
0,0.544860,1.015193,0.407471,0.246909,0.287679,0.040582,0.017819,-0.030239,June
1,0.534609,1.005264,0.404972,0.229308,0.287071,0.009928,-0.002824,-0.033144,June
2,0.531606,1.027792,0.404872,0.266892,0.293389,-0.001824,-0.001005,-0.033536,June
3,0.531622,1.019745,0.405156,0.415790,0.376610,-0.003332,0.017752,-0.033538,June
4,0.534612,0.925740,0.404779,0.344244,0.328143,0.004820,0.090492,-0.029410,June
5,0.564697,0.830790,0.412680,0.282372,0.315992,0.352908,0.341861,0.303822,June
6,0.576169,0.719409,0.424634,0.279165,0.341330,0.403563,0.403355,0.407979,June
7,0.606964,0.692601,0.430959,0.658454,0.450092,0.668158,0.483159,0.438241,June
8,0.640490,0.635666,0.429426,0.715512,0.609353,0.702122,0.621102,0.556254,June
9,0.647260,0.629462,0.443107,0.714487,0.595420,0.729138,0.860611,0.530337,June
10,0.668365,0.614584,0.440131,0.676136,0.578263,0.794655,0.899559,0.567268,June
11,0.662905,0.644350,0.440520,0.647178,0.592000,0.898745,0.728331,0.641659,June
12,0.610731,0.754603,0.442549,0.628561,0.576549,0.807409,0.452113,0.623663,June
13,0.637105,0.742067,0.442298,0.555281,0.528191,0.609941,0.629715,0.294990,June
14,0.658495,0.651232,0.444666,0.610778,0.562542,0.590041,0.564175,0.498553,June
15,0.668525,0.594873,0.446101,0.646739,0.588837,0.511431,0.672320,0.593396,June
16,0.647466,0.697854,0.428576,0.639113,0.447413,0.287946,0.430142,0.456102,June
17,0.641101,0.772086,0.439257,0.613137,0.467879,0.105924,0.285800,0.289496,June
18,0.605586,0.750069,0.444540,0.568657,0.548568,0.008651,0.063354,-0.017104,June
19,0.589962,0.795928,0.448656,0.587983,0.605371,0.003782,-0.010658,-0.030991,June
20,0.567646,0.930820,0.455423,0.630164,0.615462,0.002229,-0.013900,-0.027225,June
21,0.552444,0.910621,0.457819,0.525521,0.565344,-0.000095,-0.012839,-0.031736,June
22,0.550448,0.946669,0.457846,0.403403,0.497736,0.005322,-0.013200,-0.032098,June
23,0.548410,0.976147,0.458585,0.312260,0.432279,0.009521,-0.009396,-0.022964,June
0,0.453351,0.767506,0.561835,0.210269,0.361411,-0.062893,-0.028318,-0.036628,August
1,0.439262,0.783301,0.534904,0.236582,0.465301,-0.068535,-0.029607,-0.038312,August
2,0.433842,0.801036,0.527155,0.289538,0.411321,-0.070088,-0.029602,-0.038352,August
3,0.420925,0.809336,0.522754,0.363374,0.537454,-0.070248,-0.029616,-0.038361,August
4,0.429642,0.774314,0.523341,0.318174,0.517145,-0.069491,-0.025433,-0.038176,August
5,0.511068,0.754209,0.530980,0.329606,0.462376,0.018439,0.000585,0.030644,August
6,0.594474,0.734626,0.537373,0.332741,0.508043,0.248178,0.220888,0.300026,August
7,0.636395,0.500566,0.548282,0.370052,0.415521,0.420007,0.191220,0.406221,August
8,0.557817,0.461064,0.551411,0.507532,0.474459,0.495334,0.388316,0.366319,August
9,0.630250,0.318664,0.538200,0.389171,0.457559,0.631135,0.416811,0.428791,August
10,0.717559,0.212208,0.540587,0.352018,0.449124,0.822673,0.406349,0.849494,August
11,0.748528,0.119387,0.539512,0.382076,0.462460,0.920466,0.371917,0.882343,August
12,0.742467,0.160597,0.534697,0.593807,0.590135,0.865275,0.362223,0.891132,August
13,0.736883,0.233097,0.524955,0.616549,0.567331,0.812809,0.380014,0.852323,August
14,0.697080,0.254020,0.522346,0.607076,0.542138,0.660077,0.266756,0.766645,August
15,0.669539,0.158739,0.522107,0.637387,0.563078,0.622731,0.173656,0.802659,August
16,0.551253,0.370111,0.529742,0.552201,0.558450,0.015020,0.076178,0.318537,August
17,0.521535,0.371228,0.536165,0.516309,0.565531,-0.023150,0.007972,0.270135,August
18,0.563322,0.201643,0.539764,0.314051,0.509589,-0.062294,-0.028399,0.081250,August
19,0.464155,0.283915,0.548463,0.281629,0.465006,-0.067460,-0.029587,-0.032831,August
20,0.428676,0.570917,0.574786,0.342807,0.474526,-0.067265,-0.028279,-0.031323,August
21,0.422793,0.587039,0.584153,0.404272,0.528646,-0.067755,-0.019634,-0.034711,August
22,0.423210,0.726555,0.589744,0.405508,0.498652,-0.064634,-0.019034,-0.037184,August
23,0.425619,0.631196,0.589710,0.439271,0.531197,-0.050114,-0.015445,-0.022787,August
0,0.158291,0.878016,0.850806,0.162754,0.214472,-0.020802,-0.036958,-0.010782,January
1,0.146073,0.905211,0.851075,0.190965,0.237325,-0.021186,-0.037558,-0.010908,January
2,0.142675,0.915544,0.851205,0.237831,0.270760,-0.021206,-0.037609,-0.010909,January
3,0.144998,0.910163,0.851612,0.220477,0.306648,-0.021205,-0.037492,-0.010907,January
4,0.145172,0.923134,0.851329,0.259919,0.317936,-0.020794,-0.036621,-0.010823,January
5,0.146762,0.918870,0.853827,0.259534,0.324160,-0.020107,-0.034888,-0.010453,January
6,0.149483,0.916640,0.855781,0.255941,0.307593,-0.017375,0.010021,-0.006900,January
7,0.172703,0.905842,0.864178,0.361054,0.306168,0.002049,0.413978,0.051162,January
8,0.258596,0.882566,0.863051,0.287045,0.284801,0.098043,0.635381,0.224981,January
9,0.296997,0.800950,0.874898,0.401211,0.310097,0.271635,0.743421,0.366291,January
10,0.308790,0.740523,0.869275,0.405789,0.325255,0.345025,0.762811,0.407271,January
11,0.322137,0.623303,0.869661,0.409478,0.327328,0.354030,0.745181,0.427964,January
12,0.327540,0.645095,0.869062,0.419093,0.346473,0.323060,0.660807,0.427363,January
13,0.318649,0.648851,0.867710,0.411939,0.345603,0.234029,0.629259,0.397779,January
14,0.313505,0.707142,0.872518,0.385167,0.316678,0.174034,0.548466,0.333991,January
15,0.308241,0.766775,0.872130,0.274089,0.264489,0.013910,0.167741,0.217880,January
16,0.244505,0.841440,0.865250,0.289692,0.289129,-0.017349,-0.025022,-0.001486,January
17,0.237227,0.840025,0.871045,0.268654,0.274365,-0.020374,-0.036269,-0.010184,January
18,0.222378,0.900549,0.876144,0.299050,0.281822,-0.020901,-0.037332,-0.010859,January
19,0.193313,0.899244,0.877917,0.323651,0.336596,-0.021122,-0.037568,-0.010879,January
20,0.232274,0.869612,0.879634,0.373436,0.353463,-0.020985,-0.037603,-0.010854,January
21,0.268011,0.778443,0.880895,0.406052,0.365654,-0.021007,-0.037465,-0.010856,January
22,0.280486,0.750744,0.881265,0.420660,0.371708,-0.020105,-0.035527,-0.010358,January
23,0.275330,0.713664,0.881222,0.419698,0.371301,-0.015188,-0.029869,-0.008359,January
0,0.381506,0.937970,0.243480,0.602576,0.602852,-0.030390,-0.062618,-0.022554,November
1,0.367454,0.905455,0.256568,0.475485,0.520440,-0.031431,-0.062892,-0.022784,November
2,0.329943,0.937596,0.219539,0.249062,0.490229,-0.031678,-0.062993,-0.022879,November
3,0.338289,0.908877,0.203268,0.293289,0.452618,-0.031690,-0.062899,-0.022752,November
4,0.414469,0.756911,0.239335,0.467844,0.575149,-0.030469,-0.061855,-0.020415,November
5,0.349494,0.658835,0.308673,0.418079,0.615875,-0.024835,-0.060269,0.002298,November
6,0.346619,0.886030,0.312237,0.481179,0.525090,-0.009707,-0.000352,-0.000308,November
7,0.407782,0.755777,0.373455,0.400226,0.454859,0.075432,0.422047,0.259302,November
8,0.531792,0.658943,0.347268,0.639547,0.589439,0.215715,0.350474,0.499787,November
9,0.576138,0.474320,0.354455,0.657680,0.594550,0.355105,0.515729,0.635948,November
10,0.589546,0.407483,0.339533,0.685230,0.602780,0.416655,0.572669,0.711799,November
11,0.598558,0.371072,0.275048,0.697053,0.623516,0.444243,0.574479,0.743259,November
12,0.601068,0.393496,0.263954,0.708432,0.652456,0.431641,0.476772,0.737023,November
13,0.562353,0.439784,0.272552,0.703850,0.639826,0.279810,0.419093,0.457177,November
14,0.543518,0.438227,0.256501,0.597918,0.492259,0.108841,0.297465,0.475621,November
15,0.556152,0.518631,0.279065,0.410754,0.397678,0.010999,0.076586,0.121837,November
16,0.439142,0.685552,0.303569,0.210574,0.393370,-0.028264,-0.057062,-0.015014,November
17,0.440813,0.602893,0.279607,0.191977,0.348973,-0.030829,-0.062806,-0.021977,November
18,0.421410,0.550095,0.232511,0.205612,0.359024,-0.031691,-0.062930,-0.022715,November
19,0.393481,0.576440,0.230729,0.196312,0.387923,-0.031790,-0.063033,-0.022815,November
20,0.358389,0.658560,0.230710,0.187068,0.345178,-0.031537,-0.062825,-0.022756,November
21,0.345624,0.696270,0.216563,0.204459,0.340014,-0.031494,-0.062762,-0.022861,November
22,0.332460,0.719638,0.216520,0.187894,0.278125,-0.030839,-0.060766,-0.022603,November
23,0.322771,0.726881,0.202290,0.179812,0.266146,-0.030757,-0.055730,-0.022194,November
0,0.580968,0.788201,0.491822,0.350153,0.483331,-0.059905,-0.038562,-0.018827,September
1,0.582747,0.783783,0.476047,0.572950,0.602269,-0.060534,-0.038879,-0.018954,September
2,0.580122,0.785485,0.465192,0.711337,0.640725,-0.060648,-0.038751,-0.018972,September
3,0.581485,0.776630,0.461167,0.626426,0.651383,-0.060644,-0.038875,-0.018918,September
4,0.577492,0.774206,0.452420,0.530808,0.630833,-0.059647,-0.037229,-0.017411,September
5,0.581861,0.762963,0.462644,0.374125,0.510141,-0.029688,-0.014938,0.074434,September
6,0.637876,0.722799,0.474817,0.341249,0.481758,0.049158,0.167782,0.525313,September
7,0.657376,0.522758,0.488176,0.498338,0.425715,0.218675,0.327776,0.750707,September
8,0.682949,0.364561,0.471415,0.423751,0.420799,0.517375,0.470195,0.818948,September
9,0.739698,0.229401,0.473466,0.628163,0.529443,0.624610,0.455083,0.829149,September
10,0.763031,0.181441,0.469943,0.548515,0.562995,0.808796,0.530318,0.929622,September
11,0.776661,0.164975,0.457335,0.462238,0.496235,0.846987,0.520064,0.945935,September
12,0.778148,0.173822,0.459277,0.542388,0.512176,0.815364,0.473023,0.949165,September
13,0.750599,0.175841,0.459712,0.501691,0.481799,0.773556,0.504784,0.936164,September
14,0.734753,0.242314,0.454453,0.405493,0.435916,0.420110,0.368338,0.786631,September
15,0.710681,0.301428,0.452910,0.396598,0.446092,0.280433,0.248225,0.678124,September
16,0.680071,0.397630,0.458264,0.409583,0.454659,0.079937,0.113106,0.494800,September
17,0.662890,0.458075,0.465942,0.401378,0.459865,-0.050764,-0.031965,0.019646,September
18,0.629947,0.524755,0.477429,0.368674,0.466094,-0.060153,-0.037767,-0.018593,September
19,0.596259,0.531724,0.500675,0.312023,0.439402,-0.060698,-0.038879,-0.018955,September
20,0.588417,0.567835,0.507987,0.378293,0.507555,-0.060523,-0.038875,-0.018906,September
21,0.576895,0.556522,0.511340,0.366654,0.466180,-0.059698,-0.038858,-0.018649,September
22,0.568758,0.645638,0.512937,0.290962,0.453130,-0.058681,-0.038689,-0.018641,September
23,0.564911,0.700467,0.513414,0.275843,0.434631,-0.051294,-0.036970,-0.016799,September
0,0.118746,0.687888,0.897661,0.502583,0.402906,-0.059278,-0.038259,-0.065417,March
1,0.117834,0.652771,0.897232,0.480682,0.380934,-0.062005,-0.038992,-0.065625,March
2,0.089314,0.701804,0.897622,0.399777,0.362015,-0.062447,-0.039219,-0.065641,March
3,0.085977,0.696886,0.896942,0.329069,0.344843,-0.062401,-0.039029,-0.065594,March
4,0.089968,0.664115,0.896510,0.267081,0.314639,-0.060557,-0.038659,-0.064902,March
5,0.086504,0.601741,0.899426,0.431172,0.360143,-0.044224,-0.035368,-0.043856,March
6,0.097695,0.537459,0.904465,0.406234,0.364243,0.025646,0.013497,0.062792,March
7,0.119376,0.432808,0.912864,0.336478,0.329108,0.181482,0.121168,0.123343,March
8,0.160216,0.456227,0.906781,0.385974,0.342059,0.404508,0.291400,0.467126,March
9,0.172184,0.326923,0.909081,0.263200,0.283310,0.519206,0.366694,0.526323,March
10,0.184714,0.284822,0.905595,0.226535,0.272864,0.560379,0.487891,0.581216,March
11,0.182591,0.280325,0.909969,0.213075,0.270927,0.559541,0.610233,0.561496,March
12,0.158026,0.363264,0.911413,0.281002,0.282212,0.515002,0.774439,0.165951,March
13,0.160733,0.363516,0.914758,0.362588,0.318578,0.246020,0.772644,-0.007437,March
14,0.158638,0.367732,0.920174,0.471067,0.346555,0.195340,0.629930,0.008185,March
15,0.161357,0.328856,0.923520,0.495150,0.376176,0.090847,0.490627,-0.007611,March
16,0.142252,0.462720,0.923440,0.497241,0.372923,-0.014381,0.144655,0.104681,March
17,0.121417,0.501450,0.928417,0.404591,0.364206,-0.056616,-0.018904,-0.038003,March
18,0.126762,0.516535,0.933037,0.411836,0.359633,-0.061726,-0.037686,-0.063351,March
19,0.116013,0.474425,0.934395,0.426392,0.393643,-0.061157,-0.039155,-0.059517,March
20,0.113646,0.437236,0.935730,0.502215,0.414332,-0.058753,-0.039027,-0.063419,March
21,0.119516,0.367994,0.936383,0.486955,0.414223,-0.061739,-0.037895,-0.065373,March
22,0.109656,0.364658,0.936650,0.480465,0.424904,-0.060071,-0.037598,-0.064854,March
23,0.097330,0.383510,0.936710,0.468503,0.416847,-0.054821,-0.033695,-0.062660,March
0,0.191079,0.768751,0.746526,0.450054,0.445305,-0.052171,-0.033114,-0.072412,March
1,0.091264,0.850389,0.748283,0.415948,0.442051,-0.053716,-0.033275,-0.072836,March
2,0.069429,0.805231,0.729433,0.380599,0.426057,-0.053972,-0.033131,-0.072903,March
3,0.098666,0.863276,0.726058,0.288054,0.400539,-0.054121,-0.032659,-0.072870,March
4,0.084240,0.805095,0.712579,0.175593,0.360165,-0.049338,-0.024950,-0.069397,March
5,0.074542,0.843416,0.721483,0.269368,0.399786,-0.023541,-0.013225,-0.024364,March
6,0.200534,0.792747,0.735660,0.358448,0.409686,0.054722,0.260112,0.082228,March
7,0.277760,0.672431,0.757456,0.398733,0.376748,0.242140,0.651879,0.540329,March
8,0.322804,0.503542,0.759510,0.403248,0.376266,0.520743,0.537666,0.717436,March
9,0.342286,0.393199,0.793459,0.418034,0.286819,0.691540,0.671147,0.814485,March
10,0.361293,0.395768,0.792974,0.266161,0.166413,0.768227,0.710978,0.821830,March
11,0.356513,0.388884,0.765567,0.227165,0.144869,0.764826,0.773982,0.793086,March
12,0.349939,0.400367,0.744357,0.282734,0.187621,0.737055,0.774539,0.722651,March
13,0.329158,0.394638,0.742742,0.466009,0.355535,0.620989,0.721835,0.743706,March
14,0.256082,0.464793,0.738131,0.473535,0.385110,0.313423,0.667703,0.273744,March
15,0.219134,0.470583,0.728358,0.442000,0.366747,0.206346,0.561628,0.333306,March
16,0.179214,0.671573,0.756099,0.264960,0.298570,0.010088,0.140006,0.282511,March
17,0.100609,0.748932,0.791003,0.194023,0.249558,-0.049951,-0.022274,-0.055126,March
18,0.127191,0.741889,0.801825,0.136477,0.178534,-0.053830,-0.032492,-0.071585,March
19,0.078757,0.691065,0.814023,0.121896,0.176542,-0.054050,-0.033467,-0.072568,March
20,0.044469,0.784511,0.827054,0.155718,0.263217,-0.053186,-0.033428,-0.072480,March
21,0.017615,0.782458,0.830785,0.185547,0.243781,-0.053806,-0.033212,-0.072804,March
22,0.009786,0.793816,0.834744,0.164241,0.255858,-0.052186,-0.032635,-0.072662,March
23,0.000765,0.793603,0.835010,0.180025,0.268892,-0.049120,-0.028875,-0.071763,March
0,0.531154,0.812765,0.540541,0.423675,0.537184,0.006064,0.001853,-0.050997,June
1,0.511730,0.815060,0.520016,0.576177,0.632211,0.002639,-0.000656,-0.051061,June
2,0.506245,0.816826,0.509154,0.661864,0.620881,0.000854,0.002164,-0.051065,June
3,0.490373,0.818215,0.509492,0.576351,0.599523,0.001389,-0.000219,-0.050981,June
4,0.497585,0.816378,0.509417,0.421767,0.574946,0.010740,0.004019,-0.045662,June
5,0.523142,0.812859,0.511287,0.507129,0.574109,0.182318,0.033540,0.117250,June
6,0.589813,0.790714,0.521588,0.590439,0.603153,0.391435,0.314833,0.555340,June
7,0.576016,0.749467,0.531614,0.446216,0.466573,0.232051,0.269928,0.396139,June
8,0.628746,0.648264,0.526371,0.487878,0.521720,0.772536,0.544589,0.721457,June
9,0.661808,0.515057,0.517400,0.443044,0.502342,0.950776,0.556390,0.870384,June
10,0.706509,0.327263,0.515918,0.496859,0.467378,1.027487,0.524455,0.931073,June
11,0.708837,0.283755,0.523917,0.592039,0.532782,1.031572,0.412430,0.925067,June
12,0.697705,0.278485,0.527863,0.648910,0.583057,0.956704,0.546632,0.854761,June
13,0.706938,0.259831,0.524814,0.687147,0.651652,0.757354,0.558822,0.670468,June
14,0.692159,0.287558,0.533602,0.745560,0.689906,0.670093,0.534709,0.322017,June
15,0.690189,0.302862,0.533634,0.778859,0.718010,0.396323,0.503045,0.268697,June
16,0.617113,0.487524,0.566519,0.710576,0.602255,0.127515,0.282381,0.087380,June
17,0.588459,0.567848,0.584946,0.543503,0.571973,0.064657,0.200541,0.119835,June
18,0.569396,0.482199,0.586150,0.437849,0.558428,0.004323,0.016535,-0.028842,June
19,0.537419,0.496763,0.593132,0.534164,0.631207,0.005294,-0.001076,-0.042014,June
20,0.512919,0.621691,0.615966,0.712581,0.694875,0.006383,0.002320,-0.039735,June
21,0.505663,0.628614,0.619977,0.602845,0.671898,0.010746,0.016055,-0.038367,June
22,0.496395,0.687423,0.622478,0.528064,0.505154,0.018972,0.016398,-0.039607,June
23,0.500956,0.666854,0.622929,0.388633,0.456559,0.037291,0.026257,-0.009386,June
0,0.210982,0.992801,0.808821,0.224247,0.204943,-0.003606,-0.017501,-0.022833,October
1,0.190817,0.989964,0.789626,0.192935,0.208730,-0.004230,-0.017714,-0.023018,October
2,0.198997,0.978666,0.762320,0.175421,0.267095,-0.004652,-0.017808,-0.023027,October
3,0.196998,0.982128,0.738942,0.193632,0.325667,-0.004583,-0.017752,-0.022930,October
4,0.173482,0.996869,0.747999,0.119951,0.180224,-0.004282,-0.014363,-0.022646,October
5,0.184178,0.972800,0.752417,0.137975,0.286542,-0.000067,0.003914,-0.019010,October
6,0.232657,0.930149,0.815635,0.266520,0.414070,0.058089,0.135520,0.036377,October
7,0.381471,0.800874,0.836558,0.198275,0.397487,0.296149,0.245396,0.466169,October
8,0.437435,0.510896,0.829376,0.280385,0.136078,0.451926,0.375537,0.774382,October
9,0.525452,0.310277,0.846984,0.324920,0.166484,0.619840,0.428013,0.884674,October
10,0.548881,0.263522,0.844406,0.353253,0.172497,0.684624,0.416518,0.924524,October
11,0.555399,0.258020,0.830102,0.399826,0.202109,0.710144,0.407885,0.936462,October
12,0.541500,0.328001,0.819244,0.410707,0.220949,0.605019,0.373897,0.914224,October
13,0.507060,0.401750,0.774250,0.401075,0.230641,0.304836,0.367571,0.546705,October
14,0.504283,0.373654,0.764426,0.299171,0.165355,0.279065,0.250300,0.541027,October
15,0.506425,0.565079,0.739972,0.098017,0.072284,0.125258,0.129900,0.648360,October
16,0.327368,0.735701,0.729340,0.123751,0.099469,0.012100,0.003015,0.073760,October
17,0.270045,0.853037,0.742238,0.135510,0.167933,-0.003541,-0.016980,-0.019969,October
18,0.262523,0.937934,0.788336,0.231297,0.280353,-0.004657,-0.017567,-0.023007,October
19,0.234120,0.945382,0.790764,0.273674,0.399790,-0.004753,-0.017789,-0.023035,October
20,0.243819,0.985040,0.791697,0.157594,0.302050,-0.004658,-0.017855,-0.023016,October
21,0.201971,0.991993,0.773433,0.131908,0.196345,-0.004652,-0.017803,-0.023008,October
22,0.207019,0.989075,0.755382,0.094842,0.136475,-0.004254,-0.017709,-0.022754,October
23,0.183476,0.982075,0.735003,0.112475,0.145380,-0.003011,-0.016838,-0.021762,October
0,0.169255,0.934625,0.719119,0.184514,0.174017,-0.031133,-0.008338,-0.035719,February
1,0.115271,0.906870,0.715820,0.283258,0.229445,-0.033157,-0.008750,-0.036314,February
2,0.092156,0.861235,0.692998,0.199620,0.289031,-0.033925,-0.008913,-0.036587,February
3,0.060758,0.902455,0.673249,0.111318,0.173096,-0.033919,-0.008954,-0.036518,February
4,0.029682,0.970821,0.683167,0.115434,0.117540,-0.033600,-0.008748,-0.036475,February
5,0.031598,0.961074,0.686460,0.072596,0.114632,-0.031158,-0.008594,-0.035906,February
6,0.031707,0.964745,0.696725,0.081501,0.122869,-0.017941,-0.002517,-0.026608,February
7,0.071236,0.793203,0.707112,0.109375,0.155173,0.155847,0.209530,0.097652,February
8,0.191612,0.811901,0.715579,0.193928,0.201892,0.391041,0.367450,0.590153,February
9,0.242932,0.630978,0.712138,0.217202,0.187347,0.418512,0.386847,0.569388,February
10,0.322440,0.582438,0.695984,0.144250,0.139042,0.413202,0.432133,0.556248,February
11,0.323948,0.468535,0.679802,0.082454,0.116507,0.589532,0.452418,0.723304,February
12,0.276522,0.580579,0.669064,0.147801,0.172866,0.564816,0.423412,0.650171,February
13,0.314615,0.590358,0.647222,0.269566,0.221950,0.436938,0.413262,0.401558,February
14,0.298432,0.551637,0.641471,0.302966,0.241070,0.249519,0.284759,0.424144,February
15,0.294529,0.511954,0.638903,0.267950,0.221615,0.161615,0.163864,0.403702,February
16,0.274340,0.790945,0.628826,0.197517,0.194868,-0.009257,0.024740,0.146968,February
17,0.169632,0.903944,0.633276,0.269905,0.285458,-0.032088,-0.005783,-0.034122,February
18,0.152557,0.920855,0.635418,0.363524,0.390734,-0.033568,-0.008018,-0.036428,February
19,0.159532,0.872932,0.638716,0.377677,0.413677,-0.033609,-0.008711,-0.036452,February
20,0.138108,0.890227,0.630790,0.404667,0.419908,-0.032989,-0.008871,-0.036164,February
21,0.110558,0.915964,0.629243,0.408265,0.413394,-0.033385,-0.008831,-0.036492,February
22,0.112582,0.938692,0.630482,0.420182,0.412830,-0.030121,-0.008096,-0.035702,February
23,0.093627,0.932173,0.629146,0.415943,0.412346,-0.027694,-0.004261,-0.033621,February
0,0.149189,0.499377,0.832487,0.513342,0.416298,-0.030591,-0.010364,-0.051864,February
1,0.159590,0.428207,0.837802,0.430731,0.402607,-0.042688,-0.029985,-0.042525,February
2,0.148497,0.543532,0.841086,0.376333,0.399723,-0.047833,-0.042799,-0.059277,February
3,0.136211,0.497814,0.844465,0.315100,0.398579,-0.040393,-0.043451,-0.057456,February
4,0.180847,0.393355,0.831359,0.379961,0.399893,-0.042298,-0.047590,-0.030807,February
5,0.160741,0.362662,0.846823,0.423669,0.418013,-0.045719,-0.049535,0.017567,February
6,0.158590,0.382312,0.836521,0.641759,0.596906,-0.037156,-0.038839,0.095316,February
7,0.170276,0.337770,0.853311,0.769955,0.648633,0.166510,0.243345,0.398737,February
8,0.170253,0.404017,0.853636,0.791348,0.647128,0.382026,0.381080,0.660657,February
9,0.162793,0.395205,0.849081,0.804540,0.650242,0.402985,0.332501,0.563008,February
10,0.193947,0.351732,0.836456,0.797138,0.669671,0.479396,0.379957,0.626991,February
11,0.193562,0.307920,0.829926,0.781454,0.653632,0.552130,0.361029,0.701026,February
12,0.178316,0.452779,0.834403,0.781648,0.653150,0.536926,0.381567,0.670788,February
13,0.163309,0.426851,0.823935,0.660510,0.600194,0.297035,0.339739,0.039548,February
14,0.164608,0.347099,0.817329,0.676641,0.594650,0.203580,0.234929,0.088956,February
15,0.168152,0.273189,0.816502,0.724362,0.630280,0.068088,0.302517,0.070665,February
16,0.142548,0.476522,0.862036,0.779082,0.657613,-0.039888,-0.011807,0.016340,February
17,0.120387,0.460846,0.868351,0.789323,0.667951,-0.048713,-0.049442,-0.066647,February
18,0.140543,0.455638,0.868402,0.770544,0.646459,-0.049322,-0.050069,-0.068313,February
19,0.128595,0.340090,0.855816,0.735608,0.630491,-0.048434,-0.050216,-0.062760,February
20,0.125000,0.300782,0.835618,0.760350,0.634273,-0.040302,-0.049744,-0.064498,February
21,0.132980,0.225096,0.840498,0.751717,0.588686,-0.048424,-0.049157,-0.069196,February
22,0.130720,0.218703,0.835210,0.757959,0.614354,-0.045209,-0.046279,-0.067580,February
23,0.119817,0.209118,0.828400,0.768257,0.587241,-0.040003,-0.035823,-0.051577,February
0,0.321052,0.719608,0.573970,0.338083,0.372354,0.001505,-0.023742,-0.071361,May
1,0.289530,0.756766,0.574047,0.313925,0.357930,-0.006648,-0.024363,-0.073161,May
2,0.283013,0.878920,0.573983,0.234371,0.355270,-0.008565,-0.024596,-0.073328,May
3,0.278354,0.923693,0.574476,0.184541,0.288138,-0.008914,-0.024247,-0.073280,May
4,0.296595,0.937783,0.575553,0.164821,0.262946,-0.003968,0.028661,-0.067776,May
5,0.426340,0.728701,0.589305,0.159591,0.265328,0.226177,0.264736,0.267740,May
6,0.526659,0.684539,0.585959,0.259437,0.149439,0.445713,0.325279,0.354797,May
7,0.596352,0.597770,0.595119,0.248380,0.180160,0.551644,0.530594,0.722563,May
8,0.591696,0.250337,0.595601,0.309948,0.318225,0.409455,0.453712,0.327879,May
9,0.674341,0.129828,0.612386,0.324334,0.322635,0.577448,0.596946,0.297244,May
10,0.679695,0.112587,0.618845,0.375886,0.335198,0.817917,0.606947,0.599182,May
11,0.677803,0.145184,0.617308,0.381820,0.352927,0.952197,0.506980,0.727278,May
12,0.622791,0.188261,0.618310,0.294639,0.262078,0.653997,0.531051,0.761169,May
13,0.663184,0.191306,0.608096,0.300074,0.265906,0.607115,0.543806,0.484408,May
14,0.661658,0.102006,0.613074,0.273094,0.201358,0.650599,0.458512,0.712874,May
15,0.670322,0.094518,0.625135,0.248173,0.170623,0.610628,0.482488,0.722613,May
16,0.621880,0.314139,0.635184,0.185828,0.109505,0.287031,0.114991,0.663539,May
17,0.610168,0.431709,0.645141,0.218865,0.121910,0.167430,0.111106,0.558814,May
18,0.562944,0.554807,0.650940,0.115906,0.089335,0.013774,0.007881,-0.058489,May
19,0.423057,0.842778,0.641293,0.101918,0.073144,-0.008279,-0.020578,-0.073176,May
20,0.347913,0.988958,0.668854,0.143199,0.116118,-0.005761,-0.022727,-0.073024,May
21,0.321642,0.996672,0.671311,0.183312,0.173577,-0.004450,-0.022400,-0.071481,May
22,0.313396,0.994166,0.673371,0.190330,0.220485,0.001078,-0.021941,-0.071044,May
23,0.298831,1.000101,0.673093,0.195362,0.277223,0.008225,-0.021364,-0.067449,May
0,0.329959,0.740025,0.444433,0.596456,0.566872,-0.026373,0.000157,-0.024455,December
1,0.296002,0.803278,0.449518,0.619944,0.607603,-0.028197,0.000187,-0.024585,December
2,0.305885,0.692654,0.451876,0.624278,0.608328,-0.028377,-0.000028,-0.024599,December
3,0.287907,0.676528,0.448113,0.611701,0.588106,-0.028342,-0.000015,-0.024569,December
4,0.270502,0.686144,0.447709,0.512967,0.526113,-0.027678,0.000244,-0.024010,December
5,0.283853,0.739125,0.460099,0.503395,0.522431,-0.027305,0.000518,-0.023992,December
6,0.293098,0.796397,0.467836,0.570354,0.588592,-0.018924,0.011982,-0.020234,December
7,0.320489,0.751309,0.489235,0.618692,0.603637,0.052817,0.180372,0.074515,December
8,0.364772,0.647010,0.514864,0.615504,0.579001,0.235149,0.381392,0.309769,December
9,0.394835,0.521949,0.535392,0.539179,0.493204,0.389445,0.434014,0.596916,December
10,0.419997,0.473282,0.541028,0.492488,0.422021,0.440376,0.447692,0.669867,December
11,0.423392,0.409160,0.513564,0.415128,0.317168,0.458144,0.446663,0.687840,December
12,0.425239,0.409856,0.478771,0.404780,0.317026,0.442400,0.400507,0.677448,December
13,0.416675,0.451299,0.468073,0.345110,0.223076,0.309970,0.314901,0.600705,December
14,0.391027,0.528682,0.477112,0.216675,0.195888,0.150735,0.220803,0.570914,December
15,0.295321,0.674441,0.477088,0.193455,0.210582,0.003507,0.041308,0.155738,December
16,0.247217,0.833481,0.513055,0.193348,0.220829,-0.024603,0.003406,-0.020915,December
17,0.235809,0.839445,0.545890,0.187917,0.244083,-0.027871,0.000329,-0.024240,December
18,0.253283,0.824513,0.544279,0.204983,0.283031,-0.028399,0.000086,-0.024570,December
19,0.228651,0.780047,0.554900,0.212583,0.306471,-0.028410,-0.000057,-0.024570,December
20,0.209568,0.828265,0.596818,0.253711,0.341460,-0.028253,-0.000030,-0.024547,December
21,0.198612,0.891564,0.617323,0.231296,0.258383,-0.028222,0.000031,-0.024576,December
22,0.196878,0.888111,0.623701,0.164135,0.243942,-0.027845,0.000639,-0.024450,December
23,0.194578,0.884463,0.625383,0.146961,0.216189,-0.027189,0.001609,-0.023831,December
0,0.397822,0.799041,0.628387,0.482524,0.452216,-0.056169,-0.026543,-0.023284,May
1,0.400369,0.802177,0.602252,0.352201,0.481536,-0.057848,-0.034587,-0.024520,May
2,0.398569,0.755922,0.621537,0.396072,0.445217,-0.060946,-0.037643,-0.024106,May
3,0.395615,0.772551,0.612130,0.425421,0.481563,-0.060475,-0.037598,-0.023033,May
4,0.395667,0.820532,0.629818,0.483437,0.511784,-0.048879,0.065079,-0.007182,May
5,0.413206,0.763226,0.624169,0.498406,0.479012,0.171336,0.489936,0.118545,May
6,0.435562,0.591067,0.627044,0.559751,0.432152,0.317489,0.421648,0.269681,May
7,0.467734,0.600912,0.630466,0.585135,0.312728,0.739949,0.511321,0.637269,May
8,0.569455,0.276845,0.635953,0.686395,0.344340,0.773713,0.553369,0.798455,May
9,0.608264,0.230755,0.640732,0.682807,0.363033,0.889948,0.591414,0.850851,May
10,0.631306,0.205529,0.640443,0.635860,0.394805,0.941049,0.588001,0.821994,May
11,0.626389,0.205070,0.629994,0.641244,0.370187,0.979283,0.573107,0.859149,May
12,0.642501,0.222642,0.613726,0.627531,0.330218,0.944272,0.498974,0.878100,May
13,0.622847,0.184248,0.609429,0.567795,0.331312,0.825662,0.471259,0.829488,May
14,0.612702,0.212586,0.601295,0.426271,0.346322,0.547571,0.297863,0.606862,May
15,0.586510,0.310581,0.585789,0.290489,0.288846,0.494113,0.355531,0.665307,May
16,0.556521,0.490600,0.574346,0.290485,0.295135,0.167655,0.188825,0.315526,May
17,0.528278,0.496895,0.573904,0.397911,0.362302,-0.009099,0.012960,0.341682,May
18,0.510546,0.607578,0.579347,0.404580,0.382809,-0.060044,-0.036271,-0.009310,May
19,0.454359,0.631442,0.587695,0.364160,0.368174,-0.062139,-0.037753,-0.025013,May
20,0.436615,0.693179,0.607633,0.315154,0.330713,-0.061775,-0.037799,-0.024826,May
21,0.428514,0.650704,0.613165,0.371523,0.362576,-0.060732,-0.037020,-0.024636,May
22,0.410042,0.734411,0.607834,0.363719,0.417458,-0.060018,-0.037360,-0.025085,May
23,0.409176,0.792408,0.603095,0.323796,0.390749,-0.050907,-0.035412,-0.023738,May
0,0.181354,0.784074,0.582513,0.108132,0.089045,-0.008234,-0.021731,-0.002324,December
1,0.176690,0.758891,0.582426,0.147188,0.118809,-0.008571,-0.021982,-0.002149,December
2,0.166477,0.666324,0.591922,0.149101,0.217506,-0.008722,-0.022099,-0.002531,December
3,0.176011,0.717967,0.581708,0.194287,0.244593,-0.008733,-0.022087,-0.002524,December
4,0.160151,0.760963,0.574071,0.108690,0.198797,-0.008710,-0.021673,-0.002238,December
5,0.155787,0.835757,0.573298,0.077960,0.153764,-0.008644,-0.020918,-0.002059,December
6,0.170168,0.882158,0.581362,0.045345,0.150100,-0.007794,-0.011107,-0.001476,December
7,0.188633,0.888895,0.595886,0.027445,0.088133,0.006451,0.239174,0.049996,December
8,0.284505,0.749258,0.606001,0.083072,0.165886,0.105524,0.393348,0.133395,December
9,0.324434,0.675385,0.610897,0.085253,0.103744,0.180628,0.492552,0.177234,December
10,0.340829,0.638708,0.603655,0.129868,0.177215,0.200993,0.534901,0.181091,December
11,0.342287,0.643216,0.588653,0.156132,0.153168,0.195859,0.532554,0.143904,December
12,0.329820,0.727536,0.588296,0.157843,0.187155,0.159725,0.547362,0.121468,December
13,0.312549,0.815217,0.579312,0.230674,0.237920,0.083581,0.485655,0.073964,December
14,0.277435,0.820404,0.583919,0.162881,0.166546,0.043484,0.348387,0.029651,December
15,0.262399,0.902215,0.588787,0.062443,0.095761,0.008116,0.092347,0.010008,December
16,0.261836,0.914340,0.590891,0.089262,0.133587,-0.005797,-0.009682,-0.001172,December
17,0.232045,0.919350,0.589217,0.102371,0.184283,-0.008052,-0.020579,-0.002439,December
18,0.236819,0.942069,0.594984,0.093486,0.158708,-0.008689,-0.021587,-0.002605,December
19,0.212292,0.951581,0.590206,0.108693,0.170857,-0.008728,-0.021998,-0.002605,December
20,0.254982,0.945386,0.594624,0.101420,0.155614,-0.008521,-0.022005,-0.002588,December
21,0.274562,0.939793,0.590750,0.186163,0.274213,-0.008587,-0.021948,-0.002591,December
22,0.237327,0.960506,0.590323,0.165429,0.311357,-0.008417,-0.021729,-0.002593,December
23,0.230982,0.965675,0.582593,0.164001,0.299542,-0.008006,-0.020553,-0.002531,December
0,0.459502,0.871008,0.528156,0.102267,0.127261,-0.055347,-0.026728,0.005408,August
1,0.408437,0.889863,0.527326,0.098023,0.125833,-0.057769,-0.027268,0.003927,August
2,0.403849,0.925191,0.527529,0.101884,0.167350,-0.058871,-0.027322,0.003813,August
3,0.402553,0.935063,0.530294,0.107408,0.179620,-0.059264,-0.027215,0.003873,August
4,0.395534,0.939860,0.530614,0.179975,0.300082,-0.058318,0.000675,0.005936,August
5,0.429903,0.923858,0.541523,0.199745,0.338152,0.036845,0.245386,0.182674,August
6,0.540376,0.859933,0.562698,0.249512,0.267710,0.212774,0.500016,0.535318,August
7,0.596290,0.629232,0.574780,0.358398,0.240854,0.489036,0.519343,0.808366,August
8,0.639698,0.451796,0.579706,0.434153,0.338988,0.640413,0.537587,0.844600,August
9,0.649113,0.408215,0.586272,0.393219,0.320218,0.774242,0.568607,0.879618,August
10,0.668245,0.348926,0.586114,0.399459,0.348378,0.846803,0.575628,0.900999,August
11,0.678543,0.323142,0.583901,0.447246,0.392103,0.856527,0.559789,0.902039,August
12,0.677957,0.361530,0.581458,0.497057,0.438686,0.840486,0.521296,0.900056,August
13,0.634379,0.460567,0.573372,0.492258,0.428768,0.700413,0.503199,0.851051,August
14,0.644197,0.415723,0.567414,0.475027,0.413446,0.671753,0.436723,0.848233,August
15,0.651384,0.360714,0.562604,0.488377,0.423048,0.476817,0.393753,0.821623,August
16,0.600114,0.473880,0.553317,0.456793,0.328325,0.209595,0.272577,0.682529,August
17,0.528352,0.638106,0.563112,0.190058,0.175835,0.013081,0.190659,0.304001,August
18,0.507290,0.652719,0.558402,0.177617,0.296395,-0.057085,-0.014534,0.019178,August
19,0.492713,0.739019,0.571480,0.220430,0.331025,-0.058273,-0.026714,0.005774,August
20,0.466705,0.813603,0.570868,0.213818,0.288762,-0.056626,-0.027111,0.008583,August
21,0.435894,0.875662,0.571303,0.176386,0.281339,-0.058360,-0.026931,0.004810,August
22,0.436044,0.912015,0.569904,0.115854,0.282636,-0.057023,-0.026748,0.004640,August
23,0.426359,0.935135,0.568773,0.098760,0.181952,-0.056831,-0.025583,0.005897,August
0,0.549469,0.648458,0.515476,0.290575,0.362011,0.005670,-0.064168,-0.022251,September
1,0.569671,0.450842,0.515177,0.285630,0.364421,0.005379,-0.065044,-0.023989,September
2,0.610088,0.384542,0.515198,0.270991,0.354001,0.004570,-0.065141,-0.023910,September
3,0.586219,0.450073,0.515887,0.222503,0.318494,0.004889,-0.065186,-0.022813,September
4,0.483746,0.670698,0.519868,0.201480,0.284230,0.004838,-0.060497,-0.022088,September
5,0.496355,0.520038,0.526301,0.177581,0.287355,0.011314,-0.019624,0.000226,September
6,0.623718,0.496446,0.550666,0.202005,0.274936,0.115398,0.277351,0.215884,September
7,0.696234,0.326077,0.560672,0.176521,0.142629,0.306817,0.616653,0.538932,September
8,0.623259,0.536655,0.565041,0.173058,0.070285,0.332508,0.572144,0.484843,September
9,0.719731,0.285107,0.567876,0.191050,0.107621,0.554182,0.577879,0.634009,September
10,0.759139,0.173807,0.567473,0.165373,0.037826,0.660102,0.597114,0.823903,September
11,0.765278,0.149581,0.561640,0.188976,0.041426,0.672685,0.514381,0.827511,September
12,0.761313,0.179550,0.557792,0.309244,0.175999,0.655179,0.659101,0.799904,September
13,0.720287,0.243426,0.553173,0.304793,0.216463,0.342345,0.655913,0.485300,September
14,0.705566,0.221533,0.551133,0.254655,0.177910,0.376202,0.502249,0.503557,September
15,0.679978,0.224902,0.548087,0.283905,0.233996,0.183658,0.338175,0.282566,September
16,0.631469,0.248386,0.546926,0.213133,0.266862,0.036201,0.094088,0.076896,September
17,0.593369,0.350883,0.540208,0.129854,0.197660,0.008427,-0.061123,-0.019968,September
18,0.514143,0.495105,0.552214,0.149013,0.183803,0.004108,-0.064253,-0.024264,September
19,0.463073,0.637587,0.556921,0.151171,0.168606,0.003967,-0.065008,-0.024343,September
20,0.474192,0.702657,0.556546,0.078210,0.019877,0.004095,-0.064814,-0.024243,September
21,0.444483,0.864141,0.560949,0.055602,-0.009229,0.004427,-0.065059,-0.024173,September
22,0.419023,0.928975,0.559816,0.035550,-0.032307,0.005032,-0.064747,-0.024157,September
23,0.412350,0.980661,0.559824,0.033193,-0.043998,0.006423,-0.062505,-0.023615,September
0,0.219609,0.944398,0.802908,0.311166,0.358807,-0.047351,-0.017007,-0.079833,March
1,0.131093,0.938551,0.798887,0.273696,0.275855,-0.049679,-0.018424,-0.079898,March
2,0.069901,0.961205,0.796721,0.277209,0.340958,-0.050148,-0.018520,-0.079959,March
3,0.068515,0.963545,0.791400,0.289655,0.266403,-0.050034,-0.018197,-0.079858,March
4,0.064353,0.959617,0.769882,0.276008,0.352314,-0.048137,-0.014322,-0.078545,March
5,0.073575,0.954647,0.733875,0.322715,0.324134,-0.028785,-0.010315,-0.047285,March
6,0.142431,0.931485,0.778634,0.319279,0.264105,0.054915,0.197547,0.332907,March
7,0.268719,0.523060,0.783395,0.334405,0.162882,0.458596,0.341814,0.839747,March
8,0.394759,0.534385,0.784586,0.251539,0.172557,0.697727,0.302215,0.906331,March
9,0.404440,0.349522,0.775981,0.321102,0.181563,0.773456,0.326542,0.939769,March
10,0.465484,0.261672,0.737886,0.249525,0.200430,0.838520,0.421686,0.929572,March
11,0.476245,0.233489,0.719496,0.220227,0.176306,0.841461,0.444491,0.913194,March
12,0.481545,0.195223,0.694709,0.440401,0.407631,0.834787,0.438477,0.863891,March
13,0.464869,0.192032,0.693021,0.404566,0.420375,0.770641,0.404873,0.865076,March
14,0.438704,0.224746,0.680168,0.372781,0.411093,0.381812,0.377575,0.453627,March
15,0.430845,0.245107,0.675100,0.254926,0.326760,0.296325,0.378212,0.473520,March
16,0.327901,0.561817,0.656236,0.237446,0.277862,0.008875,0.138110,0.228905,March
17,0.249789,0.736035,0.669868,0.228941,0.283181,-0.043968,-0.009542,-0.051312,March
18,0.251272,0.711344,0.673351,0.321926,0.426724,-0.049327,-0.018301,-0.077414,March
19,0.187142,0.674099,0.692270,0.350718,0.489922,-0.050123,-0.018888,-0.079845,March
20,0.181764,0.653118,0.675816,0.419882,0.524090,-0.049858,-0.018894,-0.079652,March
21,0.149402,0.665264,0.669481,0.414520,0.455733,-0.049702,-0.018765,-0.079852,March
22,0.110929,0.840574,0.671303,0.315198,0.343749,-0.048423,-0.018384,-0.079744,March
23,0.076977,0.890471,0.665939,0.233209,0.257440,-0.044651,-0.011780,-0.078938,March
0,0.280887,0.954843,0.520473,0.242625,0.371291,-0.023833,0.018442,-0.018863,October
1,0.287343,0.956894,0.502621,0.373903,0.451404,-0.024226,0.018291,-0.019147,October
2,0.288457,0.924928,0.502867,0.379262,0.478929,-0.024362,0.018289,-0.019165,October
3,0.284049,0.956339,0.505051,0.365459,0.475305,-0.024327,0.018289,-0.019030,October
4,0.263059,0.980073,0.508851,0.285750,0.393495,-0.023207,0.022563,-0.017424,October
5,0.255479,0.953924,0.526034,0.193743,0.409208,-0.002072,0.069853,0.014590,October
6,0.325585,0.911341,0.568822,0.330676,0.385778,0.142862,0.274058,0.319058,October
7,0.493063,0.772195,0.596382,0.262470,0.282591,0.336808,0.333791,0.610691,October
8,0.546743,0.536808,0.575973,0.221699,0.092045,0.500987,0.342280,0.855063,October
9,0.576274,0.342688,0.592779,0.313314,0.089155,0.664511,0.369275,0.914322,October
10,0.586384,0.272533,0.598355,0.234400,0.088085,0.722230,0.374985,0.923829,October
11,0.592388,0.250813,0.577102,0.229223,0.061587,0.731313,0.368584,0.927255,October
12,0.594333,0.300835,0.573155,0.408434,0.186007,0.677302,0.326389,0.922370,October
13,0.584591,0.329295,0.548337,0.357671,0.130032,0.594309,0.276498,0.910380,October
14,0.569529,0.372262,0.540335,0.217759,0.065010,0.448243,0.256970,0.878553,October
15,0.557095,0.519115,0.527621,0.089171,0.041418,0.198382,0.116935,0.757764,October
16,0.406301,0.741366,0.518198,0.081191,0.047834,0.010415,0.040291,0.062511,October
17,0.345573,0.824222,0.519985,0.143015,0.152952,-0.020287,0.019330,-0.013269,October
18,0.329059,0.876755,0.543532,0.123977,0.154526,-0.024370,0.018594,-0.019056,October
19,0.274994,0.888665,0.543503,0.121621,0.175948,-0.024516,0.018293,-0.019173,October
20,0.271295,0.945186,0.557723,0.133048,0.170979,-0.024236,0.018281,-0.019065,October
21,0.247518,0.936317,0.571591,0.201385,0.246451,-0.023399,0.018326,-0.018779,October
22,0.247790,0.950148,0.588453,0.254393,0.235427,-0.022648,0.018700,-0.018525,October
23,0.238612,0.920077,0.591604,0.339945,0.407360,-0.020450,0.019261,-0.018127,October
0,0.297129,0.919570,0.525337,0.235584,0.200094,-0.077392,-0.030400,-0.031626,April
1,0.283077,0.926263,0.525319,0.160370,0.041592,-0.080973,-0.035109,-0.033078,April
2,0.223124,0.944172,0.525306,0.111091,0.092210,-0.083303,-0.035960,-0.033355,April
3,0.190104,0.952099,0.525902,0.141455,0.136273,-0.083823,-0.035058,-0.032993,April
4,0.198417,0.881532,0.525909,0.136386,0.086095,-0.079302,-0.016420,-0.030032,April
5,0.218230,0.820580,0.528172,0.175134,0.182500,-0.006528,0.009017,0.109653,April
6,0.241699,0.558085,0.532017,0.192912,0.239469,0.098143,0.270738,0.186407,April
7,0.330571,0.493739,0.538719,0.153920,0.155841,0.319433,0.519525,0.445951,April
8,0.411701,0.392154,0.575406,0.330509,0.325008,0.417722,0.501070,0.503012,April
9,0.422411,0.377133,0.578398,0.369059,0.384746,0.749719,0.612887,0.764965,April
10,0.466645,0.207770,0.584231,0.377011,0.388461,0.843865,0.676461,0.784404,April
11,0.443461,0.212179,0.597950,0.392912,0.435646,0.811193,0.656444,0.609938,April
12,0.460541,0.176891,0.605323,0.402893,0.431011,0.620297,0.618357,0.448922,April
13,0.437725,0.158617,0.606423,0.388349,0.447591,0.738887,0.436403,0.794239,April
14,0.413221,0.172344,0.605914,0.403194,0.461887,0.667751,0.437182,0.762883,April
15,0.343348,0.169560,0.607106,0.397965,0.462168,0.449124,0.467732,0.703602,April
16,0.330813,0.314295,0.572426,0.373397,0.426946,0.075067,0.023993,0.435099,April
17,0.277275,0.371859,0.588567,0.341892,0.365557,-0.006913,-0.012266,0.227610,April
18,0.240279,0.263523,0.590071,0.200363,0.312995,-0.079978,-0.026168,-0.025065,April
19,0.177755,0.426151,0.608618,0.189817,0.264997,-0.085588,-0.032371,-0.033316,April
20,0.131367,0.556539,0.625913,0.282393,0.296728,-0.081090,-0.031114,-0.032536,April
21,0.113190,0.594472,0.629277,0.146979,0.170073,-0.069946,-0.025371,-0.030616,April
22,0.110979,0.586484,0.629675,0.081448,0.013609,-0.077848,-0.030538,-0.031519,April
23,0.113459,0.687636,0.629782,0.058185,-0.009614,-0.066308,-0.026629,-0.029608,April
0,0.536201,0.654833,0.466001,0.262228,0.241097,-0.083345,-0.065785,-0.001209,September
1,0.518204,0.689996,0.444675,0.291667,0.267458,-0.085471,-0.070083,-0.003665,September
2,0.514958,0.705723,0.441731,0.273877,0.279272,-0.087596,-0.069815,-0.003833,September
3,0.513755,0.751659,0.443291,0.262534,0.262660,-0.087541,-0.070513,-0.003791,September
4,0.510861,0.808578,0.449158,0.273223,0.290185,-0.087013,-0.060729,-0.002886,September
5,0.518991,0.803902,0.451523,0.253498,0.254477,-0.061033,-0.018043,0.024909,September
6,0.537308,0.727220,0.467591,0.259157,0.250878,0.113370,0.190681,0.325798,September
7,0.586876,0.667539,0.464914,0.336381,0.265157,0.501886,0.456378,0.626085,September
8,0.678370,0.379717,0.491375,0.448389,0.312412,0.461641,0.559045,0.692423,September
9,0.693936,0.298520,0.491018,0.435912,0.336678,0.598798,0.560190,0.790210,September
10,0.718113,0.241011,0.485213,0.466521,0.409154,0.694915,0.556314,0.832833,September
11,0.723982,0.228628,0.481617,0.538552,0.462761,0.704337,0.534400,0.835467,September
12,0.726973,0.247833,0.472271,0.600451,0.485735,0.684360,0.517320,0.826232,September
13,0.705851,0.264099,0.452346,0.610197,0.506783,0.578577,0.541400,0.775858,September
14,0.691183,0.353911,0.452509,0.603445,0.492399,0.369200,0.420442,0.553346,September
15,0.662371,0.318888,0.444950,0.587792,0.474396,0.208198,0.422524,0.499120,September
16,0.630174,0.566935,0.456841,0.476700,0.429485,0.015515,0.152665,0.489479,September
17,0.587114,0.652074,0.468595,0.331475,0.361877,-0.081712,-0.051799,0.022171,September
18,0.599584,0.657717,0.475062,0.291329,0.333147,-0.087015,-0.069754,-0.002799,September
19,0.563382,0.674586,0.489330,0.269094,0.304425,-0.087206,-0.070844,-0.003564,September
20,0.539147,0.784579,0.493775,0.323598,0.415017,-0.086887,-0.070855,-0.003502,September
21,0.540465,0.762996,0.492317,0.352049,0.383780,-0.087221,-0.070749,-0.003789,September
22,0.545526,0.744651,0.493999,0.346524,0.400200,-0.085973,-0.070584,-0.003288,September
23,0.537301,0.731909,0.493714,0.335626,0.407936,-0.080532,-0.067988,-0.001353,September
0,0.280204,0.928259,0.592653,0.104788,0.220116,-0.044689,-0.074433,-0.038519,May
1,0.274614,0.937896,0.572940,0.097192,0.209622,-0.047091,-0.075549,-0.038607,May
2,0.272482,0.947134,0.565687,0.152201,0.209722,-0.048141,-0.075642,-0.038672,May
3,0.270130,0.985901,0.557189,0.160581,0.251823,-0.048241,-0.075675,-0.038668,May
4,0.269314,0.978534,0.559742,0.122885,0.236476,-0.046769,-0.037021,-0.037977,May
5,0.285065,0.942694,0.560328,0.093500,0.201492,0.097336,0.504132,0.118736,May
6,0.367475,0.744802,0.568024,0.051418,0.077448,0.247949,0.733049,0.372319,May
7,0.399819,0.608565,0.587202,0.047918,0.024678,0.325635,0.799032,0.453812,May
8,0.473923,0.588998,0.592331,0.117301,0.102086,0.589247,0.542331,0.458931,May
9,0.464507,0.458723,0.591882,0.243352,0.246535,0.612822,0.791638,0.412656,May
10,0.480988,0.386210,0.585000,0.330473,0.278176,0.681933,1.030878,0.212794,May
11,0.500193,0.363119,0.562896,0.323538,0.281154,0.583373,1.075978,0.089444,May
12,0.520083,0.308119,0.543920,0.349723,0.293364,0.700540,1.016662,0.218100,May
13,0.520588,0.276334,0.524676,0.347605,0.280357,0.652315,1.035968,0.396775,May
14,0.516716,0.277657,0.522163,0.280424,0.235011,0.440977,0.786038,0.349019,May
15,0.515027,0.270194,0.520532,0.186157,0.160410,0.360191,0.629986,0.287306,May
16,0.494256,0.418257,0.515914,0.063230,0.163771,0.068055,0.226182,0.048104,May
17,0.445196,0.554879,0.521110,0.055433,0.195191,-0.026654,0.088760,0.047666,May
18,0.435032,0.578125,0.529651,0.064268,0.109551,-0.046656,-0.068290,-0.028327,May
19,0.388690,0.533551,0.545029,0.042504,0.082620,-0.047139,-0.074924,-0.038053,May
20,0.346817,0.615494,0.567714,0.090939,0.153950,-0.047417,-0.075702,-0.037991,May
21,0.352424,0.683480,0.578443,0.118888,0.148625,-0.047323,-0.075380,-0.038444,May
22,0.345442,0.677771,0.566729,0.079831,0.131305,-0.045221,-0.074552,-0.038209,May
23,0.333675,0.805712,0.568175,0.027610,0.086709,-0.040990,-0.072309,-0.036500,May
0,0.326115,0.982575,0.617007,0.151641,0.272103,0.024630,-0.052785,-0.052581,May
1,0.310860,0.982129,0.596498,0.147541,0.147241,0.023495,-0.054153,-0.052747,May
2,0.305664,0.985317,0.593397,0.197135,0.250592,0.023334,-0.054239,-0.052751,May
3,0.306892,0.985731,0.570510,0.222285,0.278838,0.023588,-0.054141,-0.052184,May
4,0.311341,0.960583,0.572783,0.109931,0.186261,0.026521,-0.016061,-0.042664,May
5,0.357846,0.892720,0.604002,0.153005,0.172015,0.104796,0.310017,0.146767,May
6,0.568986,0.690438,0.619223,0.194078,0.205483,0.277158,0.735967,0.555604,May
7,0.549415,0.380287,0.629059,0.307907,0.191753,0.555286,0.699285,0.749604,May
8,0.633251,0.344415,0.629755,0.368948,0.240057,0.739325,0.818539,0.806063,May
9,0.627327,0.279205,0.634390,0.274515,0.132649,0.881724,0.864173,0.870038,May
10,0.688635,0.254526,0.634023,0.231891,0.119795,0.933872,0.857505,0.868285,May
11,0.688530,0.165591,0.611921,0.317815,0.107919,0.948859,0.861942,0.899495,May
12,0.715432,0.107427,0.580823,0.368561,0.185971,0.941053,0.817407,0.895273,May
13,0.703404,0.085052,0.542466,0.409714,0.194443,0.819308,0.826375,0.826307,May
14,0.709474,0.055914,0.535984,0.360456,0.186661,0.749939,0.643794,0.867530,May
15,0.691088,0.058218,0.529547,0.384520,0.197050,0.557760,0.564205,0.816218,May
16,0.631565,0.187363,0.530108,0.273991,0.224181,0.246735,0.167386,0.548969,May
17,0.580720,0.263697,0.529978,0.109977,0.110463,0.142452,0.030571,0.478297,May
18,0.528303,0.354445,0.532042,0.185630,0.187047,0.026562,-0.050853,-0.032440,May
19,0.479954,0.589629,0.538496,0.246207,0.295050,0.023435,-0.053864,-0.052485,May
20,0.453931,0.571818,0.542412,0.226959,0.316362,0.023879,-0.053828,-0.052318,May
21,0.377627,0.665925,0.545086,0.351249,0.354099,0.024660,-0.052793,-0.051831,May
22,0.370442,0.751797,0.548824,0.323406,0.383076,0.028903,-0.051913,-0.051189,May
23,0.350133,0.817542,0.548664,0.250207,0.344612,0.029459,-0.050358,-0.050679,May
0,0.582847,0.657726,0.529000,0.423594,0.444650,-0.137678,-0.057697,-0.039745,July
1,0.581888,0.622035,0.525136,0.558454,0.445382,-0.141642,-0.058278,-0.042803,July
2,0.586680,0.674861,0.514943,0.451823,0.445219,-0.148771,-0.058807,-0.043915,July
3,0.564749,0.738586,0.519163,0.345456,0.424943,-0.150883,-0.058747,-0.044329,July
4,0.560548,0.737888,0.528544,0.344625,0.411910,-0.148299,-0.025486,-0.042543,July
5,0.608695,0.639006,0.547286,0.283811,0.391652,0.014441,0.178244,0.185444,July
6,0.631628,0.617680,0.550782,0.364213,0.361392,0.265391,0.530157,0.425086,July
7,0.702082,0.495023,0.553565,0.334375,0.307434,0.558407,0.531991,0.783753,July
8,0.734692,0.192311,0.556304,0.473205,0.267977,0.622720,0.583681,0.853098,July
9,0.744454,0.120713,0.557974,0.519074,0.304761,0.867161,0.644692,0.977836,July
10,0.752303,0.061900,0.558078,0.562012,0.369207,0.937148,0.655291,0.988722,July
11,0.757039,0.048061,0.551745,0.679284,0.396702,0.931843,0.647346,0.973748,July
12,0.760401,0.044333,0.530510,0.722403,0.408139,0.911962,0.641114,0.967565,July
13,0.750758,0.046093,0.509545,0.720826,0.436266,0.782280,0.513574,0.969904,July
14,0.741721,0.102620,0.497620,0.687861,0.429708,0.617783,0.498792,0.909893,July
15,0.727810,0.106258,0.487545,0.601139,0.421218,0.327536,0.421199,0.751426,July
16,0.694638,0.284473,0.482148,0.540948,0.361502,0.066809,0.130815,0.524284,July
17,0.690630,0.260155,0.482314,0.443670,0.335139,-0.043346,-0.037686,0.569555,July
18,0.659755,0.361501,0.483847,0.228698,0.236718,-0.147151,-0.057509,0.097126,July
19,0.608960,0.474701,0.487757,0.146294,0.197404,-0.151120,-0.058761,-0.042591,July
20,0.608232,0.454295,0.504506,0.148029,0.190854,-0.150574,-0.057870,-0.042718,July
21,0.579495,0.429005,0.518729,0.078454,0.180188,-0.144512,-0.055259,-0.035394,July
22,0.560325,0.595342,0.520051,0.070353,0.169559,-0.145515,-0.055856,-0.043361,July
23,0.559644,0.746218,0.515234,0.050325,0.166217,-0.142793,-0.051937,-0.038745,July
0,0.418292,0.952792,0.555375,0.025817,0.026728,-0.036267,-0.044478,-0.070656,June
1,0.410575,0.941984,0.529930,0.025579,0.034755,-0.039319,-0.046295,-0.071049,June
2,0.409493,0.949329,0.524765,0.051421,0.051896,-0.040372,-0.045201,-0.071046,June
3,0.411089,0.947491,0.525146,0.103693,0.189245,-0.040493,-0.046633,-0.070945,June
4,0.429189,0.932694,0.539668,0.369034,0.442194,-0.035331,0.009971,-0.069231,June
5,0.605153,0.832616,0.579561,0.389272,0.446898,0.119984,0.328256,0.027687,June
6,0.679925,0.627936,0.600720,0.445385,0.434807,0.258119,0.556918,0.281993,June
7,0.769654,0.255550,0.625866,0.478606,0.450578,0.491469,0.616428,0.374012,June
8,0.783226,0.399135,0.595016,0.452273,0.420119,0.609706,0.484410,0.642059,June
9,0.809526,0.351478,0.619207,0.451023,0.383907,0.779625,0.592188,0.717832,June
10,0.828971,0.269146,0.618403,0.454954,0.340490,0.946174,0.682667,0.759383,June
11,0.818091,0.334850,0.607988,0.456206,0.350962,0.987553,0.573035,0.878435,June
12,0.826496,0.228351,0.600021,0.440338,0.321255,0.883715,0.558695,0.885919,June
13,0.832485,0.129743,0.613633,0.363112,0.264157,0.798077,0.568700,0.803323,June
14,0.832488,0.125219,0.598892,0.248389,0.191490,0.615624,0.593363,0.729088,June
15,0.824149,0.171719,0.605611,0.182154,0.127685,0.348389,0.521520,0.696463,June
16,0.787031,0.281456,0.599273,0.191251,0.184941,0.190566,0.260868,0.332773,June
17,0.762868,0.394726,0.580618,0.130745,0.163918,0.176799,0.039330,0.566541,June
18,0.659921,0.628052,0.577174,0.183609,0.324760,-0.021393,-0.031663,-0.003807,June
19,0.533757,0.732604,0.578891,0.185277,0.405456,-0.040617,-0.044877,-0.070708,June
20,0.507536,0.776357,0.597780,0.083422,0.262573,-0.039739,-0.042441,-0.070356,June
21,0.468550,0.800573,0.600437,0.125307,0.254499,-0.036315,-0.044944,-0.060636,June
22,0.421875,0.900043,0.591746,0.172668,0.304628,-0.031985,-0.041830,-0.068365,June
23,0.400741,0.923767,0.581030,0.172452,0.347847,-0.029927,-0.040556,-0.061602,June
0,0.498937,1.045050,0.504606,0.474014,0.380283,-0.035211,-0.057214,-0.047233,May
1,0.506275,1.032784,0.488864,0.366186,0.383146,-0.038488,-0.059795,-0.047322,May
2,0.470199,1.048646,0.471259,0.301822,0.293801,-0.040637,-0.059863,-0.047344,May
3,0.460414,1.048737,0.462520,0.261985,0.281091,-0.040571,-0.059589,-0.047322,May
4,0.477389,1.031636,0.461601,0.324746,0.343631,-0.036926,-0.050723,-0.046541,May
5,0.505945,1.013074,0.467139,0.286477,0.314430,0.133784,0.015736,0.029805,May
6,0.531748,0.883251,0.472894,0.314197,0.386108,0.334377,0.377274,0.318859,May
7,0.563685,0.773682,0.473645,0.481899,0.377967,0.637768,0.656384,0.191217,May
8,0.586567,0.647552,0.498968,0.527838,0.500851,0.653015,0.646792,0.131895,May
9,0.581944,0.661201,0.492395,0.260722,0.374355,0.844468,0.975824,0.414184,May
10,0.579000,0.660980,0.495397,0.338472,0.419783,0.883657,1.011465,0.136332,May
11,0.561005,0.731633,0.494330,0.514221,0.541924,0.353611,1.060021,-0.005082,May
12,0.574853,0.574119,0.473645,0.646466,0.566312,0.830317,1.046565,-0.006263,May
13,0.590855,0.555814,0.467701,0.730071,0.625689,0.887289,0.711935,0.577443,May
14,0.571559,0.561630,0.470536,0.732379,0.633134,0.630040,0.633180,0.382609,May
15,0.563472,0.563867,0.470761,0.704523,0.615557,0.681909,0.465006,0.476335,May
16,0.515695,0.711130,0.473080,0.674213,0.610098,0.043586,0.033590,0.090690,May
17,0.490259,0.793810,0.489427,0.468579,0.508715,0.003015,-0.007709,0.059923,May
18,0.490392,0.772215,0.502286,0.272844,0.391876,-0.036825,-0.057457,-0.042691,May
19,0.458162,0.918720,0.513955,0.295832,0.444004,-0.039998,-0.059121,-0.047134,May
20,0.451154,0.996085,0.533460,0.405839,0.491683,-0.039597,-0.057609,-0.047067,May
21,0.451672,0.999898,0.537452,0.448527,0.516854,-0.038684,-0.052080,-0.046900,May
22,0.454523,0.959474,0.538558,0.441439,0.534449,-0.033061,-0.051822,-0.046321,May
23,0.454758,0.916375,0.538210,0.412954,0.505934,-0.016755,-0.047686,-0.036538,May
0,0.208064,0.827588,0.643258,0.173610,0.331492,-0.028210,-0.055279,0.004373,January
1,0.206397,0.825584,0.616327,0.152483,0.295558,-0.029842,-0.056930,0.003847,January
2,0.208977,0.860127,0.613545,0.228820,0.349082,-0.030103,-0.056959,0.003838,January
3,0.207386,0.860533,0.616792,0.285367,0.442439,-0.030180,-0.056598,0.003834,January
4,0.203512,0.867316,0.620982,0.258157,0.425254,-0.030003,-0.053282,0.003840,January
5,0.203126,0.866975,0.636359,0.221729,0.392626,-0.029331,-0.055042,0.003914,January
6,0.200982,0.865372,0.634097,0.264237,0.429486,-0.027997,-0.047124,0.004635,January
7,0.202272,0.861374,0.644382,0.364695,0.537708,-0.012865,0.018205,0.015478,January
8,0.226728,0.860937,0.655393,0.307993,0.473467,0.052966,0.421524,0.032420,January
9,0.254074,0.827340,0.656712,0.389259,0.453911,0.122964,0.552754,0.056296,January
10,0.275917,0.758121,0.652012,0.488127,0.499423,0.217094,0.557127,0.115068,January
11,0.281216,0.681389,0.637584,0.509124,0.579426,0.237098,0.522587,0.145595,January
12,0.293758,0.678972,0.630133,0.482416,0.500589,0.202449,0.487449,0.134899,January
13,0.294474,0.659050,0.611511,0.440295,0.445505,0.126763,0.524448,0.066752,January
14,0.295426,0.673791,0.612379,0.430770,0.470581,0.118748,0.456959,0.110414,January
15,0.285630,0.720678,0.600718,0.388391,0.504974,-0.001435,0.089866,0.074924,January
16,0.272327,0.837204,0.586436,0.438859,0.542299,-0.025901,-0.047689,0.005200,January
17,0.265409,0.813418,0.587727,0.383419,0.528705,-0.028631,-0.055735,0.004098,January
18,0.255592,0.842288,0.590330,0.284570,0.482090,-0.030075,-0.056563,0.003840,January
19,0.241518,0.854136,0.596264,0.209974,0.383998,-0.030138,-0.057021,0.003839,January
20,0.272875,0.854966,0.600065,0.362709,0.539353,-0.029813,-0.057175,0.003852,January
21,0.274589,0.840822,0.595553,0.310621,0.508737,-0.029866,-0.057202,0.003870,January
22,0.256794,0.856396,0.585967,0.296670,0.543224,-0.028755,-0.056320,0.003932,January
23,0.257336,0.859440,0.580644,0.224832,0.500172,-0.028468,-0.050823,0.004235,January
0,0.466795,0.856918,0.403403,0.595718,0.697281,-0.094353,-0.029335,-0.092790,April
1,0.463605,0.895907,0.403422,0.516373,0.702626,-0.103549,-0.028461,-0.094695,April
2,0.460464,0.883351,0.403168,0.504458,0.694268,-0.105572,-0.029087,-0.094812,April
3,0.460892,0.938516,0.400966,0.489642,0.723143,-0.105722,-0.026969,-0.094789,April
4,0.459228,0.976037,0.399643,0.543323,0.734842,-0.095526,-0.021908,-0.093559,April
5,0.460283,0.974216,0.400039,0.679344,0.743535,-0.048274,0.012828,-0.067632,April
6,0.479859,0.842617,0.401584,0.716290,0.702777,0.103090,0.186955,0.288318,April
7,0.489532,0.722707,0.408072,0.823109,0.724641,0.298829,0.356401,0.437179,April
8,0.491661,0.706530,0.405919,0.882892,0.773731,0.513955,0.215465,0.347885,April
9,0.494973,0.673758,0.413875,0.867517,0.750054,0.627138,0.492052,0.303350,April
10,0.496080,0.655740,0.414792,0.826984,0.738877,0.677567,1.055975,0.040858,April
11,0.495547,0.695098,0.415325,0.771490,0.720880,0.557971,1.183742,-0.029950,April
12,0.477471,0.854205,0.414986,0.672550,0.674657,0.466546,1.107749,-0.019373,April
13,0.486252,0.845413,0.417698,0.444454,0.554314,0.388573,1.047123,-0.030540,April
14,0.489128,0.769337,0.412676,0.364972,0.520184,0.342050,0.446547,0.038211,April
15,0.489403,0.723646,0.413524,0.369584,0.514519,0.143052,0.178803,0.264681,April
16,0.484236,0.875833,0.407828,0.360004,0.518255,-0.027270,0.093516,-0.030731,April
17,0.474917,0.938701,0.416557,0.422318,0.589541,-0.101505,0.023521,-0.090865,April
18,0.470423,0.912934,0.419487,0.395954,0.595917,-0.106258,-0.011465,-0.094720,April
19,0.471097,0.923377,0.420137,0.372280,0.570141,-0.105573,-0.030794,-0.094631,April
20,0.464466,0.996644,0.424269,0.438546,0.699069,-0.103397,-0.031399,-0.093964,April
21,0.462753,0.993809,0.424639,0.501632,0.686903,-0.103508,-0.031102,-0.094576,April
22,0.463014,0.998160,0.424586,0.469323,0.642378,-0.100308,-0.030824,-0.094466,April
23,0.464461,1.001678,0.424974,0.459068,0.659218,-0.099183,-0.030178,-0.093654,April
0,0.268921,0.663468,0.766209,0.214174,0.252941,-0.036552,-0.018827,-0.052999,May
1,0.260088,0.749117,0.760361,0.257557,0.281170,-0.048539,-0.019944,-0.054247,May
2,0.260509,0.791172,0.746777,0.211682,0.249575,-0.057271,-0.022206,-0.054745,May
3,0.247520,0.849384,0.738337,0.213103,0.189658,-0.057523,-0.022210,-0.054759,May
4,0.247613,0.873702,0.731147,0.290935,0.249328,-0.056449,-0.009274,-0.054289,May
5,0.266717,0.846247,0.749157,0.238498,0.263147,0.055012,0.023354,0.028575,May
6,0.311898,0.802879,0.743637,0.238004,0.220494,0.280462,0.187673,0.261443,May
7,0.387043,0.779102,0.749382,0.215524,0.186049,0.646377,0.307669,0.445328,May
8,0.423846,0.506654,0.752580,0.304831,0.204253,0.705333,0.359070,0.392526,May
9,0.468954,0.398009,0.752234,0.438630,0.338514,0.776283,0.494923,0.314939,May
10,0.510358,0.306532,0.748451,0.472153,0.396451,0.776681,0.521349,0.085862,May
11,0.525908,0.263426,0.727668,0.483586,0.415794,0.914898,0.502998,0.351942,May
12,0.528104,0.404151,0.710685,0.521812,0.440993,0.921365,0.388226,0.655835,May
13,0.555932,0.278372,0.698065,0.522401,0.427383,0.870713,0.386644,0.680340,May
14,0.559619,0.207424,0.693775,0.494139,0.409516,0.743744,0.195093,0.784392,May
15,0.556821,0.236059,0.692534,0.448504,0.372925,0.646160,0.167601,0.780308,May
16,0.492919,0.313571,0.691771,0.356413,0.349728,0.197839,0.098106,0.484538,May
17,0.432181,0.442773,0.693650,0.364705,0.374955,-0.000671,0.010402,0.316635,May
18,0.425703,0.482865,0.699293,0.322536,0.327618,-0.053427,-0.019920,-0.032008,May
19,0.362166,0.584558,0.704085,0.271090,0.295521,-0.056757,-0.022340,-0.054305,May
20,0.394289,0.476377,0.708623,0.255266,0.304937,-0.054794,-0.022697,-0.053236,May
21,0.332286,0.600773,0.718743,0.348852,0.335869,-0.054913,-0.021980,-0.053005,May
22,0.284858,0.808784,0.718740,0.277699,0.357724,-0.053814,-0.021856,-0.054515,May
23,0.268698,0.865730,0.722266,0.219984,0.291816,-0.052463,-0.020465,-0.053809,May
0,0.252621,0.595688,0.540326,0.439393,0.562702,-0.052507,-0.057686,-0.049221,February
1,0.244716,0.583960,0.536541,0.712472,0.804722,-0.055022,-0.059426,-0.050088,February
2,0.256275,0.555799,0.535266,0.754812,0.906839,-0.055240,-0.059586,-0.050157,February
3,0.267212,0.466192,0.528249,0.744137,0.870076,-0.055305,-0.059576,-0.050122,February
4,0.255105,0.428396,0.524538,0.529670,0.682208,-0.054789,-0.059274,-0.049860,February
5,0.231406,0.414310,0.524697,0.547326,0.694948,-0.053891,-0.059122,-0.049144,February
6,0.237478,0.432723,0.529648,0.538512,0.679788,-0.042511,-0.041808,-0.039053,February
7,0.241407,0.376670,0.533699,0.485166,0.618917,0.009023,0.060963,0.014459,February
8,0.258577,0.461671,0.535234,0.661894,0.651534,0.183576,0.136856,0.189217,February
9,0.275963,0.389612,0.556270,0.474660,0.473152,0.351651,0.142810,0.232624,February
10,0.287151,0.351816,0.568305,0.430295,0.430035,0.416123,0.364568,0.402834,February
11,0.284490,0.352941,0.571099,0.437646,0.434584,0.455981,0.366468,0.479604,February
12,0.238903,0.469183,0.591182,0.605707,0.598688,0.403971,0.636392,0.069885,February
13,0.234160,0.478819,0.576033,0.610342,0.518343,0.201652,0.605384,-0.028770,February
14,0.254387,0.365117,0.588574,0.668214,0.562425,0.251183,0.332184,0.167889,February
15,0.253540,0.354396,0.612993,0.734775,0.590628,0.075082,0.158521,0.299179,February
16,0.233697,0.468150,0.571117,0.654427,0.714299,-0.048739,-0.026871,-0.007666,February
17,0.230027,0.468111,0.621020,0.672558,0.732138,-0.053431,-0.057398,-0.046639,February
18,0.228657,0.399943,0.634063,0.682454,0.821936,-0.055031,-0.059033,-0.048912,February
19,0.218505,0.370357,0.645561,0.685715,0.880560,-0.055057,-0.059604,-0.048057,February
20,0.211796,0.388953,0.654590,0.646054,0.764875,-0.054691,-0.059193,-0.049313,February
21,0.209070,0.398632,0.658004,0.516818,0.671766,-0.054942,-0.058439,-0.050035,February
22,0.207454,0.435331,0.659741,0.448195,0.584871,-0.054174,-0.058230,-0.050010,February
23,0.206787,0.479803,0.660101,0.408623,0.513236,-0.050238,-0.053331,-0.048072,February
0,0.577644,0.800568,0.465067,0.185156,0.366024,-0.042413,-0.052884,-0.057986,June
1,0.542971,0.815690,0.464916,0.168063,0.350344,-0.049028,-0.058638,-0.061261,June
2,0.535387,0.829989,0.464809,0.223650,0.385202,-0.050054,-0.059113,-0.061303,June
3,0.535315,0.828464,0.465069,0.305427,0.424309,-0.050060,-0.059386,-0.061255,June
4,0.539397,0.809468,0.465219,0.312315,0.456370,-0.048768,-0.032626,-0.058685,June
5,0.610356,0.731604,0.469273,0.350089,0.432594,0.069739,0.084908,0.108814,June
6,0.680291,0.625986,0.474586,0.353560,0.426987,0.461061,0.526532,0.530201,June
7,0.672476,0.427775,0.486338,0.525106,0.392262,0.428118,0.510285,0.673865,June
8,0.694120,0.503795,0.506714,0.630527,0.465578,0.676233,0.458177,0.617244,June
9,0.691921,0.459749,0.520045,0.754712,0.562514,0.800958,0.606187,0.671795,June
10,0.698988,0.377240,0.524476,0.781819,0.575644,0.899918,0.726793,0.454103,June
11,0.690903,0.305828,0.522485,0.790874,0.592029,0.941228,0.695004,0.353249,June
12,0.714430,0.197695,0.517619,0.796585,0.597552,0.857030,0.525224,0.559543,June
13,0.706242,0.171965,0.513679,0.760381,0.584901,0.700251,0.453331,0.653457,June
14,0.703551,0.195118,0.514005,0.701457,0.559017,0.654219,0.529927,0.585083,June
15,0.704056,0.182395,0.519014,0.675673,0.557695,0.453588,0.582891,0.557586,June
16,0.697475,0.315549,0.511423,0.770442,0.578043,0.206203,0.195372,0.338228,June
17,0.659632,0.409239,0.519876,0.722467,0.562219,0.117426,0.024645,0.487941,June
18,0.648807,0.395162,0.516888,0.596304,0.554831,-0.036652,-0.046048,0.021880,June
19,0.622718,0.381486,0.517581,0.523592,0.536015,-0.034257,-0.057759,-0.038026,June
20,0.608760,0.296388,0.520459,0.604482,0.561971,-0.018423,-0.053274,-0.037135,June
21,0.589575,0.238904,0.525826,0.406449,0.515787,-0.035475,-0.042675,-0.048892,June
22,0.569606,0.236815,0.523777,0.314497,0.470689,-0.023980,-0.045082,-0.052746,June
23,0.555516,0.236591,0.527933,0.227383,0.395370,-0.025702,-0.035751,-0.028005,June
0,0.267087,0.870011,0.641347,0.308357,0.242350,-0.036046,-0.033366,0.010413,November
1,0.264502,0.851550,0.635881,0.253146,0.243860,-0.036567,-0.033559,0.010337,November
2,0.246565,0.861480,0.618487,0.272377,0.237169,-0.036629,-0.033581,0.010322,November
3,0.252616,0.850560,0.620491,0.280387,0.253824,-0.036624,-0.033535,0.010408,November
4,0.277475,0.780360,0.597493,0.283962,0.262665,-0.036140,-0.032448,0.010842,November
5,0.257704,0.735647,0.609538,0.252396,0.258171,-0.031443,-0.031267,0.020019,November
6,0.257813,0.800319,0.624982,0.266904,0.273492,-0.025646,-0.001121,0.030242,November
7,0.310916,0.770070,0.660518,0.221661,0.238658,0.129652,0.307480,0.286080,November
8,0.382526,0.569481,0.668408,0.233286,0.294183,0.216711,0.237592,0.340322,November
9,0.437943,0.496231,0.669284,0.267858,0.315669,0.323544,0.283754,0.573159,November
10,0.490284,0.462778,0.658910,0.313341,0.304173,0.452662,0.360786,0.705718,November
11,0.499511,0.440580,0.610395,0.363807,0.361900,0.471127,0.385170,0.731128,November
12,0.519948,0.414959,0.593005,0.284670,0.268553,0.457034,0.343938,0.729575,November
13,0.507032,0.430453,0.590681,0.489848,0.443018,0.390874,0.297200,0.717936,November
14,0.475343,0.523372,0.591023,0.522537,0.506127,0.107885,0.201536,0.463428,November
15,0.383057,0.665309,0.589701,0.521378,0.562761,0.012849,0.035437,0.142595,November
16,0.357629,0.683763,0.594308,0.523026,0.564831,-0.032091,-0.026623,0.018640,November
17,0.364018,0.604553,0.624362,0.509242,0.550016,-0.035744,-0.032891,0.011933,November
18,0.343803,0.571051,0.638566,0.498747,0.506157,-0.036462,-0.033474,0.010606,November
19,0.318620,0.628306,0.658884,0.496597,0.539988,-0.036497,-0.033564,0.010760,November
20,0.281690,0.556460,0.680007,0.499196,0.519722,-0.036337,-0.033527,0.010716,November
21,0.302632,0.571855,0.688711,0.457069,0.505129,-0.036471,-0.033289,0.010401,November
22,0.311034,0.539505,0.695004,0.444272,0.529726,-0.035862,-0.032790,0.010825,November
23,0.288138,0.551410,0.695304,0.462717,0.539914,-0.034637,-0.030378,0.012454,November
0,0.388493,0.665437,0.489081,0.136983,0.199620,-0.028056,-0.004834,-0.024606,August
1,0.386279,0.789977,0.492264,0.115287,0.158101,-0.032201,0.004054,-0.031561,August
2,0.381344,0.723277,0.491145,0.112873,0.144711,-0.033982,-0.007789,-0.028090,August
3,0.375176,0.746167,0.499619,0.112795,0.152775,-0.025234,-0.008555,0.000120,August
4,0.374540,0.833652,0.516382,0.138603,0.273498,-0.022795,0.045143,0.046297,August
5,0.393224,0.823682,0.533359,0.155626,0.316264,0.083536,0.127970,0.493314,August
6,0.411028,0.759634,0.552244,0.179879,0.266589,0.201162,0.379331,0.491506,August
7,0.512590,0.568048,0.558676,0.172883,0.216721,0.533899,0.506626,0.833471,August
8,0.660356,0.423585,0.563207,0.343081,0.290462,0.569432,0.502900,0.831952,August
9,0.736152,0.302654,0.573840,0.458086,0.324837,0.690312,0.467675,0.899024,August
10,0.780592,0.281658,0.575198,0.433709,0.347900,0.834009,0.415576,0.910470,August
11,0.779508,0.288807,0.557033,0.491272,0.447522,0.856812,0.421231,0.911461,August
12,0.798072,0.235974,0.538889,0.545665,0.470533,0.824736,0.413262,0.909749,August
13,0.745044,0.227921,0.541381,0.574120,0.526671,0.745782,0.470252,0.904454,August
14,0.690191,0.264536,0.522218,0.574470,0.540687,0.457621,0.363862,0.789925,August
15,0.619599,0.342017,0.516242,0.574583,0.548589,0.375450,0.392105,0.756871,August
16,0.586196,0.387072,0.533415,0.567540,0.534184,0.154131,0.223417,0.538404,August
17,0.524100,0.372416,0.533427,0.532947,0.521980,0.018253,0.088217,0.431240,August
18,0.500909,0.405686,0.529167,0.433301,0.541542,-0.033710,-0.003587,-0.012741,August
19,0.484626,0.513548,0.545926,0.398111,0.543445,-0.033606,-0.009685,-0.023701,August
20,0.504823,0.543331,0.539248,0.328335,0.522997,-0.024516,-0.009787,0.003845,August
21,0.430077,0.502292,0.529160,0.382882,0.534202,-0.029907,-0.008045,-0.003014,August
22,0.403690,0.711539,0.537460,0.314564,0.510889,-0.032295,-0.009226,-0.031466,August
23,0.413645,0.671600,0.526853,0.253934,0.460478,-0.028010,-0.003549,-0.015918,August
0,0.472940,0.905944,0.587189,0.127269,0.191414,-0.070206,-0.034492,-0.050624,July
1,0.474807,0.894809,0.585329,0.110194,0.177029,-0.071011,-0.034906,-0.050631,July
2,0.469307,0.915988,0.580839,0.111681,0.113280,-0.072416,-0.035393,-0.050663,July
3,0.467169,0.912636,0.570104,0.156291,0.149328,-0.072299,-0.035451,-0.050413,July
4,0.467913,0.917342,0.579399,0.205019,0.254298,-0.068220,-0.021926,-0.046107,July
5,0.489853,0.881518,0.579683,0.245583,0.244217,0.018389,0.055427,0.122896,July
6,0.550150,0.686619,0.572111,0.268826,0.226042,0.186748,0.266418,0.520870,July
7,0.698907,0.389829,0.575138,0.319153,0.234923,0.405500,0.444286,0.899909,July
8,0.824665,0.191136,0.580222,0.328107,0.223216,0.592671,0.486348,0.941097,July
9,0.854555,0.089532,0.582516,0.357736,0.205323,0.774728,0.472945,1.005797,July
10,0.885774,0.025752,0.576850,0.314480,0.239528,0.940811,0.491433,1.019778,July
11,0.901653,0.028928,0.559019,0.314475,0.204928,0.968847,0.564382,1.032892,July
12,0.914661,-0.035882,0.541396,0.267307,0.138816,0.935318,0.558818,1.036196,July
13,0.907894,-0.034752,0.542025,0.304418,0.175204,0.889827,0.552405,1.024081,July
14,0.902686,-0.015100,0.529084,0.220887,0.184884,0.577887,0.495593,0.876693,July
15,0.891267,0.074864,0.522023,0.114366,0.124057,0.400825,0.510329,0.807984,July
16,0.843823,0.223194,0.513851,0.265526,0.135374,0.133633,0.432042,0.401181,July
17,0.816254,0.379749,0.511121,0.328736,0.199815,0.003932,0.137929,0.240401,July
18,0.692296,0.608656,0.514403,0.304885,0.235560,-0.068163,-0.018908,-0.026179,July
19,0.616038,0.752286,0.520920,0.313932,0.259559,-0.070277,-0.034437,-0.048053,July
20,0.586797,0.809958,0.532225,0.225807,0.194444,-0.070533,-0.034931,-0.038913,July
21,0.569883,0.784635,0.533395,0.324567,0.284205,-0.065502,-0.034794,-0.041498,July
22,0.535866,0.877715,0.532256,0.362349,0.290466,-0.064543,-0.033761,-0.048447,July
23,0.568231,0.873986,0.525675,0.360477,0.296082,-0.053149,-0.028767,-0.040801,July
0,0.357271,0.867843,0.598916,0.419441,0.292174,-0.036025,-0.024012,-0.027827,May
1,0.358636,0.868344,0.598307,0.334492,0.312801,-0.042348,-0.052723,-0.028426,May
2,0.360722,0.915574,0.596429,0.306240,0.311487,-0.046898,-0.053404,-0.028593,May
3,0.355936,0.915323,0.593812,0.271644,0.259486,-0.045693,-0.051247,-0.027681,May
4,0.370804,0.905300,0.589737,0.382606,0.257875,0.008287,0.018266,-0.006479,May
5,0.407959,0.800326,0.585038,0.354115,0.255793,0.044514,0.276740,0.004656,May
6,0.408560,0.708537,0.563992,0.144626,0.189210,0.022977,0.200220,0.039782,May
7,0.454278,0.572867,0.551406,0.147905,0.117903,0.261243,0.671991,0.080221,May
8,0.490611,0.505721,0.549444,0.405672,0.223715,0.448909,0.881197,0.044926,May
9,0.498978,0.493012,0.546952,0.384499,0.203844,0.513452,1.153303,0.057099,May
10,0.498399,0.553770,0.544932,0.369127,0.194943,0.270107,1.162645,-0.018627,May
11,0.469410,0.645238,0.545891,0.391972,0.259684,0.029683,1.181738,-0.027697,May
12,0.399410,0.851799,0.549600,0.268693,0.168296,0.125965,0.845246,-0.022265,May
13,0.444852,0.874943,0.543612,0.355597,0.194174,0.282425,0.294161,0.004052,May
14,0.437874,0.833314,0.533950,0.449835,0.292284,0.166211,0.187612,0.023490,May
15,0.435594,0.868255,0.528633,0.464975,0.330998,0.193090,0.126546,0.076316,May
16,0.403912,0.912353,0.526225,0.477248,0.316833,0.058345,0.102065,0.008140,May
17,0.387076,0.909508,0.526844,0.504032,0.380035,-0.027913,0.009847,-0.018755,May
18,0.384108,0.909207,0.532807,0.343820,0.293329,-0.044337,-0.025776,-0.028175,May
19,0.371700,0.896837,0.539504,0.250280,0.243712,-0.044211,-0.042377,-0.028419,May
20,0.393485,0.768753,0.550498,0.382642,0.330433,-0.020591,-0.044671,-0.027081,May
21,0.422908,0.705947,0.549336,0.394348,0.325050,-0.021531,0.003577,-0.025089,May
22,0.399978,0.790715,0.547847,0.388335,0.353386,-0.025914,-0.039047,-0.028186,May
23,0.394443,0.728053,0.540034,0.334743,0.306267,-0.025047,-0.037695,-0.020766,May
0,0.234811,0.913302,0.623166,0.294791,0.410982,-0.028903,-0.028951,-0.039702,April
1,0.273021,0.857242,0.581214,0.452398,0.493451,-0.029974,-0.029548,-0.039963,April
2,0.256105,0.850077,0.548648,0.509896,0.496463,-0.031396,-0.029561,-0.040030,April
3,0.217131,0.853269,0.546460,0.421468,0.475134,-0.031535,-0.029570,-0.039930,April
4,0.208607,0.820562,0.548872,0.361908,0.438690,-0.029715,-0.015510,-0.037882,April
5,0.210580,0.734051,0.566326,0.285444,0.382533,0.090758,0.110658,0.102870,April
6,0.240023,0.639660,0.594418,0.300270,0.443250,0.253840,0.546071,0.444817,April
7,0.330185,0.426307,0.604113,0.329693,0.438918,0.514502,0.645707,0.299158,April
8,0.480331,0.473512,0.557826,0.472286,0.311298,0.742125,0.650737,0.742806,April
9,0.491230,0.338364,0.561897,0.517434,0.403482,0.838486,0.642768,0.756062,April
10,0.492261,0.447396,0.569176,0.491598,0.420298,0.864415,0.695830,0.390965,April
11,0.495398,0.480246,0.571445,0.412452,0.395674,0.873642,0.703257,0.423308,April
12,0.541049,0.263025,0.569591,0.398115,0.323239,0.907907,0.639729,0.788301,April
13,0.541151,0.247967,0.572035,0.395925,0.324561,0.919110,0.612580,0.863613,April
14,0.528233,0.288293,0.577770,0.290839,0.391208,0.607703,0.449965,0.767557,April
15,0.504552,0.317288,0.577508,0.201154,0.258630,0.484469,0.323723,0.745366,April
16,0.466333,0.508640,0.563437,0.208202,0.205369,0.147258,0.092338,0.618027,April
17,0.378785,0.661323,0.574350,0.186412,0.194241,0.002204,-0.003830,0.166421,April
18,0.303462,0.759895,0.592193,0.208170,0.251909,-0.028111,-0.026049,-0.037284,April
19,0.254622,0.853098,0.612781,0.243864,0.354555,-0.031408,-0.028737,-0.040016,April
20,0.262323,0.842332,0.622996,0.417690,0.511570,-0.030865,-0.029460,-0.039973,April
21,0.220977,0.879817,0.630629,0.469525,0.513602,-0.029163,-0.029149,-0.039531,April
22,0.227063,0.901033,0.638130,0.496735,0.513136,-0.026373,-0.028265,-0.038480,April
23,0.220879,0.892290,0.638344,0.504153,0.523224,-0.021174,-0.026569,-0.038526,April
0,0.220232,0.427965,0.512267,0.918732,0.749420,-0.053331,-0.064997,-0.008421,February
1,0.216964,0.483546,0.512116,0.846334,0.716446,-0.054382,-0.065253,-0.008453,February
2,0.211967,0.535204,0.512445,0.732053,0.575372,-0.054824,-0.065672,-0.008489,February
3,0.200618,0.582022,0.511065,0.670154,0.518476,-0.054807,-0.065697,-0.008374,February
4,0.200252,0.614987,0.511606,0.641854,0.532538,-0.054086,-0.064977,-0.008136,February
5,0.209014,0.626555,0.508979,0.690344,0.572896,-0.052475,-0.065287,-0.007582,February
6,0.202910,0.636632,0.510001,0.638186,0.529129,-0.047732,-0.054063,0.002260,February
7,0.214154,0.598793,0.510574,0.522432,0.497749,0.056808,0.127039,0.185143,February
8,0.235732,0.356612,0.470389,0.568011,0.554787,0.247348,0.417658,0.479779,February
9,0.241845,0.297977,0.468207,0.623209,0.517651,0.384465,0.386381,0.570487,February
10,0.254288,0.303529,0.463772,0.643612,0.555968,0.450136,0.448629,0.617351,February
11,0.254441,0.264353,0.441234,0.508017,0.506489,0.483173,0.518883,0.643839,February
12,0.248338,0.363494,0.438422,0.501830,0.485094,0.440846,0.529315,0.581603,February
13,0.251429,0.343404,0.426640,0.517438,0.497437,0.276682,0.483133,0.168777,February
14,0.251635,0.283700,0.404626,0.734576,0.556114,0.205703,0.400880,0.328388,February
15,0.248393,0.248650,0.395113,0.859029,0.711324,0.162659,0.208506,0.284758,February
16,0.246315,0.213238,0.381495,0.955110,0.799544,-0.025570,0.011896,0.079180,February
17,0.231145,0.238023,0.400190,0.964945,0.872890,-0.051406,-0.051296,-0.005941,February
18,0.233255,0.244464,0.415041,0.978512,0.888944,-0.053094,-0.057674,-0.007955,February
19,0.242997,0.189060,0.368763,0.980870,0.893400,-0.047446,-0.063294,0.004512,February
20,0.251919,0.165242,0.339736,0.988258,0.896934,-0.030157,-0.064383,0.032470,February
21,0.252909,0.155260,0.351486,0.962428,0.875599,-0.047656,-0.065000,-0.000683,February
22,0.251653,0.159317,0.351854,0.959044,0.889427,-0.023866,-0.061260,0.033581,February
23,0.244393,0.163363,0.338561,0.990433,0.891865,-0.013267,-0.054424,0.048419,February
0,0.130332,0.646273,0.394868,0.228763,0.285957,-0.052621,-0.039296,-0.004385,February
1,0.131869,0.521246,0.383322,0.571711,0.608511,-0.055625,-0.044539,-0.007379,February
2,0.177925,0.397205,0.376476,0.475227,0.631956,-0.056302,-0.043099,-0.007276,February
3,0.188263,0.267841,0.379636,0.374699,0.621193,-0.056023,-0.044407,-0.007076,February
4,0.111487,0.613311,0.397596,0.245725,0.477646,-0.051674,-0.038705,-0.004844,February
5,0.103950,0.661607,0.436518,0.186288,0.272905,-0.043685,-0.035711,-0.004096,February
6,0.104810,0.666396,0.547376,0.369718,0.318532,-0.028208,0.011489,0.011156,February
7,0.119066,0.589166,0.564642,0.751566,0.621244,0.148911,0.174495,0.112834,February
8,0.141744,0.571312,0.578007,0.755666,0.596247,0.210136,0.315115,0.274415,February
9,0.228910,0.315020,0.588982,0.561197,0.307351,0.419180,0.345357,0.342606,February
10,0.275804,0.160049,0.575206,0.263526,0.234043,0.432151,0.397214,0.671589,February
11,0.283901,0.126704,0.555981,0.198467,0.221926,0.614164,0.379923,0.827614,February
12,0.276273,0.151033,0.523051,0.286642,0.225758,0.592155,0.463233,0.811007,February
13,0.245166,0.218391,0.465552,0.332997,0.231839,0.473631,0.464190,0.654010,February
14,0.217599,0.230322,0.512430,0.324926,0.235034,0.312707,0.254224,0.480167,February
15,0.169564,0.328061,0.510723,0.260428,0.234596,0.117192,0.161643,0.440739,February
16,0.167398,0.639110,0.508790,0.320475,0.241699,-0.043502,-0.025237,0.102329,February
17,0.140083,0.637607,0.520511,0.373985,0.284621,-0.054632,-0.045152,-0.003694,February
18,0.143302,0.598652,0.516055,0.349024,0.440193,-0.056356,-0.045633,-0.007243,February
19,0.119109,0.586650,0.562661,0.263947,0.407026,-0.056506,-0.045699,-0.007337,February
20,0.120774,0.672359,0.570925,0.543728,0.546328,-0.056219,-0.045601,-0.007322,February
21,0.123498,0.638827,0.567163,0.528333,0.598293,-0.056323,-0.045082,-0.007411,February
22,0.124804,0.703509,0.569075,0.605616,0.610524,-0.055180,-0.044368,-0.007392,February
23,0.128401,0.684103,0.543584,0.635417,0.614251,-0.051731,-0.028237,-0.007033,February
0,0.523783,0.813717,0.613368,0.380539,0.569447,-0.058038,-0.056424,-0.037218,July
1,0.530593,0.809941,0.609643,0.383141,0.573614,-0.058754,-0.056903,-0.037379,July
2,0.538611,0.829279,0.601571,0.486858,0.591569,-0.059099,-0.056742,-0.037391,July
3,0.536431,0.826667,0.599991,0.537576,0.596388,-0.055856,-0.057701,-0.035936,July
4,0.534985,0.854318,0.605995,0.581384,0.611753,-0.041296,-0.044257,-0.007711,July
5,0.562464,0.821604,0.601297,0.543382,0.595456,0.103302,0.151288,0.255831,July
6,0.646260,0.690634,0.602249,0.516136,0.444072,0.227912,0.373481,0.794036,July
7,0.738518,0.470064,0.604291,0.648688,0.444575,0.349043,0.440712,0.844164,July
8,0.738663,0.339369,0.615104,0.660823,0.500859,0.574544,0.478799,0.823613,July
9,0.770165,0.224063,0.616342,0.634211,0.409939,0.826301,0.481278,0.922530,July
10,0.803782,0.135993,0.616739,0.634843,0.449559,0.931528,0.450291,0.933285,July
11,0.809894,0.090800,0.610133,0.670003,0.500965,0.946311,0.447008,0.936345,July
12,0.818740,0.057411,0.591233,0.647101,0.420266,0.927520,0.478397,0.935395,July
13,0.810945,0.050816,0.583269,0.661560,0.459200,0.874814,0.481384,0.922757,July
14,0.805557,0.065490,0.563381,0.633058,0.507751,0.664655,0.424350,0.859833,July
15,0.785340,0.095058,0.548200,0.627674,0.474716,0.486710,0.345586,0.788916,July
16,0.784831,0.131871,0.540741,0.539756,0.343971,0.327176,0.203506,0.705369,July
17,0.750358,0.253626,0.542336,0.317356,0.308246,0.141898,0.162382,0.429940,July
18,0.665366,0.419738,0.544275,0.239038,0.322333,-0.054621,0.001495,-0.018111,July
19,0.619837,0.581832,0.549058,0.249734,0.354763,-0.057022,-0.056277,-0.033684,July
20,0.585320,0.689278,0.555623,0.275875,0.424580,-0.055623,-0.057353,-0.030509,July
21,0.545989,0.629097,0.557413,0.267902,0.432914,-0.050842,-0.057530,-0.015256,July
22,0.539002,0.639450,0.559724,0.279260,0.446859,-0.047479,-0.056487,-0.026772,July
23,0.522234,0.668077,0.563543,0.259040,0.418859,-0.046489,-0.055166,0.012127,July
0,0.413206,0.843333,0.563905,0.148656,0.189713,-0.025265,-0.051446,-0.046023,August
1,0.416909,0.833012,0.560526,0.145108,0.218416,-0.025864,-0.052536,-0.046218,August
2,0.412276,0.815303,0.567460,0.214443,0.255301,-0.026071,-0.052720,-0.046220,August
3,0.410320,0.833384,0.560912,0.382948,0.437509,-0.025938,-0.052731,-0.045643,August
4,0.414149,0.815529,0.572443,0.403957,0.498062,-0.023664,-0.036489,-0.041521,August
5,0.452827,0.735080,0.583629,0.435132,0.466237,0.047319,0.209090,0.075451,August
6,0.519215,0.426648,0.585754,0.370458,0.341078,0.231008,0.315418,0.398815,August
7,0.610706,0.448828,0.589018,0.385969,0.232758,0.366645,0.432699,0.630936,August
8,0.745346,0.213463,0.586199,0.294082,0.179611,0.635135,0.409616,0.851150,August
9,0.803919,0.103137,0.598763,0.361123,0.179660,0.833498,0.431182,0.883592,August
10,0.815673,0.109558,0.599947,0.367271,0.198523,0.901022,0.465725,0.886019,August
11,0.819021,0.107955,0.588995,0.405555,0.205845,0.905865,0.495193,0.885403,August
12,0.825433,0.116575,0.569327,0.410490,0.187892,0.856284,0.488570,0.883104,August
13,0.803850,0.096932,0.563902,0.492838,0.281793,0.833284,0.462385,0.879402,August
14,0.753487,0.156517,0.555414,0.499330,0.299959,0.560283,0.372925,0.781586,August
15,0.737609,0.335948,0.549465,0.371273,0.263764,0.489254,0.355931,0.767200,August
16,0.654089,0.335717,0.550031,0.356875,0.213963,0.209409,0.151930,0.705668,August
17,0.625625,0.411651,0.549614,0.219816,0.175876,0.047170,0.018242,0.464264,August
18,0.555765,0.519453,0.562331,0.170944,0.200311,-0.022319,-0.050248,-0.013370,August
19,0.484175,0.594149,0.570584,0.182542,0.264038,-0.024948,-0.052510,-0.044533,August
20,0.456653,0.683029,0.571110,0.169570,0.245497,-0.025314,-0.052651,-0.044735,August
21,0.432815,0.711856,0.568037,0.231904,0.322513,-0.025178,-0.052377,-0.044874,August
22,0.449244,0.746732,0.578733,0.231432,0.413276,-0.023756,-0.052098,-0.044879,August
23,0.430077,0.667968,0.577185,0.308391,0.460874,-0.017672,-0.051583,-0.040455,August
0,0.386604,0.878507,0.551387,0.251814,0.409099,-0.020665,-0.052439,-0.037158,May
1,0.372069,0.886657,0.550806,0.454384,0.485185,-0.023868,-0.052011,-0.037584,May
2,0.406522,0.893886,0.556286,0.535282,0.485035,-0.025289,-0.052866,-0.037660,May
3,0.362598,0.909471,0.551858,0.583233,0.493402,-0.024798,-0.055548,-0.037592,May
4,0.357423,0.969878,0.578435,0.529932,0.477914,-0.019946,-0.046038,-0.035606,May
5,0.404977,0.929329,0.598687,0.547900,0.469295,0.055379,0.056477,0.035330,May
6,0.456384,0.865443,0.609217,0.403284,0.388226,0.258639,0.518168,0.518431,May
7,0.527406,0.683001,0.608744,0.420791,0.212756,0.293642,0.484323,0.560164,May
8,0.520799,0.700505,0.606216,0.492279,0.238842,0.502538,0.800044,0.467621,May
9,0.552358,0.562253,0.614266,0.370388,0.204026,0.712986,0.925791,0.624944,May
10,0.578504,0.418101,0.609017,0.315737,0.190830,0.834614,0.855410,0.697978,May
11,0.584537,0.395719,0.581714,0.372601,0.176517,0.848130,0.707463,0.710585,May
12,0.579259,0.436686,0.547889,0.560596,0.302191,0.835611,0.944101,0.687261,May
13,0.565843,0.446160,0.530993,0.532615,0.301370,0.580319,0.992232,0.244278,May
14,0.565692,0.435995,0.519751,0.233851,0.147029,0.450225,0.838198,0.207272,May
15,0.560053,0.457657,0.506392,0.147876,0.084819,0.267272,0.711153,0.177334,May
16,0.479026,0.655901,0.508650,0.099819,0.085850,0.068464,0.240690,0.117217,May
17,0.459183,0.684885,0.507258,0.088389,0.085331,0.005647,0.038438,0.034326,May
18,0.425085,0.732143,0.523685,0.096314,0.081334,-0.024253,-0.052689,-0.032713,May
19,0.371680,0.742489,0.538239,0.106512,0.106825,-0.025565,-0.055987,-0.037505,May
20,0.335679,0.903851,0.550887,0.094727,0.100597,-0.025272,-0.055937,-0.037583,May
21,0.333494,0.924114,0.530014,0.139756,0.133707,-0.025009,-0.055570,-0.037524,May
22,0.328044,0.887849,0.524738,0.192339,0.268130,-0.022986,-0.054770,-0.037181,May
23,0.322714,0.915882,0.509258,0.326211,0.366586,-0.016842,-0.053609,-0.034695,May
0,0.335800,0.968518,0.600111,0.414996,0.276203,-0.018387,-0.010313,-0.034383,May
1,0.345788,0.967381,0.614757,0.407259,0.264834,-0.017339,-0.020187,-0.033398,May
2,0.329474,0.977303,0.611132,0.309907,0.218138,-0.021786,-0.028700,-0.034447,May
3,0.310557,0.985526,0.583171,0.407218,0.313311,-0.020903,-0.027658,-0.031501,May
4,0.310810,0.967029,0.594196,0.383603,0.256129,-0.017278,0.007415,0.001208,May
5,0.320075,0.914732,0.592028,0.382295,0.323333,0.039800,0.278741,0.278579,May
6,0.335955,0.761616,0.605019,0.277666,0.266495,0.135254,0.419597,0.428750,May
7,0.382159,0.650496,0.597806,0.374891,0.243963,0.580086,0.733298,0.716840,May
8,0.504804,0.405178,0.587787,0.549906,0.320318,0.839677,0.722689,0.816284,May
9,0.543575,0.384074,0.605442,0.567266,0.361445,0.891404,0.757954,0.820186,May
10,0.562317,0.401210,0.618377,0.580235,0.417884,0.935225,0.767848,0.812326,May
11,0.562122,0.403555,0.590267,0.570059,0.459014,0.942394,0.772915,0.799951,May
12,0.550614,0.507668,0.573909,0.453374,0.303106,0.879100,0.651384,0.804781,May
13,0.551020,0.403351,0.550286,0.467853,0.241779,0.758765,0.637954,0.708681,May
14,0.550903,0.377534,0.536052,0.429575,0.348501,0.548570,0.324963,0.703487,May
15,0.539796,0.402542,0.518626,0.369685,0.300400,0.551409,0.377639,0.731260,May
16,0.512062,0.453758,0.513887,0.478483,0.360437,0.238632,0.206720,0.469307,May
17,0.453541,0.549662,0.515980,0.282254,0.326270,0.041449,0.036708,0.243082,May
18,0.416290,0.616583,0.521993,0.300144,0.262597,-0.020985,-0.027457,-0.026619,May
19,0.373882,0.747811,0.528287,0.346169,0.297783,-0.022373,-0.028888,-0.034902,May
20,0.386992,0.654626,0.530447,0.351992,0.366035,-0.021096,-0.029255,-0.034589,May
21,0.345710,0.782740,0.529391,0.519199,0.432353,-0.020630,-0.028693,-0.034439,May
22,0.328495,0.911288,0.531512,0.426986,0.470521,-0.019238,-0.028536,-0.034815,May
23,0.320761,0.930593,0.527706,0.302910,0.321554,-0.017849,-0.027061,-0.034132,May
0,0.537790,0.917042,0.479898,0.194080,0.353505,-0.013776,-0.074971,-0.008127,September
1,0.544987,0.771988,0.471400,0.240858,0.402377,-0.013931,-0.075410,-0.008184,September
2,0.549156,0.768318,0.456535,0.220520,0.382939,-0.014590,-0.075450,-0.008197,September
3,0.532974,0.821781,0.453395,0.170140,0.342495,-0.014532,-0.075445,-0.008025,September
4,0.522739,0.858613,0.461266,0.175290,0.330440,-0.013321,-0.069000,-0.005814,September
5,0.529872,0.879951,0.470185,0.180663,0.318153,0.010685,0.097511,0.050837,September
6,0.568579,0.855444,0.489591,0.212241,0.289889,0.105199,0.531205,0.324741,September
7,0.670141,0.575255,0.491211,0.276666,0.314910,0.185285,0.704033,0.373936,September
8,0.715884,0.428788,0.518930,0.332568,0.271014,0.383392,0.802407,0.559439,September
9,0.754723,0.325503,0.528905,0.254486,0.226773,0.599248,0.819432,0.733330,September
10,0.770583,0.283358,0.529238,0.234253,0.214659,0.694788,0.817999,0.802680,September
11,0.774756,0.273605,0.522055,0.261908,0.186008,0.702715,0.785125,0.805120,September
12,0.776756,0.285443,0.521090,0.321132,0.169920,0.679235,0.809529,0.799008,September
13,0.761469,0.302940,0.498184,0.366853,0.256429,0.534499,0.790392,0.765499,September
14,0.737204,0.353162,0.495721,0.313838,0.254225,0.467105,0.692286,0.672919,September
15,0.690088,0.365774,0.477701,0.200497,0.135976,0.251124,0.542575,0.580280,September
16,0.649361,0.588267,0.478608,0.081678,0.048001,0.033932,0.222336,0.245664,September
17,0.606453,0.751528,0.497119,0.075910,0.051336,-0.011242,-0.046173,0.004651,September
18,0.583813,0.776441,0.501985,0.085562,0.098790,-0.014394,-0.073400,-0.007718,September
19,0.546888,0.843325,0.516316,0.079617,0.117988,-0.014479,-0.075363,-0.008125,September
20,0.537244,0.972194,0.529242,0.107711,0.200798,-0.014364,-0.075395,-0.007954,September
21,0.527470,0.984691,0.532140,0.163003,0.202473,-0.014170,-0.075320,-0.008063,September
22,0.526806,0.989675,0.533800,0.134666,0.159531,-0.012908,-0.074961,-0.007771,September
23,0.522896,1.000100,0.533109,0.113102,0.167135,-0.011590,-0.071627,-0.007083,September
0,0.405408,0.886792,0.562637,0.503222,0.586239,-0.077469,-0.030920,-0.046384,May
1,0.404176,0.891480,0.562918,0.560036,0.609665,-0.078872,-0.031411,-0.046491,May
2,0.413482,0.905732,0.555309,0.583003,0.581589,-0.079538,-0.031822,-0.046608,May
3,0.394284,0.897953,0.535150,0.397999,0.536317,-0.079443,-0.032353,-0.046550,May
4,0.400294,0.901506,0.559447,0.298045,0.547168,-0.073760,-0.021169,-0.043653,May
5,0.438676,0.856610,0.566625,0.473647,0.521968,0.029550,0.117285,0.065518,May
6,0.457964,0.845748,0.569329,0.367733,0.369575,0.142627,0.456881,0.265371,May
7,0.484073,0.710526,0.571411,0.251630,0.176648,0.254414,0.635121,0.364096,May
8,0.476829,0.764486,0.570981,0.370870,0.244511,0.371169,0.629165,0.387202,May
9,0.494139,0.677761,0.574246,0.330518,0.224658,0.537961,0.698901,0.467510,May
10,0.503970,0.596219,0.573401,0.202831,0.147719,0.659448,0.773089,0.467727,May
11,0.502383,0.598704,0.558952,0.172703,0.124574,0.672813,0.851120,0.475228,May
12,0.506908,0.582618,0.544884,0.489913,0.221035,0.664766,0.953116,0.404665,May
13,0.501238,0.570799,0.542623,0.606291,0.340583,0.459304,0.979789,0.256418,May
14,0.500856,0.564993,0.538428,0.302371,0.235071,0.282868,0.769732,0.161872,May
15,0.493907,0.591607,0.529553,0.168017,0.136401,0.167795,0.660147,0.125457,May
16,0.452156,0.786261,0.522000,0.110832,0.141486,-0.025436,0.085105,-0.007618,May
17,0.438884,0.807566,0.519638,0.179097,0.217971,-0.068938,-0.000880,-0.024595,May
18,0.425827,0.801671,0.523068,0.216544,0.161871,-0.079439,-0.032098,-0.044605,May
19,0.400469,0.837645,0.519940,0.261630,0.206311,-0.079740,-0.033105,-0.046450,May
20,0.393141,0.877138,0.523025,0.293987,0.231685,-0.079226,-0.033116,-0.046420,May
21,0.389929,0.880694,0.518736,0.548680,0.443476,-0.078620,-0.032697,-0.046469,May
22,0.387838,0.878457,0.514411,0.605274,0.551616,-0.078382,-0.032390,-0.046506,May
23,0.387383,0.895333,0.511420,0.668035,0.585533,-0.075379,-0.029204,-0.046139,May
0,0.265930,0.923486,0.722293,0.194413,0.241849,-0.029578,-0.025780,-0.020396,December
1,0.276409,0.901739,0.712010,0.158986,0.236700,-0.031364,-0.025614,-0.020010,December
2,0.244376,0.896904,0.692487,0.152747,0.236172,-0.033433,-0.026274,-0.020551,December
3,0.236893,0.910868,0.677108,0.161261,0.242695,-0.033837,-0.026119,-0.020533,December
4,0.202301,0.930494,0.681135,0.286315,0.288520,-0.033348,-0.024399,-0.020609,December
5,0.192392,0.916158,0.696418,0.256561,0.390485,-0.031829,-0.024826,-0.019114,December
6,0.217449,0.874171,0.688578,0.239457,0.424886,-0.022534,-0.017726,-0.011136,December
7,0.304959,0.771938,0.706630,0.261229,0.401732,0.050568,0.016474,0.233356,December
8,0.423585,0.565037,0.656851,0.383646,0.411750,0.361352,0.238358,0.463282,December
9,0.427264,0.551935,0.651001,0.374636,0.396819,0.454814,0.338216,0.578394,December
10,0.438402,0.529309,0.654128,0.480147,0.486338,0.460252,0.387622,0.311825,December
11,0.438637,0.536956,0.642458,0.497538,0.486812,0.365233,0.401034,0.060749,December
12,0.415742,0.700426,0.643739,0.473303,0.473107,0.304811,0.364958,0.001196,December
13,0.395298,0.782203,0.629576,0.400973,0.436790,0.153839,0.177403,-0.000024,December
14,0.366976,0.752535,0.621681,0.345066,0.381313,0.162090,0.061458,0.088692,December
15,0.343867,0.748641,0.619271,0.324144,0.411439,0.032087,-0.003558,0.044635,December
16,0.324126,0.867839,0.619064,0.390670,0.399756,-0.025544,-0.018017,-0.018265,December
17,0.308225,0.853091,0.622346,0.418932,0.490088,-0.031382,-0.026137,-0.020315,December
18,0.355952,0.829703,0.621390,0.414952,0.471824,-0.033719,-0.026166,-0.020606,December
19,0.320947,0.767758,0.626686,0.410381,0.457702,-0.033823,-0.026317,-0.020610,December
20,0.335251,0.667631,0.630731,0.485247,0.497487,-0.032479,-0.026119,-0.020547,December
21,0.310663,0.662713,0.646897,0.382730,0.399598,-0.032806,-0.025701,-0.020539,December
22,0.274374,0.702921,0.646776,0.294545,0.363779,-0.031545,-0.025400,-0.020278,December
23,0.236830,0.737369,0.657430,0.263288,0.362410,-0.030439,-0.021423,-0.018941,December
0,0.376781,0.986099,0.543713,0.119496,0.089381,-0.012871,-0.031734,-0.019664,October
1,0.361724,0.948396,0.540843,0.123190,0.105216,-0.013470,-0.031877,-0.019907,October
2,0.354490,0.942311,0.538105,0.124862,0.117534,-0.013938,-0.032055,-0.019922,October
3,0.358431,0.900542,0.538872,0.174254,0.190602,-0.013925,-0.032034,-0.019884,October
4,0.365829,0.920702,0.538215,0.158565,0.175084,-0.013292,-0.026647,-0.018728,October
5,0.358809,0.885276,0.543328,0.179594,0.267247,-0.001809,-0.010843,0.024125,October
6,0.388664,0.911789,0.557989,0.255750,0.336272,0.040249,0.322680,0.124714,October
7,0.498712,0.733972,0.577882,0.266198,0.298950,0.169313,0.499301,0.417697,October
8,0.638731,0.452822,0.579611,0.430020,0.286007,0.416571,0.599657,0.688091,October
9,0.648472,0.376960,0.570079,0.457424,0.336088,0.511827,0.606498,0.747759,October
10,0.674205,0.364607,0.590411,0.462092,0.296974,0.547255,0.642664,0.749454,October
11,0.684936,0.358009,0.568074,0.456538,0.262689,0.553627,0.643480,0.752349,October
12,0.694337,0.338777,0.553203,0.438489,0.235822,0.521051,0.537674,0.763882,October
13,0.692407,0.341893,0.542724,0.426687,0.219830,0.491826,0.544210,0.783053,October
14,0.680722,0.365734,0.546694,0.437992,0.245161,0.276569,0.445017,0.731001,October
15,0.618565,0.446944,0.544755,0.385618,0.265097,0.150146,0.256670,0.544072,October
16,0.529212,0.732106,0.567964,0.205385,0.240261,-0.000958,-0.011532,0.049090,October
17,0.473662,0.766637,0.613592,0.203974,0.341584,-0.012082,-0.029655,-0.015134,October
18,0.490145,0.726382,0.627009,0.256731,0.384681,-0.013835,-0.031829,-0.019660,October
19,0.465758,0.682100,0.619834,0.274814,0.418846,-0.013864,-0.032251,-0.019849,October
20,0.421947,0.872342,0.648980,0.340135,0.430827,-0.013665,-0.032242,-0.019709,October
21,0.382132,0.916984,0.654623,0.334885,0.380352,-0.013769,-0.031875,-0.019875,October
22,0.388979,0.943822,0.657701,0.258081,0.330021,-0.012610,-0.030301,-0.019230,October
23,0.377628,0.916693,0.658222,0.180246,0.268821,-0.010830,-0.026683,-0.018040,October
0,0.287252,0.538380,0.520929,0.586745,0.650500,-0.036071,-0.011117,-0.046343,January
1,0.251027,0.662059,0.551540,0.576928,0.655093,-0.036591,-0.011298,-0.046461,January
2,0.276772,0.624192,0.530276,0.583831,0.655478,-0.036717,-0.011389,-0.046469,January
3,0.216637,0.769576,0.550416,0.571473,0.634738,-0.036687,-0.011378,-0.046387,January
4,0.168376,0.867585,0.554583,0.358423,0.462533,-0.036185,-0.010860,-0.045526,January
5,0.157722,0.874682,0.557856,0.339669,0.425305,-0.035266,-0.010868,-0.045690,January
6,0.141389,0.879201,0.575409,0.339501,0.362910,-0.031259,0.001478,-0.040478,January
7,0.181443,0.865440,0.605478,0.235974,0.233840,0.026440,0.232244,0.162640,January
8,0.306056,0.704712,0.623765,0.228016,0.209623,0.195222,0.308712,0.632520,January
9,0.388208,0.519882,0.638806,0.265074,0.211170,0.471699,0.336502,0.805258,January
10,0.424459,0.380150,0.655676,0.341476,0.223639,0.509747,0.345817,0.814173,January
11,0.424270,0.366896,0.631276,0.502223,0.250764,0.512237,0.349005,0.813705,January
12,0.433893,0.381338,0.603201,0.559838,0.254926,0.488647,0.356209,0.798645,January
13,0.414033,0.381535,0.594257,0.579394,0.332988,0.375499,0.345325,0.701564,January
14,0.366050,0.431341,0.576216,0.560859,0.385791,0.206121,0.294729,0.433372,January
15,0.350659,0.537827,0.567448,0.436795,0.310021,0.064284,0.181984,0.300160,January
16,0.210046,0.642416,0.554170,0.344792,0.286068,-0.033213,-0.007889,-0.035709,January
17,0.214230,0.682374,0.579249,0.260463,0.246274,-0.035875,-0.011210,-0.045546,January
18,0.206418,0.668306,0.597499,0.274491,0.290456,-0.036704,-0.011372,-0.046393,January
19,0.184449,0.746427,0.595167,0.299152,0.427862,-0.036727,-0.011441,-0.046353,January
20,0.174257,0.789626,0.593564,0.306406,0.404425,-0.036560,-0.011407,-0.046328,January
21,0.154930,0.740778,0.577820,0.259458,0.357513,-0.036526,-0.011357,-0.046408,January
22,0.157126,0.733112,0.601474,0.252940,0.329137,-0.035912,-0.010886,-0.045646,January
23,0.138065,0.733736,0.616081,0.227835,0.310454,-0.035143,-0.008716,-0.043219,January
0,0.342001,0.887978,0.349376,0.182837,0.170854,-0.037888,-0.049023,0.013378,November
1,0.352165,0.892796,0.347975,0.189511,0.174166,-0.039488,-0.049374,0.012517,November
2,0.356961,0.732728,0.345360,0.217023,0.242833,-0.039876,-0.050801,0.012472,November
3,0.353887,0.713785,0.338804,0.340813,0.395525,-0.039752,-0.051022,0.013549,November
4,0.339197,0.959893,0.338040,0.462505,0.656820,-0.038032,-0.046094,0.013005,November
5,0.341823,0.963609,0.329989,0.533637,0.575956,-0.037206,-0.040624,0.012646,November
6,0.345091,0.941028,0.340207,0.589141,0.447623,-0.025201,-0.028607,0.018506,November
7,0.364349,0.942288,0.341016,0.439338,0.371911,0.041246,0.020101,0.079982,November
8,0.451596,0.678255,0.318937,0.566191,0.555356,0.124286,0.258346,0.179072,November
9,0.528928,0.413896,0.320324,0.487859,0.426111,0.266226,0.386448,0.253289,November
10,0.542470,0.300539,0.293741,0.428052,0.279285,0.365429,0.462715,0.472116,November
11,0.556429,0.280540,0.245341,0.358468,0.261338,0.436974,0.492920,0.666105,November
12,0.552537,0.324709,0.256767,0.580160,0.432523,0.351594,0.494504,0.580729,November
13,0.536708,0.341183,0.237204,0.527770,0.393887,0.250363,0.403835,0.292481,November
14,0.547173,0.471322,0.246494,0.578792,0.473817,0.211442,0.368029,0.442146,November
15,0.526947,0.642277,0.221528,0.503600,0.503625,0.021846,0.072093,0.328591,November
16,0.449326,0.791883,0.136569,0.630887,0.496565,-0.035089,-0.037625,0.019678,November
17,0.417836,0.871179,0.158334,0.543677,0.483418,-0.039512,-0.050021,0.012708,November
18,0.395719,0.890536,0.164698,0.433614,0.354603,-0.039938,-0.050922,0.012449,November
19,0.394134,0.952847,0.125746,0.448836,0.361345,-0.039887,-0.051047,0.012517,November
20,0.384545,0.964867,0.118670,0.565312,0.521657,-0.039307,-0.051248,0.012708,November
21,0.378319,0.968555,0.106159,0.542911,0.527943,-0.039791,-0.051189,0.012461,November
22,0.421756,0.954035,0.102321,0.604751,0.469135,-0.038203,-0.050280,0.013009,November
23,0.440601,0.947389,0.100230,0.697115,0.611051,-0.038395,-0.045653,0.014444,November
0,0.534628,0.877848,0.581624,0.338803,0.400351,-0.036561,-0.041478,-0.056840,June
1,0.525990,0.881241,0.582510,0.333351,0.422205,-0.038071,-0.042126,-0.057245,June
2,0.528789,0.883224,0.576421,0.236385,0.386146,-0.038922,-0.043952,-0.057509,June
3,0.518389,0.912365,0.553902,0.223494,0.409049,-0.039023,-0.044165,-0.057465,June
4,0.515717,0.925929,0.559546,0.212993,0.343346,-0.037422,-0.036248,-0.055881,June
5,0.546790,0.893950,0.554451,0.262671,0.368756,0.004330,0.060548,0.015778,June
6,0.624468,0.758575,0.559545,0.336964,0.375728,0.128525,0.142808,0.263932,June
7,0.641505,0.598367,0.554887,0.385272,0.310189,0.361196,0.399325,0.818285,June
8,0.685533,0.544669,0.567026,0.391769,0.335365,0.637019,0.482455,0.800118,June
9,0.748169,0.411750,0.568144,0.579482,0.472726,0.639798,0.471420,0.769171,June
10,0.796780,0.286579,0.561186,0.559492,0.475299,0.846607,0.469258,0.821526,June
11,0.805423,0.282212,0.541700,0.545472,0.476297,0.869254,0.469989,0.792594,June
12,0.718331,0.400162,0.547174,0.568974,0.484908,0.810852,0.635805,0.629704,June
13,0.688467,0.412932,0.534045,0.470413,0.414669,0.528062,0.829434,0.124056,June
14,0.720815,0.381051,0.531229,0.316641,0.296386,0.336376,0.520922,0.050768,June
15,0.736465,0.343595,0.526260,0.211790,0.256607,0.202763,0.495807,0.249992,June
16,0.782334,0.430739,0.525397,0.229426,0.243887,0.113732,0.104123,0.048194,June
17,0.731719,0.644124,0.537606,0.165341,0.227565,0.005814,0.071033,-0.011393,June
18,0.647439,0.781849,0.543968,0.135975,0.214025,-0.037861,-0.018701,-0.055743,June
19,0.556343,0.829756,0.543745,0.161825,0.220763,-0.038638,-0.039025,-0.057382,June
20,0.581912,0.798577,0.550903,0.341589,0.352583,-0.035698,-0.043080,-0.056548,June
21,0.544274,0.837461,0.564864,0.437105,0.364626,-0.032858,-0.043889,-0.053672,June
22,0.534965,0.883601,0.564657,0.287092,0.281630,-0.031268,-0.042442,-0.056126,June
23,0.527278,0.907526,0.570931,0.213261,0.266656,-0.028638,-0.040054,-0.053248,June
0,0.213429,0.911590,0.628435,0.098580,0.191198,-0.001304,-0.019381,-0.042316,May
1,0.206224,0.925401,0.620678,0.050186,0.116042,-0.001368,-0.024195,-0.042080,May
2,0.195975,0.952939,0.619356,0.050942,0.117042,-0.003402,-0.024810,-0.042368,May
3,0.192256,0.953448,0.620830,0.052448,0.185923,-0.004092,-0.024477,-0.042262,May
4,0.193134,0.930594,0.629517,0.026126,0.069229,-0.003019,0.086157,-0.037672,May
5,0.245381,0.813051,0.639271,0.014654,0.069353,0.082695,0.433973,0.261381,May
6,0.327449,0.691334,0.641227,0.011047,0.046156,0.207991,0.600729,0.312077,May
7,0.372345,0.499416,0.642976,0.016347,0.049190,0.421826,0.710071,0.510380,May
8,0.427002,0.420006,0.641977,0.087451,0.084465,0.525702,0.595788,0.502711,May
9,0.455371,0.380791,0.644808,0.261719,0.196010,0.656166,0.751389,0.533985,May
10,0.451557,0.379980,0.644542,0.374340,0.293514,0.699322,0.902062,0.489573,May
11,0.451190,0.387536,0.635774,0.388418,0.314353,0.693021,0.939688,0.450348,May
12,0.454686,0.400373,0.622217,0.352248,0.254431,0.648017,0.903476,0.468338,May
13,0.452688,0.379064,0.605454,0.366260,0.269588,0.618754,0.842636,0.460775,May
14,0.453745,0.363843,0.598105,0.263528,0.238951,0.569990,0.600961,0.509152,May
15,0.454011,0.365156,0.593000,0.122258,0.135277,0.473344,0.574425,0.504470,May
16,0.447476,0.392357,0.591995,0.114029,0.124973,0.235426,0.310573,0.276219,May
17,0.392882,0.461563,0.592793,0.168461,0.223427,0.048932,0.144254,0.223076,May
18,0.386899,0.506648,0.597427,0.186803,0.192500,-0.002128,-0.018061,-0.023779,May
19,0.360314,0.585494,0.607447,0.161217,0.168444,-0.003879,-0.024903,-0.042095,May
20,0.327806,0.666607,0.612699,0.100902,0.115765,-0.003646,-0.025696,-0.041721,May
21,0.295406,0.734722,0.614608,0.186087,0.216780,-0.003422,-0.025622,-0.042143,May
22,0.250252,0.849422,0.608751,0.204954,0.280125,-0.003072,-0.025467,-0.042382,May
23,0.249652,0.895397,0.605657,0.148662,0.284718,-0.000844,-0.024510,-0.041751,May
0,0.651309,0.990222,0.517375,0.090927,0.158027,-0.103580,-0.073674,-0.087498,August
1,0.651190,0.974178,0.510894,0.104172,0.179242,-0.103889,-0.074722,-0.087796,August
2,0.650009,0.972582,0.508755,0.168310,0.269594,-0.104087,-0.074705,-0.087809,August
3,0.650490,0.994590,0.509038,0.224128,0.330720,-0.104230,-0.074656,-0.087508,August
4,0.650110,0.992690,0.511359,0.188092,0.311382,-0.100928,-0.027584,-0.083837,August
5,0.669866,0.909783,0.512667,0.218171,0.313002,0.011086,0.679487,0.051457,August
6,0.721631,0.619475,0.518589,0.257196,0.247305,0.188976,0.952117,0.527170,August
7,0.751596,0.520096,0.523178,0.234172,0.193254,0.398188,1.101313,0.676509,August
8,0.768235,0.471662,0.526321,0.402644,0.242901,0.604913,1.028784,0.690521,August
9,0.775075,0.433725,0.527923,0.414780,0.267423,0.746262,1.111116,0.734216,August
10,0.777611,0.469107,0.527964,0.424064,0.292559,0.799776,1.171302,0.718687,August
11,0.781866,0.475198,0.523081,0.412570,0.291871,0.811638,1.191668,0.739069,August
12,0.790727,0.412572,0.517000,0.411325,0.256856,0.804407,1.132335,0.754609,August
13,0.788710,0.389847,0.511495,0.402247,0.254354,0.781465,1.086937,0.754011,August
14,0.784729,0.395905,0.509318,0.309619,0.199158,0.593682,0.854602,0.731836,August
15,0.780482,0.420625,0.508288,0.206529,0.170009,0.456467,0.720696,0.710740,August
16,0.771633,0.478874,0.507953,0.157496,0.138063,0.186589,0.272075,0.522725,August
17,0.746864,0.558998,0.508351,0.068556,0.126752,0.028941,0.047491,0.282404,August
18,0.714469,0.582766,0.510025,0.076302,0.152185,-0.100477,-0.069332,-0.081308,August
19,0.688852,0.702739,0.515370,0.103934,0.197879,-0.104269,-0.074150,-0.087716,August
20,0.672430,0.830040,0.517537,0.195455,0.263446,-0.104050,-0.074365,-0.087730,August
21,0.660222,0.812433,0.521904,0.252505,0.298652,-0.103220,-0.074131,-0.087412,August
22,0.661444,0.883134,0.524464,0.207241,0.292451,-0.099400,-0.073439,-0.087182,August
23,0.660427,0.899817,0.526512,0.173266,0.257785,-0.095917,-0.072515,-0.084814,August
0,0.131441,0.866760,0.871741,0.045903,0.205930,-0.045576,-0.043983,0.006099,January
1,0.129012,0.859697,0.871828,0.041927,0.184239,-0.046177,-0.044089,0.006021,January
2,0.128141,0.835748,0.869375,0.050509,0.223525,-0.046321,-0.044302,0.006009,January
3,0.124171,0.796911,0.859068,0.069599,0.280573,-0.046336,-0.044281,0.006036,January
4,0.116290,0.852884,0.848411,0.101736,0.272836,-0.046260,-0.043873,0.006053,January
5,0.118736,0.857937,0.855180,0.094530,0.288241,-0.045614,-0.043651,0.006393,January
6,0.124828,0.859769,0.858781,0.079104,0.275715,-0.040668,-0.033902,0.009725,January
7,0.149568,0.823794,0.864627,0.065883,0.253355,0.026630,0.097567,0.071430,January
8,0.201023,0.765286,0.843288,0.109142,0.297500,0.088297,0.146318,0.171154,January
9,0.291217,0.617791,0.854342,0.182954,0.308968,0.205069,0.335600,0.310163,January
10,0.320661,0.564984,0.851193,0.316743,0.325062,0.295646,0.344696,0.407357,January
11,0.327729,0.556875,0.826080,0.378387,0.333746,0.326064,0.526702,0.414609,January
12,0.322422,0.570989,0.821025,0.414369,0.389646,0.277058,0.580197,0.384210,January
13,0.264253,0.634769,0.813071,0.417330,0.402116,0.081784,0.574765,0.065474,January
14,0.244174,0.674584,0.806646,0.331858,0.295736,0.068307,0.427682,0.089072,January
15,0.249506,0.715227,0.803843,0.198347,0.281716,-0.015697,0.169959,0.042076,January
16,0.220714,0.795524,0.801348,0.203332,0.318402,-0.042318,-0.039751,0.008015,January
17,0.197818,0.784463,0.801884,0.360538,0.464706,-0.045648,-0.044068,0.006384,January
18,0.236961,0.791574,0.802145,0.329230,0.450952,-0.046292,-0.044230,0.006050,January
19,0.208354,0.779675,0.801781,0.248408,0.419998,-0.046280,-0.044310,0.006059,January
20,0.203569,0.827525,0.802103,0.227574,0.393482,-0.046006,-0.044279,0.006106,January
21,0.172529,0.836352,0.803315,0.178874,0.372368,-0.046218,-0.044200,0.006030,January
22,0.170798,0.837849,0.800854,0.141314,0.366915,-0.045814,-0.043776,0.006103,January
23,0.173884,0.809461,0.800042,0.140772,0.399721,-0.045155,-0.038168,0.006655,January
0,0.111139,0.971927,0.624040,0.100548,0.136111,-0.060043,-0.022360,-0.025713,February
1,0.111714,0.965830,0.605709,0.134231,0.214047,-0.061264,-0.023336,-0.025915,February
2,0.119707,0.981194,0.598935,0.147263,0.260606,-0.061433,-0.023344,-0.025917,February
3,0.114199,0.951197,0.587125,0.143563,0.303746,-0.061421,-0.023324,-0.025911,February
4,0.154094,0.967190,0.571108,0.146198,0.311654,-0.060579,-0.022851,-0.025801,February
5,0.138733,0.942205,0.575271,0.242067,0.354938,-0.058078,-0.022739,-0.024318,February
6,0.127340,0.961569,0.600359,0.273069,0.444844,-0.049344,-0.005481,-0.010596,February
7,0.142914,0.926806,0.602465,0.415049,0.474970,0.070720,0.099781,0.059632,February
8,0.193108,0.939917,0.608703,0.425207,0.444847,0.114668,0.446917,0.149220,February
9,0.253490,0.863710,0.620873,0.427242,0.423106,0.187536,0.464032,0.137796,February
10,0.341198,0.615868,0.615735,0.422026,0.349797,0.519561,0.424372,0.729054,February
11,0.380439,0.421045,0.584121,0.432548,0.339205,0.630892,0.361628,0.824412,February
12,0.396707,0.425191,0.568917,0.445732,0.362071,0.589278,0.373303,0.820894,February
13,0.379883,0.435007,0.546235,0.458974,0.380195,0.391105,0.420097,0.678620,February
14,0.379488,0.505964,0.546866,0.446799,0.403407,0.355500,0.365259,0.507812,February
15,0.360716,0.562874,0.537046,0.451899,0.378909,0.080312,0.240670,0.469075,February
16,0.305369,0.804885,0.529423,0.410572,0.332741,-0.053085,-0.006201,0.068347,February
17,0.246869,0.847366,0.543805,0.345067,0.352219,-0.060331,-0.022106,-0.022149,February
18,0.181777,0.856924,0.553651,0.320745,0.427193,-0.061341,-0.023169,-0.025642,February
19,0.169644,0.903409,0.537228,0.246280,0.405063,-0.061212,-0.023434,-0.025009,February
20,0.175189,0.945766,0.533462,0.303567,0.427897,-0.060539,-0.023402,-0.024602,February
21,0.152110,0.925304,0.526174,0.223981,0.350193,-0.060874,-0.023356,-0.025337,February
22,0.135919,0.936493,0.527683,0.232612,0.287263,-0.058206,-0.023096,-0.023879,February
23,0.125755,0.942455,0.524306,0.193306,0.303992,-0.056689,-0.018968,-0.016815,February
0,0.103742,0.291904,0.888471,0.484685,0.527997,-0.023576,-0.060841,-0.039679,February
1,0.100485,0.287626,0.889448,0.542533,0.544387,-0.024234,-0.061197,-0.039761,February
2,0.101573,0.251130,0.887653,0.421322,0.509147,-0.024412,-0.061460,-0.039787,February
3,0.100026,0.265515,0.884015,0.370078,0.458864,-0.024239,-0.061491,-0.037613,February
4,0.095251,0.359562,0.885790,0.349011,0.443021,-0.023515,-0.060112,-0.035319,February
5,0.102506,0.391091,0.878276,0.315955,0.444935,-0.021900,-0.055576,-0.036207,February
6,0.102389,0.458765,0.886615,0.309267,0.428291,-0.010830,-0.001833,-0.003370,February
7,0.110671,0.365606,0.887533,0.284349,0.419794,0.050205,0.177766,0.507262,February
8,0.149519,0.261211,0.884596,0.358490,0.451703,0.338133,0.250416,0.606966,February
9,0.164216,0.107211,0.884961,0.607337,0.463957,0.554139,0.286524,0.887833,February
10,0.173984,0.039451,0.879147,0.544404,0.485615,0.592781,0.330379,0.903198,February
11,0.175783,0.037240,0.850252,0.584541,0.462358,0.603183,0.307092,0.903584,February
12,0.176246,0.038850,0.846255,0.804257,0.566767,0.567486,0.376854,0.874892,February
13,0.174832,0.047400,0.815531,0.783419,0.574733,0.535631,0.391035,0.827756,February
14,0.173076,0.056054,0.815698,0.815308,0.545896,0.420538,0.326459,0.745403,February
15,0.169191,0.074454,0.803586,0.775598,0.583899,0.243312,0.232379,0.581589,February
16,0.156988,0.178994,0.803546,0.603177,0.561373,0.005273,0.013904,0.192380,February
17,0.135333,0.271669,0.805629,0.536547,0.557159,-0.020821,-0.057123,-0.032894,February
18,0.137893,0.243811,0.803516,0.593832,0.577441,-0.024182,-0.060389,-0.039498,February
19,0.138573,0.312448,0.796559,0.539947,0.565320,-0.024454,-0.061473,-0.039803,February
20,0.138343,0.381762,0.792322,0.564238,0.558487,-0.024117,-0.061413,-0.039673,February
21,0.141355,0.366864,0.789732,0.485593,0.517001,-0.023932,-0.061442,-0.039675,February
22,0.122161,0.430997,0.789631,0.438897,0.497932,-0.022188,-0.061340,-0.039096,February
23,0.115094,0.460009,0.788942,0.472824,0.505521,-0.021475,-0.057977,-0.037233,February
0,0.514518,0.935788,0.482810,0.102703,0.087561,-0.002693,-0.094155,-0.033979,June
1,0.513358,0.932407,0.476757,0.237931,0.139573,-0.004627,-0.096801,-0.034199,June
2,0.496563,0.943972,0.489097,0.383949,0.234792,-0.004911,-0.096804,-0.034231,June
3,0.497637,0.946316,0.479857,0.438092,0.310526,-0.004827,-0.094346,-0.034160,June
4,0.511028,0.917445,0.477577,0.295141,0.213096,0.000505,-0.069153,-0.029119,June
5,0.573623,0.792769,0.486002,0.411154,0.288137,0.078560,0.038892,0.089494,June
6,0.596314,0.672132,0.495199,0.343512,0.311475,0.104778,0.108593,0.227109,June
7,0.649974,0.514183,0.507761,0.452753,0.237272,0.525121,0.526766,0.431718,June
8,0.747348,0.451907,0.503348,0.415642,0.257691,0.665700,0.606454,0.596503,June
9,0.776640,0.392333,0.505347,0.383190,0.194977,0.753681,0.860352,0.607037,June
10,0.786707,0.381484,0.497435,0.244397,0.169857,0.802164,1.069013,0.611288,June
11,0.789143,0.320723,0.492718,0.161707,0.119533,0.802884,1.063667,0.592089,June
12,0.789750,0.341856,0.485372,0.241451,0.150804,0.777187,0.994074,0.590138,June
13,0.779028,0.325267,0.496127,0.162411,0.136130,0.670430,0.719807,0.499647,June
14,0.762313,0.356312,0.498443,0.092642,0.119577,0.414620,0.781754,0.357154,June
15,0.751602,0.345675,0.504461,0.086694,0.111414,0.405918,0.749935,0.327983,June
16,0.748081,0.534728,0.495384,0.404968,0.332256,0.254805,0.642279,0.286793,June
17,0.714839,0.589473,0.496323,0.455705,0.398728,0.122831,0.064995,0.355466,June
18,0.666517,0.734274,0.503121,0.365087,0.365905,0.001122,-0.082590,-0.003073,June
19,0.605941,0.672089,0.497984,0.271442,0.362210,-0.003543,-0.096118,-0.033560,June
20,0.580967,0.709564,0.509486,0.214186,0.303582,-0.001932,-0.096966,-0.031987,June
21,0.549956,0.706209,0.506863,0.217268,0.291710,-0.001728,-0.096095,-0.030823,June
22,0.519549,0.788760,0.509496,0.199189,0.291368,0.000163,-0.096266,-0.033186,June
23,0.503938,0.776324,0.509371,0.196832,0.354328,0.003373,-0.094861,-0.029322,June
0,0.292940,1.018817,0.741303,0.092333,0.066208,0.016169,-0.008544,-0.037277,October
1,0.282528,1.017607,0.737000,0.110041,0.099194,0.015362,-0.008727,-0.037375,October
2,0.281520,1.015998,0.724829,0.122420,0.116378,0.015278,-0.008721,-0.037379,October
3,0.286566,1.012216,0.712594,0.117894,0.140102,0.015365,-0.008727,-0.037339,October
4,0.282441,1.019233,0.675580,0.111268,0.116833,0.017955,-0.007514,-0.036534,October
5,0.282889,1.018684,0.695327,0.127412,0.141964,0.027168,0.002904,-0.032038,October
6,0.315686,1.015681,0.720827,0.191606,0.204262,0.092595,0.218207,0.074887,October
7,0.421120,0.979792,0.741185,0.304876,0.165635,0.246783,0.341270,0.367633,October
8,0.452933,0.884625,0.747770,0.164565,0.132672,0.390645,0.495946,0.368202,October
9,0.503373,0.698409,0.749484,0.149582,0.121137,0.531724,0.540087,0.734445,October
10,0.583848,0.415569,0.730590,0.166359,0.151066,0.614314,0.527591,0.852195,October
11,0.605526,0.293272,0.686216,0.243036,0.201188,0.660881,0.470285,0.879491,October
12,0.608766,0.277616,0.664459,0.448831,0.405783,0.640855,0.374605,0.874249,October
13,0.596814,0.293288,0.653209,0.429534,0.379262,0.495991,0.386634,0.813721,October
14,0.572426,0.387261,0.638038,0.371282,0.305470,0.262523,0.269231,0.388870,October
15,0.533136,0.593716,0.635499,0.340600,0.313464,0.075676,0.163381,0.193223,October
16,0.499449,0.849781,0.631408,0.376650,0.378356,0.021116,0.003541,-0.033428,October
17,0.417498,0.926335,0.642600,0.373089,0.436688,0.016034,-0.006972,-0.037095,October
18,0.392864,0.955870,0.654966,0.320050,0.418205,0.015297,-0.008412,-0.037355,October
19,0.373882,0.942277,0.657811,0.300045,0.391173,0.015454,-0.008783,-0.037212,October
20,0.357716,0.979812,0.671914,0.259943,0.358519,0.015946,-0.008791,-0.036786,October
21,0.343556,1.000291,0.670446,0.255087,0.353825,0.015562,-0.008728,-0.037255,October
22,0.325506,0.969153,0.673870,0.272367,0.287601,0.016278,-0.008032,-0.036949,October
23,0.331101,0.936992,0.684654,0.173826,0.211804,0.017683,-0.004770,-0.035353,October
0,0.299099,1.021391,0.391543,0.353209,0.418155,-0.000105,-0.092817,-0.068004,December
1,0.306344,1.003687,0.399214,0.307938,0.393557,-0.000809,-0.093600,-0.068106,December
2,0.286386,1.027883,0.383207,0.288152,0.403169,-0.001037,-0.093764,-0.068122,December
3,0.271306,1.028193,0.393322,0.192532,0.323508,-0.001029,-0.093751,-0.068094,December
4,0.255579,1.031656,0.402609,0.128313,0.206819,-0.000662,-0.093099,-0.067853,December
5,0.235297,1.030877,0.410400,0.181345,0.237085,0.000604,-0.092948,-0.065627,December
6,0.230733,1.031965,0.420257,0.204535,0.302863,0.008077,-0.076636,-0.040907,December
7,0.249775,0.993149,0.433719,0.193962,0.314048,0.059757,0.082273,0.050736,December
8,0.295716,1.009123,0.396977,0.152165,0.166762,0.161099,0.381064,0.147077,December
9,0.353179,0.914838,0.402653,0.150744,0.144340,0.245827,0.439337,0.169362,December
10,0.367163,0.727483,0.407868,0.206309,0.136192,0.287499,0.466460,0.253734,December
11,0.402764,0.613900,0.401362,0.200949,0.120779,0.423821,0.411148,0.633507,December
12,0.416663,0.582632,0.391920,0.266010,0.165472,0.383004,0.317064,0.594576,December
13,0.413970,0.574991,0.388604,0.306136,0.175078,0.310065,0.258144,0.542747,December
14,0.401473,0.618951,0.388086,0.231489,0.181806,0.200399,0.073095,0.437692,December
15,0.390427,0.815030,0.393562,0.135506,0.113772,0.049101,-0.052820,0.077368,December
16,0.296820,1.006841,0.390754,0.154183,0.155267,0.002382,-0.082750,-0.063775,December
17,0.288195,1.008276,0.418303,0.206245,0.283134,-0.000712,-0.092610,-0.067681,December
18,0.281447,1.022268,0.413972,0.164172,0.167962,-0.001019,-0.093605,-0.068089,December
19,0.251829,1.029541,0.425293,0.111822,0.084064,-0.000946,-0.093811,-0.068043,December
20,0.245216,1.036219,0.457417,0.122653,0.119181,-0.000846,-0.093803,-0.067986,December
21,0.240465,1.035576,0.461043,0.179912,0.181107,-0.000865,-0.093738,-0.068086,December
22,0.234631,1.033046,0.462833,0.222142,0.243695,-0.000539,-0.093302,-0.068041,December
23,0.239294,1.031367,0.463273,0.180997,0.268768,0.000459,-0.090763,-0.067680,December
0,0.540756,0.915136,0.551252,0.116196,0.084864,-0.005958,-0.068269,-0.037121,October
1,0.519452,0.877427,0.531831,0.072775,0.084781,-0.005790,-0.069648,-0.037536,October
2,0.484887,0.962339,0.517220,0.038265,0.071069,-0.007657,-0.069841,-0.037932,October
3,0.482896,1.021607,0.503194,0.036476,0.069967,-0.007706,-0.070011,-0.037905,October
4,0.481381,1.029832,0.523574,0.049514,0.088080,-0.007357,-0.065825,-0.037734,October
5,0.481836,1.023992,0.532256,0.046406,0.101226,-0.003244,-0.061909,-0.021065,October
6,0.505745,1.004168,0.549572,0.112209,0.185286,0.040949,0.112801,0.109268,October
7,0.575823,0.861416,0.556568,0.166868,0.177326,0.269880,0.703341,0.518916,October
8,0.629778,0.626317,0.561102,0.381775,0.274180,0.463126,0.787534,0.498861,October
9,0.645891,0.511373,0.561179,0.223849,0.184152,0.523002,0.980744,0.415852,October
10,0.668829,0.485507,0.558756,0.253943,0.162451,0.509837,0.982451,0.301556,October
11,0.668384,0.482369,0.550470,0.225808,0.133490,0.519688,1.027785,0.231222,October
12,0.631613,0.720946,0.545633,0.123855,0.102895,0.536441,0.941073,0.201923,October
13,0.612608,0.814544,0.519992,0.349648,0.164952,0.256069,0.757520,0.007254,October
14,0.586042,0.751380,0.512727,0.415149,0.268233,0.209362,0.453174,0.081460,October
15,0.564165,0.843297,0.509555,0.426572,0.287237,0.111667,0.221594,0.027513,October
16,0.602731,1.011334,0.488080,0.396411,0.234268,0.007415,-0.045664,-0.028492,October
17,0.555431,1.001854,0.491152,0.227154,0.222025,-0.004185,-0.067491,-0.037257,October
18,0.564934,1.015835,0.489547,0.171699,0.190972,-0.007554,-0.069202,-0.037919,October
19,0.576358,1.019233,0.490118,0.162162,0.187467,-0.007611,-0.069848,-0.037918,October
20,0.594336,1.030438,0.487662,0.243336,0.239680,-0.005193,-0.069841,-0.037848,October
21,0.569109,1.014882,0.483972,0.277124,0.281695,-0.007457,-0.068548,-0.037916,October
22,0.590400,1.008631,0.482610,0.274747,0.301069,-0.005647,-0.068555,-0.037802,October
23,0.593690,0.979320,0.481275,0.265139,0.276198,-0.005902,-0.059527,-0.037373,October
0,0.325922,0.878885,0.740359,0.425067,0.461051,0.005682,-0.085495,-0.016602,October
1,0.322503,0.846420,0.731755,0.474915,0.472669,0.004899,-0.085642,-0.017032,October
2,0.320827,0.917633,0.704572,0.380141,0.456083,0.004300,-0.085618,-0.017159,October
3,0.287575,0.963184,0.691989,0.238057,0.392294,0.004287,-0.085552,-0.017163,October
4,0.282713,0.966566,0.682991,0.085881,0.093921,0.004686,-0.084020,-0.016520,October
5,0.280582,0.937280,0.728386,0.052550,0.109714,0.011624,-0.077514,0.002706,October
6,0.282939,0.948039,0.756534,0.030104,0.078284,0.017118,-0.009359,0.008846,October
7,0.332250,0.727486,0.765031,0.028722,0.081146,0.195786,0.402145,0.084500,October
8,0.486551,0.876643,0.765563,0.043381,0.064974,0.287947,0.256896,0.198551,October
9,0.556206,0.630957,0.767126,0.055754,0.078575,0.407741,0.457765,0.385964,October
10,0.581532,0.490073,0.763620,0.079665,0.093874,0.446024,0.528507,0.247288,October
11,0.592030,0.438911,0.750137,0.121222,0.099725,0.476449,0.545559,0.313299,October
12,0.617734,0.450228,0.730016,0.461240,0.391674,0.486495,0.543872,0.271184,October
13,0.568062,0.440340,0.701709,0.479554,0.439306,0.443716,0.440350,0.460991,October
14,0.537354,0.461665,0.667085,0.452048,0.423721,0.321593,0.340121,0.403478,October
15,0.531354,0.480151,0.660358,0.273919,0.242044,0.188999,0.169431,0.377734,October
16,0.449204,0.808543,0.640961,0.233247,0.280996,0.009517,-0.056136,-0.004795,October
17,0.418588,0.856822,0.655160,0.195172,0.310689,0.005411,-0.083755,-0.015494,October
18,0.414289,0.919175,0.671526,0.283709,0.328313,0.004442,-0.085264,-0.017103,October
19,0.358276,0.909540,0.681665,0.228672,0.400244,0.004301,-0.085433,-0.017161,October
20,0.366839,0.966233,0.676203,0.110913,0.238331,0.004413,-0.085562,-0.017131,October
21,0.349396,0.962721,0.650517,0.131102,0.229513,0.004380,-0.085453,-0.017150,October
22,0.328922,0.956932,0.631216,0.114564,0.214594,0.004637,-0.085341,-0.017083,October
23,0.308661,0.970448,0.622548,0.087801,0.172263,0.005182,-0.083069,-0.016552,October
0,0.454711,1.005111,0.548642,-0.001156,0.029607,-0.055835,-0.077473,-0.050242,June
1,0.455794,0.994500,0.535578,0.123108,0.124111,-0.058635,-0.081110,-0.050498,June
2,0.455200,1.005957,0.517355,0.085186,0.187357,-0.059335,-0.081596,-0.050615,June
3,0.453806,1.009749,0.518342,0.062367,0.186061,-0.059206,-0.081441,-0.050286,June
4,0.454629,0.997956,0.519178,0.024589,0.046008,-0.056235,-0.012998,-0.037040,June
5,0.527460,0.854675,0.534218,0.013660,0.106535,0.081136,0.657280,0.245717,June
6,0.612960,0.582945,0.543064,0.017878,0.062762,0.198993,0.660238,0.233670,June
7,0.668653,0.485997,0.546013,-0.031916,0.003631,0.574880,0.873845,0.515352,June
8,0.647729,0.473491,0.547244,0.010886,0.014154,0.577660,0.719796,0.631973,June
9,0.693485,0.372114,0.550492,0.094712,0.036662,0.718464,0.910766,0.724778,June
10,0.710907,0.312275,0.540859,0.091056,0.083381,0.793838,0.830783,0.770767,June
11,0.705135,0.326812,0.529538,0.168853,0.157423,0.798603,0.612435,0.746753,June
12,0.590430,0.656430,0.521338,0.237295,0.144891,0.573811,0.843397,0.474558,June
13,0.592015,0.708511,0.505565,0.272165,0.204693,0.387650,0.777363,0.150025,June
14,0.668127,0.488399,0.497972,0.267563,0.207819,0.492147,0.731082,0.390238,June
15,0.689951,0.389344,0.487071,0.200203,0.213943,0.447012,0.698175,0.552837,June
16,0.648184,0.613232,0.484094,0.226949,0.202144,0.174280,0.398415,0.235132,June
17,0.608706,0.663510,0.485604,0.238833,0.223503,0.013135,0.066727,0.197546,June
18,0.587871,0.769604,0.488933,0.084985,0.141998,-0.056015,-0.068673,-0.015381,June
19,0.524587,0.801691,0.495410,0.021583,0.075077,-0.055758,-0.080192,-0.048730,June
20,0.491301,0.900741,0.504368,0.017727,0.090305,-0.057304,-0.080873,-0.046540,June
21,0.483856,0.911356,0.504675,0.011498,0.036064,-0.057596,-0.080164,-0.048560,June
22,0.484295,0.935158,0.492822,-0.004662,0.047846,-0.053857,-0.079923,-0.049594,June
23,0.476192,0.897150,0.488490,0.027165,0.127698,-0.051766,-0.077335,-0.042432,June
0,0.181812,0.704748,0.595981,0.193462,0.221444,-0.067207,-0.017929,-0.030641,January
1,0.188908,0.584963,0.596182,0.304507,0.291151,-0.068311,-0.018148,-0.030741,January
2,0.187199,0.534432,0.590575,0.202620,0.211721,-0.068543,-0.018566,-0.030787,January
3,0.172148,0.481535,0.561139,0.181424,0.187210,-0.068511,-0.018626,-0.029621,January
4,0.174297,0.520086,0.536980,0.189882,0.189199,-0.067357,-0.018405,-0.028748,January
5,0.162061,0.530010,0.575951,0.183535,0.189971,-0.066820,-0.018298,-0.029075,January
6,0.158258,0.677814,0.575692,0.189477,0.191441,-0.062643,-0.007704,-0.025614,January
7,0.158573,0.682233,0.576581,0.214354,0.203617,-0.033220,0.070448,0.038010,January
8,0.226796,0.653224,0.530501,0.291880,0.374963,0.113811,0.156342,0.076473,January
9,0.257377,0.568834,0.559756,0.224418,0.264016,0.153183,0.223963,0.200141,January
10,0.295022,0.520753,0.559513,0.219531,0.257626,0.218067,0.212251,0.308261,January
11,0.305418,0.487905,0.502535,0.217499,0.228962,0.368568,0.373050,0.564889,January
12,0.320978,0.461192,0.472003,0.317819,0.282925,0.368593,0.455323,0.496176,January
13,0.312942,0.479732,0.472159,0.488079,0.426913,0.193066,0.448571,0.237261,January
14,0.287601,0.564797,0.455540,0.508796,0.396547,0.133215,0.363348,0.111268,January
15,0.270085,0.591745,0.450661,0.472811,0.410771,0.003929,0.110667,0.109206,January
16,0.281781,0.681181,0.437486,0.556940,0.466362,-0.061720,0.008885,-0.018368,January
17,0.270827,0.635869,0.436821,0.602909,0.601509,-0.066998,-0.015631,-0.029237,January
18,0.260822,0.703670,0.455491,0.594467,0.594352,-0.067926,-0.017486,-0.030554,January
19,0.256144,0.611597,0.449635,0.588493,0.585867,-0.066085,-0.016715,-0.028551,January
20,0.319193,0.609318,0.435700,0.611112,0.602590,-0.062148,-0.017038,-0.021795,January
21,0.305987,0.566520,0.441010,0.609375,0.600261,-0.066417,-0.017733,-0.024725,January
22,0.287855,0.664205,0.441301,0.594808,0.600120,-0.056396,-0.011009,-0.017824,January
23,0.294291,0.644517,0.435318,0.539742,0.530671,-0.046872,0.024331,0.000078,January
0,0.765599,0.892498,0.445838,0.422467,0.530838,-0.081725,-0.061931,-0.033417,September
1,0.752056,0.917624,0.445610,0.473888,0.578566,-0.084412,-0.074497,-0.034286,September
2,0.744081,0.977443,0.445691,0.517284,0.607949,-0.085839,-0.075052,-0.034316,September
3,0.741106,1.007308,0.445577,0.538650,0.605335,-0.085774,-0.075980,-0.034307,September
4,0.737673,1.010522,0.445936,0.507410,0.596036,-0.084220,-0.067377,-0.033717,September
5,0.737457,1.010714,0.446565,0.306619,0.500159,-0.069358,0.009150,-0.015721,September
6,0.763540,0.986820,0.450384,0.230760,0.400913,0.085976,0.408602,0.271965,September
7,0.763357,0.901766,0.453966,0.357958,0.389368,0.093587,0.436470,0.212244,September
8,0.783681,0.776455,0.461432,0.557061,0.450430,0.434971,0.704489,0.367116,September
9,0.789104,0.700530,0.466004,0.545910,0.447123,0.529398,0.811951,0.326511,September
10,0.795427,0.642107,0.467256,0.515744,0.411836,0.602900,0.999936,0.309277,September
11,0.795762,0.643356,0.466776,0.490554,0.399686,0.607676,0.957915,0.342615,September
12,0.792429,0.695994,0.465620,0.569732,0.456914,0.576088,0.965288,0.193415,September
13,0.790237,0.656675,0.461697,0.491621,0.407032,0.475265,0.919673,0.223099,September
14,0.791068,0.646438,0.462918,0.504368,0.417586,0.487890,0.670009,0.375633,September
15,0.783615,0.641392,0.461105,0.498826,0.436966,0.347767,0.551256,0.386445,September
16,0.773669,0.709028,0.455913,0.356003,0.438490,0.025769,0.044378,0.187930,September
17,0.756043,0.799723,0.459029,0.247154,0.433498,-0.074787,-0.056253,-0.027254,September
18,0.745812,0.810905,0.459921,0.224713,0.472999,-0.085769,-0.070550,-0.034293,September
19,0.741009,0.903185,0.463806,0.205306,0.445114,-0.086011,-0.076565,-0.034319,September
20,0.738732,0.967324,0.466822,0.316122,0.580386,-0.085419,-0.077066,-0.034311,September
21,0.735087,0.958613,0.467578,0.333565,0.563852,-0.084990,-0.077188,-0.034237,September
22,0.734800,0.950324,0.468020,0.290520,0.560909,-0.083249,-0.076982,-0.033986,September
23,0.734044,0.965452,0.468242,0.287849,0.518658,-0.081351,-0.076105,-0.033343,September
0,0.230123,0.928725,0.460557,0.265759,0.271319,-0.012468,-0.027006,-0.019220,November
1,0.231597,0.895830,0.457598,0.188107,0.196290,-0.013916,-0.027203,-0.019564,November
2,0.232119,0.872695,0.437526,0.153914,0.179515,-0.014075,-0.027210,-0.019571,November
3,0.235451,0.917411,0.400213,0.147584,0.169884,-0.014076,-0.027166,-0.019567,November
4,0.224412,0.946328,0.381131,0.165450,0.187873,-0.013617,-0.026483,-0.019529,November
5,0.234551,0.938755,0.392179,0.185610,0.185177,-0.010882,-0.024980,-0.019410,November
6,0.263113,0.921877,0.386906,0.240426,0.188427,0.011095,-0.014716,-0.006401,November
7,0.354536,0.895745,0.386834,0.329399,0.204197,0.129758,0.199968,0.063117,November
8,0.390556,0.653875,0.349579,0.381711,0.278403,0.217014,0.309781,0.346813,November
9,0.479286,0.483672,0.344278,0.670050,0.498184,0.347369,0.394283,0.397795,November
10,0.520334,0.433716,0.343767,0.654106,0.412238,0.404631,0.450983,0.491500,November
11,0.523189,0.336033,0.297408,0.657072,0.497004,0.486871,0.480249,0.641923,November
12,0.539405,0.401004,0.320811,0.720199,0.481568,0.444139,0.423215,0.580200,November
13,0.507311,0.401110,0.339195,0.729794,0.567599,0.257662,0.339839,0.185661,November
14,0.483776,0.551864,0.310752,0.742648,0.638486,0.161044,0.235208,0.195657,November
15,0.439528,0.715699,0.260766,0.745971,0.695154,0.054106,0.041712,0.076061,November
16,0.438370,0.683578,0.252656,0.673429,0.608937,-0.008848,-0.014999,-0.011287,November
17,0.447200,0.606987,0.216247,0.721626,0.765420,-0.011674,-0.019855,-0.018836,November
18,0.475996,0.410989,0.198415,0.792518,0.822799,-0.011879,-0.024156,-0.019246,November
19,0.505408,0.352512,0.169100,0.843354,0.843746,-0.012689,-0.022811,-0.016348,November
20,0.497805,0.374522,0.154572,0.850744,0.839837,-0.006784,-0.024816,-0.015131,November
21,0.472149,0.325681,0.150572,0.831104,0.837429,-0.010864,-0.026290,-0.017549,November
22,0.477051,0.381694,0.150977,0.817446,0.835924,0.008942,-0.020974,0.020908,November
23,0.489680,0.366268,0.147073,0.768613,0.811444,0.013234,-0.000094,0.031831,November
0,0.418149,1.030191,0.585901,0.171545,0.210800,-0.029931,-0.049455,0.024401,October
1,0.405219,1.059598,0.582619,0.084902,0.135644,-0.030725,-0.050755,0.024328,October
2,0.400312,1.074026,0.583867,0.082185,0.113531,-0.031014,-0.050966,0.024322,October
3,0.401803,1.072122,0.573185,0.113723,0.159227,-0.031011,-0.050884,0.024340,October
4,0.409275,1.068472,0.572567,0.172619,0.222374,-0.029373,-0.041844,0.024970,October
5,0.426841,1.036827,0.593593,0.169296,0.232465,-0.017546,-0.031928,0.037122,October
6,0.480738,1.008545,0.589649,0.132099,0.187757,0.007094,0.028361,0.069321,October
7,0.505285,0.910975,0.602437,0.222532,0.252424,0.140523,0.481608,0.189307,October
8,0.598099,0.836733,0.616598,0.195085,0.130950,0.176735,0.538851,0.184547,October
9,0.616033,0.787358,0.620057,0.161358,0.078490,0.254784,0.516576,0.158152,October
10,0.646616,0.671058,0.617321,0.207940,0.153288,0.326886,0.717492,0.081439,October
11,0.655797,0.593472,0.587515,0.227781,0.162239,0.340535,0.858125,0.147199,October
12,0.669888,0.490040,0.543361,0.180671,0.079593,0.312303,0.567067,0.222315,October
13,0.663472,0.470750,0.539961,0.169633,0.082917,0.289672,0.466502,0.236064,October
14,0.658150,0.525006,0.527628,0.079282,0.040780,0.172512,0.364024,0.211912,October
15,0.627421,0.714002,0.527059,0.030191,0.016952,0.044113,0.225427,0.149090,October
16,0.541330,0.889893,0.522534,0.117731,0.134466,-0.019701,-0.005919,0.034138,October
17,0.476128,0.970142,0.535415,0.096951,0.183018,-0.029161,-0.046518,0.025236,October
18,0.450671,1.022638,0.559955,0.099846,0.188683,-0.030995,-0.050584,0.024331,October
19,0.416752,1.052344,0.573006,0.071856,0.197812,-0.031035,-0.051195,0.024322,October
20,0.428930,1.062971,0.586841,0.060764,0.146884,-0.030864,-0.051418,0.024329,October
21,0.425464,1.060416,0.589748,0.113723,0.209145,-0.030911,-0.051136,0.024338,October
22,0.413531,1.064928,0.577879,0.100147,0.223167,-0.030571,-0.051040,0.024343,October
23,0.405650,1.067181,0.573021,0.062829,0.184476,-0.029907,-0.049963,0.024458,October
0,0.459113,0.583880,0.517148,0.599346,0.610227,-0.044235,-0.040728,-0.035070,August
1,0.447707,0.600529,0.518653,0.408033,0.590872,-0.047097,-0.041077,-0.035831,August
2,0.446572,0.570857,0.514085,0.283051,0.548622,-0.048496,-0.041172,-0.035882,August
3,0.438252,0.672179,0.514358,0.257391,0.361843,-0.048373,-0.041176,-0.035572,August
4,0.436410,0.793760,0.517924,0.365435,0.521188,-0.046452,-0.031282,-0.031534,August
5,0.447145,0.801310,0.546407,0.307099,0.413024,0.035501,0.076699,0.065241,August
6,0.473620,0.684410,0.544645,0.222973,0.295179,0.312548,0.168207,0.281272,August
7,0.528032,0.437836,0.545636,0.217718,0.261153,0.430012,0.391390,0.495426,August
8,0.664691,0.386712,0.559564,0.214776,0.268617,0.646465,0.475293,0.860580,August
9,0.721198,0.253509,0.565716,0.202787,0.265834,0.791277,0.430476,0.890689,August
10,0.801790,0.190513,0.565102,0.220898,0.296335,0.907358,0.388207,0.905106,August
11,0.807575,0.144971,0.544651,0.340568,0.351854,0.905238,0.451617,0.898817,August
12,0.844036,0.105472,0.521975,0.445428,0.325500,0.890312,0.446284,0.896010,August
13,0.829442,0.102939,0.522745,0.579759,0.465738,0.749057,0.470607,0.873989,August
14,0.784642,0.129947,0.516630,0.476769,0.468325,0.487651,0.363860,0.565178,August
15,0.736446,0.143974,0.515987,0.511768,0.418104,0.326864,0.388137,0.390684,August
16,0.633575,0.268811,0.530513,0.595368,0.565638,0.064530,0.221517,0.074309,August
17,0.631734,0.348206,0.541559,0.488823,0.549565,0.025093,0.027182,0.105971,August
18,0.584941,0.431884,0.555871,0.355689,0.523374,-0.046998,-0.038271,-0.028801,August
19,0.480943,0.601020,0.569273,0.307675,0.501819,-0.047506,-0.040907,-0.035363,August
20,0.466957,0.747572,0.580484,0.230870,0.397606,-0.047989,-0.040570,-0.034862,August
21,0.466609,0.791807,0.581444,0.227598,0.363289,-0.047764,-0.039992,-0.034671,August
22,0.460419,0.790355,0.582519,0.216882,0.423805,-0.045793,-0.040495,-0.035268,August
23,0.453177,0.779429,0.582450,0.238452,0.469712,-0.036002,-0.039164,-0.027544,August
0,0.281323,0.969438,0.406821,0.318095,0.318827,-0.126667,-0.029137,-0.036738,April
1,0.280355,0.995668,0.408173,0.297443,0.310979,-0.130091,-0.028731,-0.037220,April
2,0.280915,0.925043,0.410493,0.308469,0.313988,-0.131272,-0.030796,-0.037503,April
3,0.280640,0.866046,0.403398,0.297778,0.307356,-0.130152,-0.030865,-0.035074,April
4,0.282122,0.905366,0.408291,0.306461,0.313851,-0.126630,-0.025475,-0.013199,April
5,0.289898,0.895923,0.421560,0.312842,0.302533,-0.091595,0.043381,0.048699,April
6,0.302770,0.758967,0.416512,0.261706,0.276462,0.157146,0.117699,0.174711,April
7,0.322861,0.786029,0.419126,0.153432,0.097653,0.204712,0.316746,0.322804,April
8,0.382589,0.659513,0.418406,0.131515,0.056613,0.412691,0.272719,0.387127,April
9,0.395720,0.518395,0.424382,0.124001,0.042726,0.588373,0.534045,0.713886,April
10,0.407510,0.465973,0.417738,0.132388,0.095301,0.653556,0.493870,0.760057,April
11,0.408959,0.458879,0.412505,0.163134,0.106198,0.653078,0.423348,0.756565,April
12,0.394138,0.507207,0.402555,0.225613,0.152379,0.542014,0.604293,0.611695,April
13,0.373117,0.597997,0.404024,0.235532,0.187440,0.161286,0.676582,0.063379,April
14,0.372642,0.643465,0.401671,0.212946,0.119516,0.228507,0.586130,0.086318,April
15,0.375284,0.579960,0.399790,0.205385,0.123902,0.078275,0.386886,0.055540,April
16,0.366916,0.586596,0.392865,0.174298,0.069139,-0.015211,0.164751,0.065803,April
17,0.330829,0.784884,0.401259,0.141391,0.087305,-0.115259,0.056384,-0.008663,April
18,0.316793,0.740598,0.415432,0.146908,0.128999,-0.131249,-0.019465,-0.036858,April
19,0.303510,0.849166,0.424482,0.192862,0.167373,-0.131070,-0.030324,-0.037000,April
20,0.291421,0.991966,0.433001,0.260129,0.257029,-0.130244,-0.030819,-0.035943,April
21,0.282558,1.025535,0.435521,0.193861,0.191478,-0.130428,-0.030641,-0.037232,April
22,0.281577,1.024337,0.435868,0.138211,0.105109,-0.130028,-0.030699,-0.037210,April
23,0.279756,1.044979,0.436828,0.130181,0.113604,-0.128297,-0.029563,-0.036520,April
0,0.611853,0.815016,0.458145,0.467776,0.480745,-0.062757,-0.079828,-0.048067,September
1,0.604142,0.842869,0.453352,0.484971,0.493989,-0.063389,-0.080083,-0.048258,September
2,0.612321,0.821359,0.451874,0.484491,0.478867,-0.063632,-0.079870,-0.048259,September
3,0.598135,0.885582,0.447312,0.474239,0.435249,-0.062604,-0.079974,-0.047625,September
4,0.574035,0.928281,0.447818,0.435440,0.450091,-0.059745,-0.067666,-0.042835,September
5,0.568258,0.932183,0.455365,0.365027,0.389746,-0.039914,-0.013217,-0.025821,September
6,0.622145,0.913319,0.461634,0.313215,0.251119,0.108589,0.472513,0.376362,September
7,0.694080,0.805770,0.467130,0.291182,0.173944,0.233495,0.588963,0.655239,September
8,0.712135,0.560221,0.469135,0.188276,0.158483,0.461582,0.603734,0.706371,September
9,0.746592,0.413343,0.470449,0.219642,0.166893,0.647992,0.657741,0.758452,September
10,0.762587,0.294846,0.468158,0.187954,0.165176,0.719077,0.666371,0.776362,September
11,0.768287,0.265856,0.455534,0.198825,0.163368,0.721065,0.656865,0.777018,September
12,0.768055,0.322580,0.456420,0.439935,0.278817,0.714835,0.636976,0.775985,September
13,0.751598,0.367195,0.447812,0.344616,0.246041,0.601669,0.633734,0.700753,September
14,0.756579,0.345856,0.441599,0.250083,0.166202,0.438440,0.575800,0.704034,September
15,0.757381,0.364849,0.437426,0.262089,0.179655,0.242539,0.459463,0.603213,September
16,0.707448,0.562490,0.437670,0.212838,0.265235,-0.016025,0.102258,0.091598,September
17,0.674825,0.733174,0.436808,0.217924,0.265516,-0.060691,-0.068311,-0.044232,September
18,0.653306,0.696967,0.436267,0.307773,0.368725,-0.063606,-0.078159,-0.048178,September
19,0.619200,0.811930,0.442185,0.319939,0.433322,-0.063658,-0.080112,-0.048212,September
20,0.621478,0.875571,0.441186,0.410547,0.494184,-0.063151,-0.080154,-0.047948,September
21,0.618637,0.878646,0.439389,0.436348,0.457241,-0.062752,-0.080142,-0.048097,September
22,0.609886,0.886709,0.436651,0.373740,0.466904,-0.060879,-0.079824,-0.046867,September
23,0.591793,0.915655,0.437171,0.369566,0.409551,-0.060266,-0.073629,-0.046398,September
0,0.105233,0.624825,0.887261,0.198462,0.207821,-0.020026,-0.071222,-0.043756,March
1,0.083838,0.682246,0.882815,0.460989,0.401656,-0.027229,-0.075172,-0.050626,March
2,0.058579,0.739294,0.877613,0.319247,0.325811,-0.029964,-0.074935,-0.051702,March
3,0.044072,0.730698,0.871576,0.313946,0.251975,-0.029921,-0.073700,-0.051469,March
4,0.052932,0.709751,0.872204,0.221703,0.186282,-0.022457,-0.067531,-0.046027,March
5,0.042606,0.694390,0.884821,0.233299,0.216744,0.026084,-0.068726,0.000045,March
6,0.034649,0.736090,0.887941,0.182411,0.171564,0.001877,0.015282,-0.033788,March
7,0.062248,0.655855,0.888681,0.145177,0.135361,0.290555,0.194905,0.105177,March
8,0.255175,0.412391,0.878935,0.148546,0.140380,0.480000,0.297606,0.600797,March
9,0.260408,0.250390,0.873098,0.150365,0.141411,0.592472,0.228107,0.659168,March
10,0.305468,0.220277,0.856267,0.207479,0.149583,0.749309,0.483523,0.576947,March
11,0.317938,0.132213,0.845665,0.201759,0.159615,0.709553,0.625259,0.519233,March
12,0.327609,0.088335,0.788016,0.280031,0.210662,0.759181,0.627862,0.483499,March
13,0.324006,0.090518,0.771594,0.370471,0.251831,0.701898,0.519663,0.593250,March
14,0.309415,0.119449,0.760411,0.459995,0.339637,0.433720,0.574517,0.533597,March
15,0.306128,0.117832,0.765995,0.384327,0.267877,0.357035,0.523544,0.579125,March
16,0.288399,0.206551,0.734354,0.356019,0.323261,0.042622,0.107084,0.148304,March
17,0.235616,0.352175,0.747991,0.433822,0.425115,-0.021280,-0.057026,-0.034316,March
18,0.229157,0.427214,0.752391,0.468698,0.445836,-0.029098,-0.070682,-0.050645,March
19,0.215833,0.407242,0.755126,0.446424,0.485287,-0.029392,-0.074818,-0.051514,March
20,0.192930,0.407299,0.753579,0.485811,0.526610,-0.028982,-0.075701,-0.050561,March
21,0.164389,0.486379,0.748784,0.437059,0.449734,-0.029271,-0.075559,-0.051377,March
22,0.171817,0.536830,0.748459,0.390101,0.388528,-0.026068,-0.074375,-0.050057,March
23,0.095109,0.637736,0.746559,0.388092,0.422137,-0.023848,-0.065636,-0.046232,March
0,0.425269,0.745693,0.553329,0.350797,0.567828,-0.045150,-0.017031,-0.019318,September
1,0.432033,0.736390,0.542733,0.280291,0.507447,-0.046727,-0.017745,-0.019414,September
2,0.409346,0.750099,0.533738,0.274377,0.456169,-0.047300,-0.017883,-0.019466,September
3,0.402961,0.757650,0.509963,0.274860,0.475702,-0.047298,-0.017960,-0.019447,September
4,0.399628,0.757571,0.521250,0.297253,0.499723,-0.046598,-0.016715,-0.019161,September
5,0.406688,0.744338,0.512853,0.321116,0.533431,-0.019076,-0.006199,0.024855,September
6,0.442656,0.724269,0.530936,0.307375,0.479918,0.106039,0.065109,0.422654,September
7,0.544363,0.558662,0.549476,0.321477,0.475133,0.272140,0.206024,0.743443,September
8,0.561464,0.339642,0.556257,0.510462,0.531098,0.609807,0.237845,0.892406,September
9,0.610106,0.156266,0.556011,0.627642,0.588950,0.730169,0.212310,0.915530,September
10,0.617497,0.135026,0.555633,0.686324,0.586641,0.755782,0.303870,0.917494,September
11,0.618761,0.134391,0.547262,0.592253,0.576359,0.747658,0.391244,0.819938,September
12,0.538596,0.284071,0.550499,0.627212,0.566376,0.632427,0.482534,0.206064,September
13,0.532525,0.368392,0.524993,0.467796,0.452473,0.209814,0.502960,-0.004946,September
14,0.572405,0.262951,0.520083,0.451797,0.421466,0.328654,0.351272,0.204691,September
15,0.563290,0.186798,0.491274,0.544477,0.467464,0.175071,0.127089,0.251284,September
16,0.585539,0.200067,0.458864,0.562489,0.539385,-0.002974,0.023798,0.050142,September
17,0.540692,0.286660,0.447209,0.481324,0.587932,-0.040568,-0.013538,-0.016455,September
18,0.502561,0.359656,0.443737,0.659882,0.573917,-0.047092,-0.016891,-0.019419,September
19,0.508950,0.525029,0.442196,0.642193,0.571498,-0.047338,-0.017796,-0.019457,September
20,0.463418,0.643244,0.437648,0.639267,0.608677,-0.046986,-0.017905,-0.019441,September
21,0.470818,0.666814,0.430248,0.667633,0.618705,-0.046797,-0.017999,-0.019430,September
22,0.465138,0.612978,0.427952,0.709252,0.653316,-0.044898,-0.017879,-0.018491,September
23,0.487034,0.695007,0.426849,0.716804,0.632550,-0.041444,-0.016269,-0.015487,September
0,0.526314,1.037365,0.448565,0.023653,0.030138,-0.065549,-0.054442,-0.053462,June
1,0.514989,1.030502,0.452757,0.003936,0.017334,-0.072448,-0.056071,-0.053906,June
2,0.510517,1.047778,0.456310,-0.003641,0.014784,-0.074793,-0.055801,-0.054017,June
3,0.507658,1.048838,0.452241,-0.003621,0.014842,-0.073330,-0.061811,-0.053457,June
4,0.507967,1.045838,0.449151,0.005257,0.019928,-0.069294,-0.044166,-0.045447,June
5,0.536883,1.035345,0.466477,0.026603,0.027087,0.022841,0.044875,0.229250,June
6,0.610948,0.875178,0.472116,0.035066,0.067861,0.223181,0.192866,0.523075,June
7,0.606207,0.816815,0.477688,0.236123,0.101676,0.497166,0.366118,0.618729,June
8,0.641612,0.722572,0.482881,0.046584,0.058929,0.463667,0.842019,0.403387,June
9,0.664166,0.684828,0.483140,0.138722,0.058640,0.545927,1.002312,0.480752,June
10,0.677197,0.698359,0.482930,0.264757,0.118865,0.591376,1.129679,0.213679,June
11,0.649864,0.755194,0.479315,0.314881,0.276734,0.661036,1.088976,0.243783,June
12,0.625609,0.869578,0.469963,0.139082,0.097990,0.543970,0.587927,0.225153,June
13,0.662103,0.717784,0.463151,0.374306,0.259850,0.463674,0.514064,0.136599,June
14,0.665665,0.648172,0.450713,0.409523,0.341012,0.446249,0.344612,0.394153,June
15,0.662314,0.658538,0.441407,0.419748,0.347898,0.443097,0.504261,0.460801,June
16,0.636936,0.700123,0.431925,0.423808,0.343981,0.196315,0.538009,0.314485,June
17,0.595709,0.801330,0.434175,0.397064,0.331449,0.020587,0.201943,0.114402,June
18,0.560587,0.866345,0.436007,0.327567,0.327773,-0.070500,0.014870,-0.051220,June
19,0.552838,0.965379,0.442449,0.284288,0.339686,-0.074374,-0.048655,-0.053926,June
20,0.535383,0.996800,0.453725,0.297989,0.354318,-0.072760,-0.064486,-0.053188,June
21,0.528316,0.985686,0.445668,0.152716,0.270136,-0.070199,-0.064895,-0.051405,June
22,0.524601,1.003811,0.437749,0.132077,0.161059,-0.065183,-0.067311,-0.052404,June
23,0.523998,1.018241,0.434307,0.073487,0.181304,-0.064123,-0.062398,-0.040234,June
0,0.411039,0.828152,0.557373,0.118730,0.243282,0.001159,-0.045523,-0.024847,September
1,0.417960,0.752180,0.554922,0.134966,0.397964,0.001605,-0.043332,-0.024720,September
2,0.407144,0.798822,0.546213,0.149074,0.219343,-0.003067,-0.042920,-0.025057,September
3,0.405960,0.787107,0.532368,0.140921,0.358764,-0.003230,-0.043628,-0.025017,September
4,0.403994,0.853558,0.533221,0.228816,0.435448,0.003670,-0.028329,-0.023550,September
5,0.433960,0.853898,0.489004,0.237197,0.430587,0.054805,0.024686,0.029957,September
6,0.472870,0.747098,0.504912,0.261406,0.350883,0.093528,0.085549,0.407642,September
7,0.603284,0.559871,0.492438,0.326145,0.356027,0.232715,0.146072,0.749246,September
8,0.698467,0.326084,0.471150,0.248055,0.277577,0.551216,0.408865,0.739042,September
9,0.741919,0.191989,0.469371,0.356083,0.272337,0.699468,0.526181,0.799432,September
10,0.750857,0.163623,0.459931,0.471757,0.442085,0.740024,0.523310,0.849726,September
11,0.755423,0.169707,0.468008,0.517487,0.505625,0.721515,0.541113,0.556592,September
12,0.697067,0.414681,0.502715,0.529705,0.530856,0.429548,0.531536,0.246638,September
13,0.602273,0.546942,0.485556,0.518980,0.517140,0.286051,0.510389,0.023844,September
14,0.652507,0.481601,0.480352,0.508711,0.479191,0.302403,0.358924,0.153512,September
15,0.707233,0.458555,0.467758,0.475442,0.504773,0.139358,0.274488,0.104517,September
16,0.693647,0.520695,0.446780,0.383335,0.483427,0.027014,0.018709,0.028669,September
17,0.636993,0.623987,0.449574,0.412536,0.522333,-0.001577,-0.046121,-0.022652,September
18,0.645307,0.703462,0.455657,0.342600,0.418917,-0.003451,-0.047272,-0.024997,September
19,0.608041,0.795001,0.456358,0.192933,0.220774,-0.003585,-0.047861,-0.025057,September
20,0.601705,0.811868,0.460711,0.173302,0.210779,-0.003242,-0.047890,-0.024827,September
21,0.593561,0.792252,0.460680,0.163933,0.171970,-0.003132,-0.047833,-0.024928,September
22,0.569487,0.842436,0.450385,0.130040,0.114311,-0.001249,-0.047562,-0.024484,September
23,0.594912,0.850221,0.449254,0.102088,0.104279,0.000991,-0.044403,-0.020285,September
0,0.504135,0.796362,0.552445,0.164488,0.284783,-0.061284,-0.052324,0.000768,August
1,0.503886,0.807528,0.551400,0.160508,0.281555,-0.062982,-0.053021,0.000724,August
2,0.504667,0.798797,0.548399,0.168181,0.276297,-0.063466,-0.054612,0.000700,August
3,0.503758,0.831921,0.541713,0.191922,0.281808,-0.063440,-0.054696,0.000848,August
4,0.502365,0.850160,0.548250,0.287101,0.347028,-0.060366,-0.023908,0.001477,August
5,0.512415,0.832640,0.548158,0.301549,0.375917,-0.023639,0.231213,0.011716,August
6,0.566871,0.637347,0.545424,0.359544,0.317244,0.081258,0.321631,0.220384,August
7,0.680431,0.511499,0.544461,0.432138,0.303289,0.408615,0.467424,0.587814,August
8,0.684731,0.378353,0.545582,0.520490,0.398574,0.540655,0.576252,0.282538,August
9,0.732208,0.307088,0.538358,0.638145,0.484531,0.678662,0.640813,0.465991,August
10,0.790011,0.241695,0.521691,0.576774,0.550559,0.707316,0.653815,0.522442,August
11,0.805545,0.224022,0.493980,0.601765,0.520539,0.885706,0.638301,0.770948,August
12,0.819345,0.199464,0.495496,0.660423,0.522978,0.895264,0.509290,0.883016,August
13,0.793251,0.198213,0.497688,0.590757,0.551596,0.805759,0.529811,0.836686,August
14,0.775853,0.269459,0.485762,0.522787,0.418453,0.373094,0.384849,0.578179,August
15,0.769128,0.340512,0.483685,0.518949,0.463672,0.287762,0.383404,0.406711,August
16,0.773823,0.330320,0.470638,0.650964,0.571836,0.156065,0.167162,0.333305,August
17,0.753963,0.331188,0.470764,0.706267,0.646663,-0.011786,-0.011271,0.149923,August
18,0.703981,0.431580,0.473246,0.636183,0.625781,-0.060810,-0.032787,0.003974,August
19,0.680263,0.575816,0.472992,0.473534,0.544106,-0.062844,-0.050328,0.000876,August
20,0.686317,0.585224,0.476353,0.391565,0.502159,-0.060737,-0.053764,0.003464,August
21,0.616883,0.631869,0.478302,0.311150,0.430060,-0.056915,-0.053695,0.008141,August
22,0.575912,0.797701,0.479442,0.285941,0.366900,-0.057227,-0.053151,0.002099,August
23,0.587311,0.813705,0.481288,0.220373,0.354054,-0.046223,-0.045092,0.014694,August
0,0.222533,0.923373,0.627031,0.285400,0.225615,-0.007217,-0.039622,-0.025702,December
1,0.197828,0.939597,0.627614,0.372354,0.328708,-0.007951,-0.040574,-0.027302,December
2,0.210409,0.934932,0.632968,0.383152,0.359730,-0.008070,-0.040473,-0.027399,December
3,0.214770,0.952304,0.637273,0.369159,0.406284,-0.008128,-0.040459,-0.027401,December
4,0.197379,0.946902,0.644531,0.350044,0.343907,-0.007833,-0.038890,-0.027289,December
5,0.189207,0.923438,0.660866,0.201951,0.266477,-0.004311,-0.038703,-0.025122,December
6,0.166236,0.903542,0.689911,0.206933,0.262709,0.001489,-0.023193,-0.017632,December
7,0.211898,0.910118,0.717072,0.164947,0.219007,0.052006,0.252708,0.122905,December
8,0.242637,0.756279,0.735174,0.244141,0.263465,0.155366,0.387683,0.296158,December
9,0.344103,0.633890,0.744290,0.224464,0.204688,0.307794,0.429577,0.520508,December
10,0.398218,0.641448,0.742465,0.294438,0.233734,0.355483,0.474865,0.510292,December
11,0.403942,0.620597,0.707759,0.286052,0.250624,0.362735,0.479277,0.540895,December
12,0.426481,0.534128,0.657136,0.135517,0.157344,0.353347,0.463648,0.597882,December
13,0.429053,0.528730,0.638540,0.176313,0.170932,0.284545,0.410555,0.569421,December
14,0.394806,0.552511,0.638592,0.198392,0.191267,0.129621,0.134899,0.462068,December
15,0.279815,0.721163,0.644235,0.194075,0.248013,0.028548,0.002412,0.169406,December
16,0.189956,0.891837,0.699285,0.231267,0.222503,-0.005288,-0.037040,-0.020231,December
17,0.199736,0.877737,0.703855,0.295502,0.264829,-0.007606,-0.040510,-0.026819,December
18,0.212613,0.831880,0.686960,0.304359,0.354926,-0.008118,-0.040644,-0.027387,December
19,0.194399,0.838524,0.678663,0.269462,0.384362,-0.008133,-0.040682,-0.027404,December
20,0.181493,0.853255,0.694516,0.265786,0.377785,-0.008064,-0.040665,-0.027382,December
21,0.157912,0.889333,0.703588,0.219050,0.339545,-0.008041,-0.040540,-0.027401,December
22,0.156090,0.932775,0.711175,0.203451,0.314868,-0.007853,-0.040420,-0.027384,December
23,0.151659,0.940172,0.706159,0.280921,0.398768,-0.007559,-0.037815,-0.027322,December
0,0.507277,0.845167,0.552753,0.476401,0.586940,-0.005673,-0.039376,-0.079366,June
1,0.509688,0.815283,0.524538,0.583667,0.649583,-0.006198,-0.040904,-0.079366,June
2,0.512940,0.848438,0.519990,0.619589,0.666024,-0.007546,-0.041250,-0.079396,June
3,0.493308,0.807731,0.527499,0.515438,0.579700,-0.006072,-0.041205,-0.076456,June
4,0.492744,0.853893,0.539247,0.386283,0.503144,-0.002698,0.004042,-0.030111,June
5,0.519293,0.704117,0.564325,0.406419,0.556588,0.134550,0.309848,0.322878,June
6,0.565568,0.478385,0.578009,0.348203,0.502636,0.459733,0.590753,0.696703,June
7,0.720176,0.314805,0.582544,0.282273,0.395182,0.720193,0.659641,0.734408,June
8,0.775635,0.333754,0.591434,0.392760,0.427566,0.800612,0.614091,0.861615,June
9,0.794192,0.353773,0.597519,0.406937,0.430617,0.967403,0.677055,0.879343,June
10,0.808093,0.244730,0.597606,0.556716,0.538291,1.047736,0.694411,0.914567,June
11,0.814620,0.212675,0.580577,0.702280,0.614983,1.051167,0.689771,0.918162,June
12,0.825472,0.235456,0.575156,0.751455,0.646276,1.001427,0.660118,0.907398,June
13,0.808326,0.213372,0.560139,0.708893,0.610494,0.902310,0.564099,0.832137,June
14,0.815481,0.202820,0.548081,0.453978,0.491403,0.862283,0.554701,0.876091,June
15,0.821738,0.193513,0.534746,0.325186,0.430565,0.673961,0.428230,0.815714,June
16,0.807145,0.263570,0.514731,0.304109,0.386391,0.274518,0.326699,0.447448,June
17,0.772383,0.337730,0.516144,0.300881,0.403614,0.106367,0.112961,0.209342,June
18,0.729002,0.418270,0.517317,0.317234,0.421325,-0.003006,-0.013633,-0.043532,June
19,0.665612,0.444880,0.520982,0.324169,0.474215,-0.003733,-0.040027,-0.077282,June
20,0.626496,0.546788,0.534364,0.385812,0.532552,-0.005010,-0.040886,-0.074050,June
21,0.550643,0.588536,0.545890,0.321806,0.438092,0.000555,-0.040633,-0.069572,June
22,0.551287,0.705935,0.549449,0.286212,0.418295,0.013319,-0.036172,-0.059892,June
23,0.533999,0.698931,0.565209,0.274014,0.422638,0.007161,-0.032714,-0.048512,June
0,0.292418,0.812781,0.582969,0.495600,0.579333,-0.064198,-0.066923,-0.007336,April
1,0.259673,0.865749,0.582780,0.545827,0.601895,-0.071221,-0.067619,-0.009123,April
2,0.249868,0.930236,0.582945,0.634068,0.652343,-0.075693,-0.068111,-0.009405,April
3,0.230978,0.935898,0.583617,0.634224,0.645694,-0.075867,-0.067979,-0.009416,April
4,0.246337,0.944974,0.584524,0.637420,0.627292,-0.074468,-0.057137,-0.008868,April
5,0.263644,0.911660,0.598484,0.638084,0.628863,-0.002205,-0.040444,0.068533,April
6,0.268984,0.893052,0.606428,0.616189,0.637164,0.270724,0.088981,0.436542,April
7,0.282147,0.802022,0.611784,0.635417,0.622970,0.439803,0.268023,0.508251,April
8,0.319025,0.789764,0.609956,0.680331,0.564215,0.490700,0.233305,0.372360,April
9,0.335164,0.687131,0.635596,0.669055,0.524292,0.590890,0.391069,0.266062,April
10,0.362564,0.549667,0.651648,0.671513,0.512598,0.578014,0.555270,0.105983,April
11,0.361732,0.607938,0.663055,0.667100,0.528712,0.784464,0.475989,0.357003,April
12,0.349962,0.743518,0.664431,0.656366,0.492618,0.655386,0.374973,0.321407,April
13,0.359941,0.549197,0.659605,0.526940,0.396733,0.612089,0.408583,0.313493,April
14,0.363019,0.489080,0.653655,0.542787,0.421615,0.660958,0.117255,0.685989,April
15,0.358812,0.475305,0.660689,0.595222,0.442631,0.445831,0.140445,0.690289,April
16,0.325112,0.619545,0.661717,0.555011,0.488178,0.080994,-0.018446,0.468172,April
17,0.318935,0.667873,0.658226,0.420854,0.408291,-0.018327,-0.058095,0.116664,April
18,0.291373,0.746194,0.670147,0.397708,0.460297,-0.070924,-0.062617,-0.007687,April
19,0.263755,0.851585,0.671785,0.355282,0.466633,-0.075559,-0.067890,-0.009241,April
20,0.236582,0.938516,0.683188,0.338113,0.505383,-0.073951,-0.068038,-0.009293,April
21,0.236536,0.941987,0.685773,0.332354,0.426440,-0.074377,-0.067623,-0.009181,April
22,0.236651,0.870025,0.688457,0.341804,0.505717,-0.068133,-0.067682,-0.007417,April
23,0.222362,0.828783,0.689146,0.412320,0.503987,-0.059919,-0.067288,-0.004797,April
0,0.245566,0.812077,0.703445,0.400083,0.390380,-0.046327,-0.016462,-0.007889,November
1,0.238979,0.839280,0.706643,0.281438,0.309716,-0.047986,-0.016704,-0.008309,November
2,0.234396,0.859425,0.709368,0.337017,0.369497,-0.048061,-0.016773,-0.008338,November
3,0.236127,0.853372,0.697700,0.427798,0.456373,-0.048111,-0.016739,-0.008254,November
4,0.242773,0.744507,0.674521,0.463467,0.457846,-0.047051,-0.015665,-0.007507,November
5,0.258398,0.734898,0.689631,0.507387,0.502476,-0.043529,-0.014615,-0.004538,November
6,0.257066,0.729012,0.678583,0.448843,0.492700,-0.030510,-0.005274,0.002166,November
7,0.292212,0.829531,0.693882,0.472423,0.473801,0.092145,0.092930,0.225927,November
8,0.377420,0.586064,0.691527,0.573260,0.460562,0.219448,0.180550,0.387986,November
9,0.383790,0.560041,0.704427,0.650248,0.532952,0.238689,0.247951,0.319769,November
10,0.403621,0.548677,0.694741,0.652519,0.553457,0.423990,0.303007,0.497362,November
11,0.422361,0.452349,0.659164,0.660434,0.572164,0.509163,0.332446,0.689288,November
12,0.431362,0.409449,0.645462,0.651746,0.511565,0.476817,0.200959,0.712788,November
13,0.423544,0.424421,0.647508,0.629480,0.501809,0.400422,0.150979,0.689669,November
14,0.418124,0.494514,0.644012,0.500573,0.421435,0.078797,0.142516,0.449087,November
15,0.400740,0.701945,0.642496,0.319651,0.411199,-0.019627,0.025980,0.183823,November
16,0.348523,0.813164,0.641418,0.493789,0.516791,-0.044074,-0.014074,-0.004152,November
17,0.345195,0.792713,0.643336,0.545850,0.569231,-0.047246,-0.016269,-0.007571,November
18,0.333415,0.828346,0.644286,0.429137,0.544214,-0.047904,-0.016490,-0.008218,November
19,0.319024,0.824403,0.644627,0.318663,0.557450,-0.047159,-0.016642,-0.007596,November
20,0.301564,0.850029,0.647205,0.386526,0.582135,-0.047155,-0.016710,-0.007518,November
21,0.319633,0.853838,0.648241,0.372408,0.576818,-0.047727,-0.016665,-0.008152,November
22,0.343593,0.790107,0.647992,0.491098,0.584771,-0.045754,-0.015941,-0.006845,November
23,0.346594,0.707903,0.647635,0.371175,0.572273,-0.043165,-0.012736,-0.001446,November
0,0.172047,0.989392,0.647672,0.315406,0.384478,-0.056308,-0.019014,-0.006559,April
1,0.228689,0.977539,0.640556,0.338422,0.385424,-0.056597,-0.019930,-0.006467,April
2,0.207015,0.954615,0.609233,0.259405,0.373992,-0.058732,-0.020944,-0.006451,April
3,0.150450,0.904903,0.599530,0.154376,0.333244,-0.057926,-0.020707,-0.005564,April
4,0.118731,0.932294,0.610758,0.315597,0.380253,-0.041331,0.035386,0.001708,April
5,0.112688,0.927298,0.629847,0.323152,0.369375,0.057271,0.163648,0.107937,April
6,0.121177,0.757920,0.635143,0.353408,0.294824,0.181044,0.564311,0.302223,April
7,0.205254,0.595149,0.646710,0.325013,0.210823,0.514865,0.603405,0.545389,April
8,0.407682,0.544664,0.644999,0.337751,0.110923,0.525319,0.644447,0.718101,April
9,0.423830,0.343987,0.646846,0.343963,0.108620,0.763194,0.684953,0.881138,April
10,0.428443,0.232463,0.647609,0.270161,0.092712,0.815249,0.682139,0.875680,April
11,0.439847,0.149412,0.631956,0.295918,0.067835,0.810449,0.716911,0.868051,April
12,0.469360,0.111051,0.586063,0.406410,0.217281,0.815153,0.711375,0.870996,April
13,0.452566,0.109627,0.573798,0.395243,0.271835,0.792832,0.626524,0.889077,April
14,0.373234,0.142399,0.556929,0.360016,0.164749,0.494110,0.590549,0.757183,April
15,0.338228,0.192797,0.549685,0.173616,0.066898,0.376524,0.564333,0.704966,April
16,0.330480,0.286207,0.546416,0.119892,0.031696,0.102139,0.203509,0.501931,April
17,0.293152,0.508214,0.544198,0.032445,0.002305,0.036252,0.014181,0.248901,April
18,0.172992,0.655864,0.546774,0.055139,0.037542,-0.057038,-0.015450,-0.003543,April
19,0.111878,0.842333,0.552429,0.123781,0.220481,-0.059501,-0.020083,-0.006685,April
20,0.116125,0.720088,0.552350,0.100219,0.205273,-0.059340,-0.020803,-0.006666,April
21,0.082606,0.857901,0.558644,0.076700,0.117062,-0.058417,-0.021132,-0.006030,April
22,0.074499,0.949241,0.570974,0.060841,0.126171,-0.057344,-0.020644,-0.006114,April
23,0.071022,0.978284,0.573773,0.083193,0.122651,-0.055169,-0.019682,-0.005558,April
0,0.346718,0.950181,0.217687,0.208650,0.363681,-0.026890,-0.088743,-0.042603,March
1,0.340831,0.923939,0.203568,0.429627,0.563202,-0.030683,-0.093097,-0.044724,March
2,0.350727,0.882939,0.193230,0.347424,0.419791,-0.032306,-0.093323,-0.044814,March
3,0.343962,0.920726,0.195772,0.202993,0.324180,-0.032650,-0.093931,-0.044844,March
4,0.293620,0.968715,0.198116,0.196391,0.207853,-0.031432,-0.091661,-0.044576,March
5,0.292978,0.960021,0.196353,0.155514,0.252476,-0.019049,-0.089898,-0.043255,March
6,0.308490,0.935468,0.204523,0.184790,0.271607,0.019448,0.026246,-0.007655,March
7,0.347341,0.874161,0.204114,0.193884,0.335118,0.151149,0.633063,0.046608,March
8,0.356929,0.887890,0.209000,0.548114,0.483296,0.347166,0.774158,0.029760,March
9,0.353401,0.897741,0.212151,0.415100,0.428674,0.429843,0.904375,-0.003277,March
10,0.367437,0.906941,0.202556,0.422473,0.469213,0.309659,0.947404,-0.016689,March
11,0.348458,0.887750,0.203533,0.452243,0.574478,0.465974,0.960372,0.008307,March
12,0.292844,0.968477,0.203922,0.262316,0.400633,0.404685,0.902624,0.017194,March
13,0.317914,0.976197,0.193912,0.167741,0.247990,0.187824,0.669336,-0.036017,March
14,0.328137,0.928455,0.192338,0.161612,0.206830,0.217740,0.382769,-0.006917,March
15,0.332652,0.834649,0.191302,0.198736,0.226640,0.091902,0.189942,0.074692,March
16,0.322533,0.967028,0.195085,0.339460,0.440965,-0.015433,-0.023658,-0.019817,March
17,0.312134,0.943847,0.196372,0.604229,0.715155,-0.030134,-0.090832,-0.043239,March
18,0.317375,0.904162,0.205749,0.591679,0.699596,-0.031578,-0.094015,-0.044401,March
19,0.304502,0.817158,0.215616,0.606920,0.737799,-0.031736,-0.094601,-0.043748,March
20,0.295063,0.782722,0.230038,0.637034,0.688724,-0.030287,-0.094104,-0.043636,March
21,0.301175,0.742833,0.240756,0.637289,0.698536,-0.028495,-0.092784,-0.044093,March
22,0.293360,0.758113,0.244551,0.676977,0.757834,-0.018360,-0.089242,-0.044053,March
23,0.289303,0.760484,0.246914,0.664158,0.742729,0.001592,-0.083075,-0.035900,March
0,0.353889,0.690414,0.608447,0.357301,0.381638,-0.027636,-0.032572,-0.043897,May
1,0.322705,0.700976,0.584615,0.317740,0.377209,-0.033901,-0.036499,-0.046209,May
2,0.318472,0.692390,0.563131,0.301146,0.359206,-0.037192,-0.037731,-0.046444,May
3,0.315949,0.439163,0.523172,0.351638,0.414504,-0.035861,-0.037870,-0.044444,May
4,0.348499,0.234362,0.506672,0.352068,0.363527,-0.019002,-0.029821,0.006670,May
5,0.377943,0.195873,0.568021,0.419087,0.384210,0.106079,0.065073,0.248282,May
6,0.605762,0.158567,0.607487,0.394329,0.322060,0.353803,0.493940,0.744630,May
7,0.622685,0.102243,0.626571,0.484046,0.257811,0.521274,0.413787,0.550630,May
8,0.651127,0.235742,0.584131,0.596643,0.509263,0.663977,0.533909,0.628334,May
9,0.663476,0.234388,0.592012,0.600003,0.524049,0.684693,0.511370,0.658545,May
10,0.691613,0.329864,0.591882,0.582717,0.505938,0.791504,0.535521,0.581603,May
11,0.677565,0.355596,0.542295,0.557065,0.453176,0.989959,0.511763,0.837080,May
12,0.747991,0.131113,0.527276,0.431076,0.387012,1.003229,0.323157,0.919266,May
13,0.741962,0.114306,0.542994,0.522857,0.413563,0.939850,0.463947,0.912763,May
14,0.730378,0.117627,0.531241,0.434620,0.407478,0.547572,0.422773,0.816122,May
15,0.659028,0.140011,0.545420,0.440649,0.326815,0.371660,0.455447,0.555254,May
16,0.659701,0.326852,0.568272,0.417420,0.331818,0.226603,0.269453,0.399979,May
17,0.625965,0.388815,0.584543,0.306707,0.244442,0.105795,0.108203,0.366019,May
18,0.587625,0.579751,0.612957,0.196024,0.223091,-0.027782,-0.019705,-0.031596,May
19,0.468592,0.644719,0.613227,0.195266,0.228477,-0.036429,-0.036203,-0.046210,May
20,0.430340,0.780440,0.643569,0.204270,0.227040,-0.034716,-0.036990,-0.045416,May
21,0.382597,0.822740,0.650508,0.258053,0.237489,-0.032509,-0.036728,-0.043732,May
22,0.349071,0.843860,0.653149,0.238103,0.262608,-0.028009,-0.035951,-0.045082,May
23,0.327667,0.852334,0.653515,0.283543,0.286307,-0.017775,-0.035635,-0.040894,May
0,0.379610,0.950551,0.410345,0.487803,0.552062,-0.018484,-0.014911,0.018664,November
1,0.378829,0.940008,0.391530,0.532144,0.548377,-0.018573,-0.015551,0.018639,November
2,0.284169,0.957052,0.328646,0.325151,0.491771,-0.019063,-0.015614,0.018630,November
3,0.259736,0.955892,0.290080,0.190814,0.251987,-0.018917,-0.015160,0.018670,November
4,0.249508,0.964002,0.344255,0.182339,0.210397,-0.017634,-0.011066,0.019248,November
5,0.245223,0.962980,0.321964,0.264536,0.264893,-0.010681,-0.011277,0.024108,November
6,0.250150,0.957384,0.353508,0.315470,0.206287,0.013925,0.040293,0.085871,November
7,0.321827,0.883161,0.379705,0.376109,0.263015,0.221167,0.292663,0.387053,November
8,0.517491,0.769110,0.478821,0.400972,0.351510,0.296444,0.479848,0.679964,November
9,0.559593,0.497704,0.510872,0.441838,0.341275,0.506213,0.452891,0.832965,November
10,0.585611,0.277907,0.548116,0.506973,0.302236,0.538874,0.524919,0.810085,November
11,0.597624,0.208256,0.490494,0.546993,0.436843,0.532881,0.559034,0.738216,November
12,0.608148,0.174473,0.467030,0.492333,0.232437,0.462073,0.522589,0.543807,November
13,0.605390,0.171176,0.421032,0.307334,0.199835,0.370742,0.489793,0.611178,November
14,0.601378,0.181440,0.418320,0.241186,0.218374,0.278874,0.313268,0.659244,November
15,0.554599,0.262286,0.363390,0.260050,0.254507,0.111040,0.102330,0.399010,November
16,0.441812,0.486981,0.436959,0.471159,0.380046,-0.008884,-0.001488,0.039799,November
17,0.391234,0.742911,0.464683,0.405918,0.323052,-0.017469,-0.014549,0.019426,November
18,0.374798,0.810135,0.460672,0.561194,0.354877,-0.018855,-0.015358,0.018659,November
19,0.332799,0.891015,0.359378,0.616668,0.533082,-0.019055,-0.015453,0.018662,November
20,0.316609,0.854147,0.312642,0.620256,0.562859,-0.018632,-0.015596,0.018688,November
21,0.315902,0.881429,0.260011,0.638788,0.596765,-0.018959,-0.015656,0.018635,November
22,0.357273,0.774188,0.233227,0.634948,0.616010,-0.018193,-0.015281,0.018967,November
23,0.357541,0.811209,0.218738,0.635295,0.617928,-0.016820,-0.012726,0.019507,November
0,0.086762,0.889794,0.825581,0.079754,0.144931,-0.035950,-0.034444,-0.032234,March
1,0.076791,0.907741,0.821367,-0.040135,0.071170,-0.037201,-0.035917,-0.032379,March
2,0.072466,0.888330,0.813093,-0.041890,0.075184,-0.037411,-0.036478,-0.032378,March
3,0.067425,0.892045,0.813595,-0.021950,0.083078,-0.037361,-0.036564,-0.032004,March
4,0.058468,0.901454,0.811893,0.065064,0.155578,-0.034911,-0.011975,-0.029005,March
5,0.065686,0.893566,0.813930,0.064511,0.172884,-0.023002,0.020738,-0.015783,March
6,0.083180,0.816436,0.814017,-0.019992,0.171757,0.037532,0.510158,0.056417,March
7,0.186926,0.738491,0.817384,-0.034715,0.105790,0.156739,1.123565,0.135731,March
8,0.314242,0.488548,0.818369,0.168008,0.119020,0.357762,1.084379,0.186339,March
9,0.320606,0.418442,0.824180,0.239610,0.124554,0.553261,1.154111,0.454951,March
10,0.343661,0.427393,0.822795,0.307090,0.156104,0.613577,1.107578,0.510546,March
11,0.333306,0.363708,0.818708,0.366487,0.217285,0.654832,1.166473,0.542805,March
12,0.336482,0.322355,0.812689,0.241918,0.112821,0.591309,1.093328,0.510948,March
13,0.336320,0.320540,0.809481,0.348580,0.204086,0.528508,0.994822,0.469472,March
14,0.298201,0.327052,0.807104,0.357157,0.227089,0.261144,0.710184,0.183379,March
15,0.291762,0.312098,0.806314,0.320471,0.202609,0.304194,0.675368,0.334858,March
16,0.265187,0.476172,0.806906,0.193132,0.141583,0.025212,0.226723,0.262482,March
17,0.187831,0.613955,0.808365,0.233932,0.194686,-0.027143,-0.019290,-0.015377,March
18,0.203379,0.688342,0.813337,0.295481,0.233855,-0.036539,-0.034031,-0.030075,March
19,0.136331,0.592307,0.818024,0.347525,0.253357,-0.037134,-0.036223,-0.032019,March
20,0.126316,0.523451,0.824177,0.327495,0.248437,-0.036717,-0.036583,-0.031869,March
21,0.093866,0.572767,0.832607,0.255528,0.226322,-0.036914,-0.036340,-0.032229,March
22,0.082192,0.711353,0.835463,0.235490,0.235150,-0.035454,-0.035645,-0.031970,March
23,0.067428,0.725860,0.835692,0.330210,0.250441,-0.030379,-0.032277,-0.031267,March
0,0.373760,0.971470,0.693856,0.109529,0.167243,-0.011828,0.005667,0.002875,October
1,0.373401,0.948746,0.687021,0.101947,0.146683,-0.012802,0.005528,0.002760,October
2,0.370935,0.960822,0.660917,0.124809,0.132543,-0.012972,0.005495,0.002744,October
3,0.371264,0.955459,0.633233,0.105792,0.163395,-0.012990,0.005544,0.002750,October
4,0.368814,0.964035,0.572465,0.188455,0.258438,-0.012139,0.010715,0.002837,October
5,0.375786,0.972203,0.596766,0.310531,0.389191,-0.008093,0.014308,0.007901,October
6,0.395064,0.890230,0.615805,0.340791,0.453658,0.035347,0.200368,0.065716,October
7,0.508639,0.746393,0.644675,0.386276,0.439587,0.225440,0.562229,0.344883,October
8,0.580613,0.628608,0.670851,0.414566,0.270838,0.494404,0.648016,0.673922,October
9,0.612711,0.436468,0.652925,0.396988,0.275188,0.571104,0.670883,0.664037,October
10,0.659881,0.397950,0.613039,0.453147,0.384270,0.628716,0.668339,0.825806,October
11,0.676957,0.316529,0.569758,0.508432,0.402707,0.648175,0.677268,0.837858,October
12,0.682347,0.350994,0.551517,0.513386,0.399984,0.631216,0.644782,0.877269,October
13,0.599012,0.526341,0.538044,0.522846,0.437179,0.396650,0.574815,0.723878,October
14,0.527166,0.743915,0.540591,0.458630,0.368505,0.130242,0.551346,0.196697,October
15,0.558597,0.760151,0.546878,0.309601,0.275837,0.036721,0.284425,0.131737,October
16,0.583203,0.879387,0.536624,0.230326,0.397895,-0.003208,0.016434,0.011128,October
17,0.581983,0.818629,0.545217,0.199361,0.433145,-0.009949,0.006360,0.003299,October
18,0.578258,0.830794,0.559846,0.208544,0.431559,-0.012765,0.006280,0.002801,October
19,0.581040,0.723573,0.564110,0.186087,0.447284,-0.012810,0.005676,0.002785,October
20,0.610680,0.845487,0.596798,0.167476,0.437307,-0.012140,0.005626,0.002976,October
21,0.563656,0.903090,0.607413,0.208112,0.386700,-0.012233,0.005753,0.002999,October
22,0.514562,0.956143,0.609084,0.132780,0.286176,-0.010380,0.006865,0.003996,October
23,0.539361,0.939528,0.629103,0.096156,0.218944,-0.009211,0.010839,0.005126,October
0,0.618371,0.777596,0.540320,0.361047,0.610007,-0.086118,-0.031562,-0.000048,July
1,0.623707,0.741019,0.544388,0.414824,0.652263,-0.085888,-0.031743,-0.000065,July
2,0.618995,0.739099,0.517778,0.385460,0.649312,-0.088234,-0.031767,-0.000372,July
3,0.603495,0.764075,0.531044,0.348515,0.604351,-0.088221,-0.031795,-0.000105,July
4,0.603095,0.764220,0.535411,0.407896,0.653667,-0.084692,-0.021548,0.004974,July
5,0.624255,0.702399,0.554525,0.438613,0.655760,0.106873,0.143617,0.443382,July
6,0.667825,0.684700,0.564346,0.374673,0.597267,0.357132,0.350507,0.618822,July
7,0.715119,0.461803,0.566890,0.332272,0.516127,0.376465,0.413072,0.751880,July
8,0.729542,0.371661,0.564189,0.382892,0.508641,0.610635,0.340658,0.910528,July
9,0.750663,0.307984,0.576639,0.496193,0.542670,0.838253,0.339402,0.932547,July
10,0.755759,0.282919,0.573833,0.650636,0.626886,0.899444,0.316646,0.935947,July
11,0.758242,0.279636,0.566554,0.726808,0.648643,0.904619,0.349011,0.935870,July
12,0.755575,0.281704,0.553513,0.741526,0.636019,0.814858,0.455771,0.915940,July
13,0.751227,0.281846,0.543900,0.736283,0.644050,0.706395,0.450821,0.749530,July
14,0.749578,0.285160,0.527845,0.603232,0.634195,0.649276,0.370029,0.766202,July
15,0.752753,0.284731,0.514999,0.391932,0.556156,0.440802,0.332470,0.726232,July
16,0.733570,0.355668,0.509834,0.513312,0.518789,0.235132,0.145686,0.688637,July
17,0.707659,0.432893,0.510567,0.338875,0.493981,0.037354,0.040845,0.550644,July
18,0.678167,0.425795,0.512324,0.367983,0.531466,-0.082063,-0.028400,0.059489,July
19,0.656000,0.492558,0.525365,0.425857,0.590717,-0.087855,-0.031605,0.001626,July
20,0.624925,0.493845,0.527054,0.428731,0.606705,-0.087729,-0.031431,0.000713,July
21,0.612228,0.537937,0.525672,0.409965,0.608814,-0.086620,-0.031285,0.001918,July
22,0.611638,0.596400,0.531913,0.368075,0.612677,-0.082807,-0.030154,0.001725,July
23,0.605343,0.585314,0.539441,0.337317,0.575633,-0.083069,-0.029321,0.011118,July
0,0.269812,0.881741,0.297059,0.412996,0.379736,-0.013594,-0.034331,0.013464,November
1,0.236820,0.885677,0.298183,0.367126,0.477510,-0.014451,-0.035955,0.013404,November
2,0.219868,0.884906,0.296601,0.338235,0.468327,-0.014969,-0.035788,0.013381,November
3,0.218028,0.888099,0.298048,0.347873,0.476126,-0.014505,-0.035834,0.013538,November
4,0.239283,0.888275,0.301990,0.431371,0.527131,-0.009065,-0.030758,0.015008,November
5,0.254106,0.880541,0.313346,0.311092,0.462621,-0.006328,-0.032394,0.019911,November
6,0.235250,0.854628,0.318858,0.356663,0.456323,0.008402,-0.017965,0.049146,November
7,0.288647,0.830232,0.339387,0.422382,0.463468,0.045997,0.133127,0.231133,November
8,0.400074,0.798415,0.347963,0.462263,0.519693,0.146198,0.282491,0.216105,November
9,0.419583,0.746520,0.384455,0.414383,0.416692,0.348343,0.362695,0.559919,November
10,0.428865,0.541359,0.393930,0.429669,0.379567,0.375392,0.369461,0.545220,November
11,0.439704,0.496930,0.412817,0.469243,0.476586,0.401687,0.353980,0.608109,November
12,0.457723,0.488975,0.429662,0.507008,0.553632,0.314227,0.303027,0.426968,November
13,0.442951,0.489650,0.432259,0.483095,0.502900,0.282449,0.117933,0.490343,November
14,0.423507,0.490688,0.425706,0.404301,0.405615,0.256697,0.105915,0.593744,November
15,0.400892,0.526418,0.427285,0.234913,0.241556,0.076939,0.034482,0.431743,November
16,0.273398,0.736869,0.430080,0.233976,0.187080,-0.011033,-0.029595,0.019363,November
17,0.239027,0.831343,0.433631,0.220194,0.167410,-0.014308,-0.036330,0.013645,November
18,0.233094,0.823208,0.434842,0.221513,0.147388,-0.014946,-0.036459,0.013395,November
19,0.205461,0.853968,0.425612,0.294348,0.190019,-0.015000,-0.036655,0.013422,November
20,0.202345,0.823655,0.434492,0.271890,0.152139,-0.014669,-0.036619,0.013472,November
21,0.195092,0.848541,0.441615,0.203689,0.173695,-0.014722,-0.036650,0.013387,November
22,0.193003,0.802578,0.442687,0.208895,0.160287,-0.014528,-0.036075,0.013453,November
23,0.189423,0.817983,0.443567,0.196764,0.159388,-0.013657,-0.035075,0.013665,November
0,0.541363,0.903802,0.457181,0.208687,0.098663,-0.022329,-0.045181,-0.019742,September
1,0.538294,0.886093,0.455140,0.305399,0.183512,-0.029286,-0.070685,-0.048074,September
2,0.522523,0.907944,0.446620,0.211365,0.085251,-0.030941,-0.071626,-0.052314,September
3,0.520887,0.914863,0.429699,0.150784,0.069421,-0.032219,-0.067452,-0.052685,September
4,0.526025,0.854801,0.424729,0.106964,0.012019,-0.027575,-0.042503,-0.044119,September
5,0.531547,0.806889,0.425983,0.077351,0.014607,-0.017967,0.012522,-0.027935,September
6,0.536966,0.792506,0.432481,0.070032,0.013333,0.005943,0.227189,-0.002746,September
7,0.561035,0.744329,0.435044,0.073124,0.016539,0.180122,0.583761,0.083540,September
8,0.623765,0.569827,0.431998,0.281754,0.157006,0.372533,0.692090,0.105568,September
9,0.632958,0.558186,0.428500,0.303112,0.253014,0.413340,0.766546,0.077596,September
10,0.636428,0.534047,0.423412,0.294394,0.302065,0.425584,0.798484,0.062615,September
11,0.645543,0.575999,0.420776,0.318607,0.352105,0.505042,0.740239,0.133178,September
12,0.584957,0.727054,0.420804,0.325688,0.344015,0.418142,0.566614,0.183733,September
13,0.578693,0.830588,0.417854,0.314661,0.353068,0.334179,0.392475,0.153206,September
14,0.599880,0.802766,0.418006,0.327103,0.325708,0.218415,0.312448,0.163261,September
15,0.588879,0.749932,0.417417,0.317519,0.353251,0.111980,0.173856,0.237460,September
16,0.577802,0.710774,0.418413,0.362175,0.398450,0.037180,0.017233,0.096608,September
17,0.560026,0.762034,0.421688,0.356504,0.409585,-0.026958,-0.069961,-0.040864,September
18,0.543889,0.799962,0.425268,0.343891,0.352571,-0.032050,-0.071759,-0.052605,September
19,0.525874,0.832157,0.435654,0.301235,0.354359,-0.032705,-0.072167,-0.053104,September
20,0.526422,0.750951,0.437147,0.215930,0.217739,-0.031957,-0.071843,-0.052834,September
21,0.519312,0.837092,0.450001,0.188182,0.123009,-0.031325,-0.070875,-0.052632,September
22,0.512770,0.910538,0.456755,0.110989,0.088033,-0.031567,-0.071056,-0.053088,September
23,0.511282,0.930807,0.462033,0.092428,0.070195,-0.029980,-0.066434,-0.052156,September
0,0.406240,0.740696,0.560602,0.141878,0.367427,-0.072507,-0.012971,-0.025270,August
1,0.405926,0.688426,0.543760,0.300925,0.463844,-0.072800,-0.013550,-0.025516,August
2,0.405122,0.689651,0.518223,0.335707,0.466784,-0.074903,-0.013531,-0.025673,August
3,0.380971,0.759840,0.505248,0.263023,0.422990,-0.074905,-0.013599,-0.025461,August
4,0.373251,0.811584,0.492740,0.163656,0.282465,-0.072916,-0.010142,-0.020789,August
5,0.385291,0.756701,0.517622,0.126574,0.298967,0.017460,0.047541,0.172375,August
6,0.463492,0.588696,0.535470,0.109983,0.237873,0.238512,0.165365,0.594326,August
7,0.628841,0.319133,0.551619,0.139524,0.221719,0.372307,0.336763,0.466273,August
8,0.668832,0.236794,0.555323,0.213851,0.215749,0.498325,0.404845,0.569460,August
9,0.719627,0.129558,0.564285,0.203833,0.242830,0.683249,0.461296,0.559112,August
10,0.762570,0.085321,0.558694,0.121940,0.194706,0.807634,0.474346,0.781475,August
11,0.769754,0.067014,0.526403,0.130815,0.164092,0.876678,0.474051,0.894502,August
12,0.784047,0.109293,0.518113,0.338901,0.237180,0.865455,0.348976,0.892787,August
13,0.739183,0.170709,0.504618,0.504132,0.319004,0.760849,0.378367,0.851009,August
14,0.761391,0.121341,0.491208,0.334333,0.264885,0.627727,0.262460,0.832503,August
15,0.766650,0.097107,0.483423,0.271326,0.210402,0.303880,0.151742,0.764348,August
16,0.718061,0.209554,0.481569,0.244621,0.316624,0.149935,0.140540,0.380917,August
17,0.672234,0.371893,0.484907,0.202146,0.406889,0.028716,0.046975,0.335064,August
18,0.628982,0.382652,0.484090,0.236267,0.462249,-0.070976,-0.009987,-0.004905,August
19,0.514470,0.501292,0.486386,0.259365,0.508464,-0.073115,-0.013066,-0.024733,August
20,0.480428,0.560251,0.492554,0.347377,0.526420,-0.072980,-0.013310,-0.024269,August
21,0.430278,0.728559,0.492742,0.441825,0.528111,-0.072985,-0.013009,-0.023893,August
22,0.429004,0.782205,0.491272,0.350348,0.522828,-0.070885,-0.012632,-0.024547,August
23,0.406345,0.743133,0.490065,0.305257,0.516271,-0.070604,-0.011093,-0.021196,August
0,0.320116,0.963354,0.698729,0.142704,0.181451,-0.022077,-0.000737,-0.005070,October
1,0.320356,0.969096,0.696745,0.157202,0.187077,-0.022777,-0.001119,-0.005176,October
2,0.323797,0.966030,0.681095,0.185974,0.212617,-0.022915,-0.001479,-0.005179,October
3,0.321975,0.962051,0.677376,0.257209,0.272472,-0.022818,-0.001501,-0.004908,October
4,0.318673,0.966698,0.661541,0.201093,0.220244,-0.021540,0.002698,-0.001550,October
5,0.327202,0.955541,0.653206,0.193845,0.300944,-0.012691,0.022657,0.010886,October
6,0.341016,0.933549,0.641827,0.187149,0.358856,0.013753,0.148629,0.063587,October
7,0.433151,0.865603,0.660126,0.159302,0.335165,0.172593,0.353840,0.363246,October
8,0.487490,0.634135,0.664674,0.316124,0.300091,0.355233,0.384192,0.445384,October
9,0.541171,0.451851,0.683057,0.396087,0.345510,0.546736,0.401191,0.825763,October
10,0.593860,0.284602,0.653967,0.439220,0.416464,0.632663,0.373492,0.928117,October
11,0.604257,0.260899,0.622111,0.534164,0.481229,0.656008,0.318831,0.933026,October
12,0.604504,0.264482,0.621488,0.589043,0.512236,0.609692,0.297307,0.929479,October
13,0.587459,0.283209,0.589415,0.543057,0.478665,0.434659,0.345305,0.881460,October
14,0.582492,0.316977,0.574900,0.498399,0.420204,0.283011,0.274904,0.752185,October
15,0.561732,0.449824,0.566721,0.422770,0.460806,0.060490,0.159927,0.616320,October
16,0.509812,0.837901,0.551947,0.391640,0.385460,-0.009749,0.019418,0.011795,October
17,0.445508,0.841769,0.556867,0.367827,0.395140,-0.021015,-0.000318,-0.002411,October
18,0.460051,0.902029,0.570728,0.306439,0.385020,-0.022821,-0.001336,-0.005017,October
19,0.419593,0.907927,0.591347,0.286093,0.349002,-0.022911,-0.001513,-0.005135,October
20,0.457782,0.897142,0.597199,0.306862,0.297872,-0.022605,-0.001493,-0.005037,October
21,0.456201,0.867505,0.596524,0.370369,0.415522,-0.022650,-0.001319,-0.005058,October
22,0.407895,0.908795,0.604083,0.373793,0.419994,-0.022181,-0.001076,-0.005094,October
23,0.416947,0.869725,0.595228,0.249557,0.362888,-0.019751,0.002567,-0.004201,October
0,0.256228,0.579144,0.701005,0.359704,0.283247,-0.109272,-0.054836,-0.047263,March
1,0.247430,0.600466,0.705240,0.332670,0.279792,-0.111110,-0.062752,-0.048295,March
2,0.252346,0.585475,0.710248,0.355679,0.282737,-0.111572,-0.064818,-0.048355,March
3,0.227155,0.628181,0.716687,0.343051,0.290867,-0.111277,-0.065061,-0.047837,March
4,0.195560,0.840952,0.719993,0.242051,0.264035,-0.111077,-0.063694,-0.047310,March
5,0.182316,0.807042,0.724739,0.245656,0.234344,-0.110583,-0.061894,-0.044233,March
6,0.200047,0.808166,0.732396,0.162694,0.237856,-0.082690,0.034645,0.022376,March
7,0.219587,0.751215,0.736246,0.119349,0.195034,0.036335,0.722086,0.271732,March
8,0.264562,0.682931,0.738860,0.283268,0.190415,0.265780,0.953449,0.309146,March
9,0.276610,0.560736,0.738949,0.298975,0.166779,0.422444,1.018533,0.375773,March
10,0.289179,0.492989,0.738563,0.285449,0.189078,0.537409,1.118821,0.395982,March
11,0.290849,0.465827,0.733901,0.248463,0.192095,0.547507,1.113637,0.399594,March
12,0.284463,0.510918,0.725762,0.159293,0.131618,0.528044,1.170710,0.391767,March
13,0.274564,0.540645,0.717078,0.159460,0.107831,0.326514,1.180084,0.188693,March
14,0.262932,0.564629,0.710790,0.101873,0.099750,0.153206,0.894928,0.134174,March
15,0.242788,0.577234,0.706180,0.092917,0.088580,0.054868,0.533345,0.117799,March
16,0.259047,0.685896,0.700472,0.192287,0.119624,-0.037905,0.071551,0.053766,March
17,0.219506,0.849238,0.700450,0.181844,0.146250,-0.108054,-0.059671,-0.046828,March
18,0.200216,0.881512,0.702419,0.081644,0.087663,-0.111712,-0.063386,-0.048439,March
19,0.186289,0.965722,0.700824,0.066523,0.070431,-0.111740,-0.064992,-0.048446,March
20,0.188432,0.959884,0.700991,0.061665,0.072904,-0.110820,-0.065144,-0.048365,March
21,0.174506,0.972412,0.701909,0.054072,0.077547,-0.110210,-0.065182,-0.048292,March
22,0.170654,0.974878,0.700913,0.055565,0.086414,-0.109622,-0.065023,-0.048346,March
23,0.168987,0.990162,0.701454,0.071305,0.110919,-0.109027,-0.063274,-0.048123,March
0,0.302060,0.874131,0.586050,0.055333,0.137754,-0.082498,-0.045218,-0.042685,April
1,0.301897,0.899266,0.585528,0.066729,0.174793,-0.084048,-0.047309,-0.042777,April
2,0.302679,0.901979,0.583085,0.094490,0.139036,-0.085786,-0.047398,-0.042824,April
3,0.297805,0.904410,0.580658,0.098500,0.182826,-0.085806,-0.047306,-0.042771,April
4,0.297920,0.901518,0.578749,0.070314,0.176902,-0.079774,0.000320,-0.040761,April
5,0.305335,0.850267,0.579273,0.115181,0.204207,0.062552,0.259875,0.027648,April
6,0.321950,0.771781,0.576471,0.088936,0.179146,0.236281,0.762915,0.257031,April
7,0.401162,0.758830,0.576112,0.149546,0.128614,0.360949,0.889686,0.310439,April
8,0.455865,0.468980,0.576582,0.240885,0.124926,0.572052,0.924858,0.532719,April
9,0.459486,0.379433,0.574308,0.278774,0.157024,0.731886,0.966147,0.787335,April
10,0.479265,0.364484,0.569865,0.314271,0.244510,0.734693,0.975053,0.717449,April
11,0.484334,0.333260,0.565843,0.356113,0.282990,0.752153,1.019037,0.709311,April
12,0.500757,0.289920,0.550100,0.394054,0.251176,0.763660,0.931483,0.816074,April
13,0.498705,0.292462,0.551212,0.408571,0.312436,0.756256,0.940267,0.844308,April
14,0.485324,0.360629,0.547781,0.388944,0.317988,0.458252,0.680637,0.571182,April
15,0.473839,0.410314,0.546153,0.324891,0.257964,0.334403,0.610989,0.471789,April
16,0.430177,0.591583,0.544909,0.346009,0.207148,0.044720,0.228861,0.351335,April
17,0.386585,0.617036,0.544672,0.294092,0.267428,-0.061735,0.013017,0.026158,April
18,0.364357,0.640827,0.545069,0.296928,0.298610,-0.084384,-0.036065,-0.041030,April
19,0.356243,0.760550,0.547117,0.278081,0.299362,-0.085648,-0.045082,-0.042678,April
20,0.340030,0.850223,0.549715,0.364454,0.338103,-0.084442,-0.046776,-0.042230,April
21,0.327608,0.889006,0.547589,0.254615,0.280051,-0.083989,-0.045055,-0.042391,April
22,0.337913,0.905996,0.549362,0.250050,0.251538,-0.080984,-0.045247,-0.041793,April
23,0.350361,0.896054,0.546279,0.211160,0.226860,-0.072831,-0.027875,-0.039765,April
0,0.271180,0.499059,0.561503,0.803228,0.709301,-0.033686,-0.026351,-0.029812,January
1,0.232899,0.582468,0.569822,0.823108,0.823569,-0.035754,-0.026849,-0.030079,January
2,0.260845,0.558119,0.558513,0.819547,0.806461,-0.036090,-0.026904,-0.030114,January
3,0.227989,0.570760,0.568069,0.791034,0.767717,-0.036007,-0.026705,-0.030043,January
4,0.214951,0.549354,0.572575,0.756165,0.778340,-0.031918,-0.026399,-0.029593,January
5,0.187055,0.570319,0.594645,0.610538,0.565039,-0.033686,-0.026669,-0.029354,January
6,0.185597,0.573667,0.608461,0.678138,0.729565,-0.028593,-0.011670,-0.022648,January
7,0.176445,0.532646,0.676720,0.650587,0.608262,0.029331,0.237084,0.228889,January
8,0.204935,0.645185,0.701840,0.520339,0.508866,0.084530,0.309235,0.017781,January
9,0.235828,0.633651,0.729955,0.518657,0.459035,0.256187,0.417308,0.284197,January
10,0.272676,0.560805,0.717072,0.492606,0.430930,0.393910,0.438427,0.238037,January
11,0.281853,0.382811,0.702492,0.535355,0.502634,0.465914,0.431773,0.497947,January
12,0.311456,0.237396,0.689334,0.714617,0.617509,0.464283,0.415834,0.622749,January
13,0.304924,0.206247,0.709354,0.637053,0.550950,0.422639,0.325462,0.739039,January
14,0.276283,0.256124,0.697752,0.540892,0.495731,0.239552,0.256170,0.571681,January
15,0.244356,0.436759,0.712196,0.423984,0.447389,0.078352,0.117710,0.483493,January
16,0.198901,0.472945,0.713420,0.489812,0.410922,-0.032865,-0.022625,-0.019889,January
17,0.211656,0.454061,0.748366,0.396208,0.379250,-0.035371,-0.026416,-0.028338,January
18,0.211315,0.397781,0.749353,0.370989,0.392466,-0.035983,-0.026930,-0.029817,January
19,0.186928,0.398971,0.751723,0.366568,0.402201,-0.035833,-0.027095,-0.028314,January
20,0.197171,0.375406,0.747650,0.470964,0.489201,-0.034868,-0.026791,-0.028520,January
21,0.183896,0.305985,0.764441,0.472093,0.529216,-0.035414,-0.026472,-0.029669,January
22,0.180282,0.322598,0.770696,0.414322,0.520518,-0.034305,-0.022393,-0.028690,January
23,0.171302,0.339538,0.773732,0.338506,0.399557,-0.029229,-0.012137,-0.024486,January
0,0.329148,1.043621,0.721675,0.204438,0.218005,-0.010298,-0.012138,-0.053702,October
1,0.339186,1.031289,0.703288,0.162003,0.197524,-0.010573,-0.012449,-0.053738,October
2,0.330152,1.042210,0.687311,0.242027,0.283066,-0.010818,-0.012551,-0.053774,October
3,0.328315,1.046486,0.689629,0.241550,0.316749,-0.010847,-0.012540,-0.053762,October
4,0.332410,1.042606,0.687732,0.318252,0.361340,-0.010163,-0.008539,-0.053546,October
5,0.337847,1.006692,0.698850,0.335629,0.363879,0.000299,0.015092,-0.014671,October
6,0.363989,0.904857,0.711163,0.349262,0.360225,0.037376,0.106303,0.140146,October
7,0.450682,0.820745,0.728333,0.349212,0.346025,0.304672,0.471897,0.333807,October
8,0.541160,0.697328,0.739592,0.310684,0.160955,0.501520,0.465385,0.705998,October
9,0.592331,0.355837,0.742091,0.215482,0.104356,0.650222,0.509614,0.811988,October
10,0.622977,0.240820,0.737097,0.223920,0.121254,0.690476,0.493419,0.830619,October
11,0.627262,0.215853,0.721983,0.247082,0.110996,0.691816,0.461661,0.830044,October
12,0.624618,0.236344,0.696309,0.333272,0.129201,0.615213,0.485108,0.762757,October
13,0.607876,0.237055,0.680701,0.313745,0.124073,0.431597,0.470134,0.677565,October
14,0.607891,0.244096,0.676638,0.310411,0.142466,0.373459,0.359451,0.719806,October
15,0.562506,0.309627,0.672714,0.303088,0.184336,0.146206,0.158313,0.573253,October
16,0.443536,0.549536,0.678940,0.210826,0.261986,0.001112,0.016126,-0.019165,October
17,0.402097,0.707935,0.684718,0.207421,0.288378,-0.008342,-0.010899,-0.052249,October
18,0.402565,0.825679,0.698681,0.237316,0.329733,-0.010800,-0.012216,-0.053745,October
19,0.372171,0.893125,0.700544,0.222333,0.333599,-0.010849,-0.012556,-0.053774,October
20,0.374570,0.976583,0.706676,0.151900,0.247141,-0.010747,-0.012552,-0.053742,October
21,0.358393,0.987942,0.708776,0.173374,0.233631,-0.010647,-0.012504,-0.053689,October
22,0.341301,1.006816,0.710018,0.154914,0.225639,-0.009849,-0.012373,-0.053430,October
23,0.329626,1.024228,0.702706,0.157275,0.215503,-0.008689,-0.011621,-0.053043,October
0,0.371101,0.870207,0.643417,0.553216,0.585735,-0.031553,-0.047574,-0.030004,December
1,0.359698,0.875931,0.660801,0.652995,0.630763,-0.032377,-0.047932,-0.030139,December
2,0.380624,0.865967,0.635549,0.643227,0.637167,-0.032627,-0.048082,-0.030143,December
3,0.380720,0.858266,0.626407,0.607304,0.630480,-0.032118,-0.047944,-0.029984,December
4,0.358048,0.896944,0.624734,0.416441,0.543751,-0.029284,-0.046881,-0.027793,December
5,0.347605,0.886957,0.617772,0.480202,0.592768,-0.028216,-0.043941,-0.028823,December
6,0.354483,0.891421,0.633715,0.541876,0.524486,-0.026095,-0.027773,-0.019306,December
7,0.402202,0.886202,0.647558,0.519229,0.592727,0.014405,0.150119,0.041348,December
8,0.455367,0.827283,0.678802,0.580341,0.493338,0.089788,0.460334,0.054224,December
9,0.494987,0.781502,0.685084,0.532211,0.392952,0.305760,0.546303,0.228226,December
10,0.522440,0.645004,0.680772,0.556391,0.414368,0.379194,0.551630,0.399402,December
11,0.532097,0.558730,0.653906,0.629018,0.467825,0.436642,0.541979,0.587646,December
12,0.535481,0.539836,0.617835,0.614058,0.393203,0.418344,0.441148,0.588160,December
13,0.529587,0.549121,0.609481,0.619344,0.460738,0.324261,0.277359,0.537385,December
14,0.518174,0.612624,0.608160,0.473707,0.373392,0.142437,0.184221,0.428522,December
15,0.496598,0.762723,0.606781,0.312820,0.335606,-0.006320,-0.004001,0.111111,December
16,0.420119,0.754680,0.597094,0.515249,0.415401,-0.028128,-0.042033,-0.028464,December
17,0.415803,0.756207,0.596385,0.491359,0.457805,-0.030728,-0.048023,-0.029824,December
18,0.383940,0.803516,0.599592,0.371828,0.425018,-0.032697,-0.048057,-0.030132,December
19,0.357033,0.804933,0.596480,0.352054,0.438148,-0.032703,-0.048330,-0.030131,December
20,0.349718,0.807204,0.610511,0.262922,0.363940,-0.032523,-0.048302,-0.030075,December
21,0.332031,0.862110,0.616211,0.226161,0.320926,-0.032448,-0.048279,-0.030095,December
22,0.322673,0.874941,0.620070,0.214880,0.302986,-0.032269,-0.047938,-0.030084,December
23,0.320085,0.864938,0.623476,0.220041,0.310091,-0.032070,-0.047330,-0.029753,December
0,0.501744,0.970140,0.534956,0.089212,0.101953,-0.029370,-0.080331,-0.031466,October
1,0.498483,0.961690,0.522780,0.120378,0.138934,-0.030335,-0.080212,-0.032037,October
2,0.496776,0.963944,0.518834,0.124383,0.241308,-0.030914,-0.080342,-0.032095,October
3,0.497583,0.934528,0.514207,0.147805,0.235450,-0.030959,-0.080324,-0.032092,October
4,0.496797,1.000144,0.513077,0.294067,0.299904,-0.030656,-0.075353,-0.032018,October
5,0.498438,0.998799,0.521110,0.319745,0.313667,-0.024622,-0.064014,-0.024211,October
6,0.512430,0.957611,0.534209,0.327114,0.322237,0.036607,0.032627,0.049454,October
7,0.596481,0.669773,0.535489,0.347593,0.302440,0.324455,0.469622,0.400765,October
8,0.587240,0.625142,0.545403,0.341568,0.275491,0.334667,0.609703,0.520508,October
9,0.610987,0.534376,0.551366,0.212490,0.186079,0.402283,0.883399,0.332452,October
10,0.629487,0.491578,0.541933,0.166546,0.167558,0.466531,0.792229,0.510622,October
11,0.632330,0.493446,0.527271,0.190229,0.144346,0.479367,0.833116,0.539061,October
12,0.608291,0.709824,0.528889,0.308343,0.230711,0.432873,0.798962,0.367325,October
13,0.579896,0.832814,0.516971,0.372322,0.249926,0.087627,0.835580,-0.007629,October
14,0.599153,0.746985,0.515720,0.259697,0.178134,0.111475,0.431605,0.025868,October
15,0.607116,0.769256,0.512988,0.219343,0.150465,0.021147,0.172622,0.021203,October
16,0.593586,0.917232,0.520521,0.161692,0.145746,-0.022716,-0.057277,-0.023529,October
17,0.554623,0.942179,0.527910,0.134684,0.190371,-0.029952,-0.078954,-0.031603,October
18,0.544007,0.982998,0.541849,0.146899,0.185908,-0.030894,-0.080397,-0.032088,October
19,0.543702,1.003285,0.542475,0.160061,0.183724,-0.030962,-0.080683,-0.032094,October
20,0.545977,1.014460,0.551576,0.222006,0.186299,-0.030748,-0.080667,-0.032082,October
21,0.554844,0.995940,0.551836,0.273554,0.259719,-0.030734,-0.080450,-0.032067,October
22,0.551652,1.000254,0.553745,0.312664,0.279557,-0.029910,-0.080008,-0.031943,October
23,0.539977,1.009630,0.552418,0.319435,0.289824,-0.028864,-0.078846,-0.031482,October
0,0.189780,0.479290,0.747514,0.892812,0.695613,-0.088517,-0.075503,-0.011571,January
1,0.196113,0.467045,0.747487,0.865166,0.704502,-0.090724,-0.075520,-0.012356,January
2,0.193790,0.441059,0.748546,0.779815,0.697970,-0.090963,-0.083487,-0.012318,January
3,0.192432,0.394986,0.748390,0.807855,0.669429,-0.087229,-0.073121,-0.005963,January
4,0.217077,0.303985,0.750650,0.860397,0.628863,-0.049994,-0.031972,0.034386,January
5,0.213166,0.330077,0.763254,0.814507,0.655673,-0.078257,-0.046271,-0.000494,January
6,0.200443,0.291379,0.766970,0.657821,0.659003,-0.066964,0.023489,-0.003357,January
7,0.198492,0.297956,0.766275,0.724141,0.598778,0.097468,0.382668,0.068409,January
8,0.235889,0.280759,0.765293,0.780016,0.592043,0.130490,0.240081,0.197328,January
9,0.246064,0.234416,0.782639,0.692018,0.574546,0.328306,0.613916,0.428765,January
10,0.250651,0.149245,0.792094,0.766238,0.611865,0.339331,0.728410,0.322863,January
11,0.255447,0.128820,0.806408,0.746188,0.619387,0.380524,0.719735,0.425208,January
12,0.255948,0.134116,0.789491,0.830658,0.612625,0.368597,0.662512,0.441744,January
13,0.244248,0.140774,0.807233,0.532270,0.573419,0.231141,0.414295,0.256372,January
14,0.231507,0.189629,0.817185,0.492585,0.564387,0.087894,0.263917,0.395277,January
15,0.209956,0.247283,0.831056,0.482182,0.564735,-0.015190,0.098842,0.171992,January
16,0.193679,0.306926,0.819964,0.702451,0.633512,-0.086733,-0.072251,-0.007223,January
17,0.196570,0.283245,0.830191,0.743815,0.667109,-0.090664,-0.082699,-0.010676,January
18,0.195410,0.291291,0.832330,0.671385,0.632371,-0.092180,-0.084466,-0.012356,January
19,0.178088,0.263546,0.827715,0.628302,0.633997,-0.092084,-0.085237,-0.012107,January
20,0.187825,0.195769,0.830129,0.730243,0.667849,-0.089513,-0.084879,-0.011640,January
21,0.180616,0.204326,0.834558,0.800979,0.675924,-0.090903,-0.084664,-0.011238,January
22,0.176592,0.209224,0.835216,0.695031,0.687620,-0.090222,-0.081455,-0.010754,January
23,0.172513,0.226675,0.836164,0.624154,0.639481,-0.087698,-0.078460,-0.006006,January
0,0.493025,0.608420,0.582937,0.526831,0.456705,-0.046480,-0.054508,-0.040044,September
1,0.496260,0.644670,0.574651,0.540763,0.470893,-0.048823,-0.055941,-0.040405,September
2,0.482994,0.821766,0.574825,0.449260,0.401133,-0.049770,-0.055944,-0.040532,September
3,0.479143,0.827528,0.560261,0.426678,0.345248,-0.049766,-0.055329,-0.040387,September
4,0.484200,0.635163,0.562950,0.319394,0.264391,-0.047197,-0.039682,-0.030435,September
5,0.491176,0.655899,0.569854,0.272472,0.221119,-0.015072,-0.025722,0.099000,September
6,0.531473,0.543193,0.575813,0.223283,0.187660,0.034558,0.397037,0.211471,September
7,0.619078,0.349852,0.579049,0.218750,0.150974,0.441862,0.612136,0.635495,September
8,0.690353,0.344439,0.577052,0.351087,0.211521,0.562653,0.561421,0.674476,September
9,0.695866,0.329876,0.573960,0.477211,0.334843,0.611378,0.587250,0.638063,September
10,0.709939,0.340457,0.567322,0.490432,0.406470,0.684888,0.678240,0.588364,September
11,0.725711,0.334770,0.537148,0.500558,0.420888,0.688463,0.682081,0.619161,September
12,0.730711,0.321152,0.527726,0.468612,0.392267,0.680113,0.602650,0.751743,September
13,0.713172,0.326775,0.525588,0.444684,0.342211,0.654757,0.410917,0.754607,September
14,0.708057,0.352495,0.510074,0.328724,0.283885,0.395432,0.458283,0.712245,September
15,0.674912,0.390278,0.510867,0.341342,0.295548,0.212700,0.297059,0.657724,September
16,0.676689,0.493134,0.500059,0.416916,0.412134,0.027964,0.103698,0.336002,September
17,0.624168,0.624425,0.501465,0.478804,0.446351,-0.046570,-0.051224,-0.030210,September
18,0.595411,0.767310,0.507637,0.480196,0.414381,-0.049464,-0.054532,-0.040367,September
19,0.612710,0.853656,0.509375,0.407940,0.364166,-0.049821,-0.055874,-0.040561,September
20,0.600554,0.892587,0.505887,0.367652,0.318358,-0.049354,-0.056053,-0.040077,September
21,0.569317,0.876974,0.510241,0.440414,0.349121,-0.048536,-0.056026,-0.040154,September
22,0.564990,0.922053,0.514133,0.439358,0.342185,-0.045685,-0.055791,-0.038996,September
23,0.551206,0.931554,0.510922,0.452830,0.352408,-0.042439,-0.053213,-0.037306,September
0,0.362905,1.009257,0.592779,0.053313,0.104897,-0.033351,-0.048571,-0.067891,May
1,0.355311,1.004727,0.590628,0.030843,0.044753,-0.034269,-0.049058,-0.067973,May
2,0.350494,1.016109,0.592274,0.063654,0.103004,-0.035221,-0.049274,-0.067996,May
3,0.352959,0.999495,0.592361,0.085765,0.158648,-0.035160,-0.049541,-0.067809,May
4,0.359944,1.005314,0.593556,0.154510,0.192078,-0.032221,-0.030110,-0.059955,May
5,0.392086,0.910042,0.601968,0.197488,0.193689,0.064154,0.276601,0.220016,May
6,0.472226,0.763281,0.608276,0.165229,0.129256,0.230608,0.322367,0.627375,May
7,0.480621,0.572233,0.616530,0.216682,0.153625,0.428452,0.556130,0.523947,May
8,0.536272,0.544952,0.618290,0.191561,0.173721,0.590496,0.420640,0.645855,May
9,0.542708,0.419111,0.616637,0.190627,0.189278,0.697747,0.525115,0.702011,May
10,0.557959,0.321283,0.612907,0.242132,0.203202,0.756120,0.783949,0.756877,May
11,0.560042,0.274549,0.606990,0.229900,0.192618,0.744433,0.760136,0.688424,May
12,0.545213,0.341981,0.599311,0.128407,0.112080,0.718842,0.983844,0.555035,May
13,0.555130,0.312148,0.593589,0.108904,0.072779,0.512801,1.076559,0.100053,May
14,0.555237,0.311955,0.591495,0.088459,0.032258,0.399551,0.922373,0.297503,May
15,0.547470,0.292772,0.590632,0.149949,0.046011,0.273899,0.694697,0.128669,May
16,0.547840,0.387023,0.596433,0.073211,0.068836,0.122775,0.265994,0.058442,May
17,0.520297,0.556821,0.596334,0.054165,0.096990,0.034073,0.073537,0.110002,May
18,0.488883,0.586680,0.603946,0.053501,0.038242,-0.032784,-0.044382,-0.058296,May
19,0.431665,0.698542,0.605953,0.060041,0.030813,-0.035205,-0.049428,-0.067850,May
20,0.436718,0.751037,0.614721,0.091140,0.051663,-0.034103,-0.049193,-0.067820,May
21,0.411831,0.801514,0.617447,0.185306,0.146038,-0.032183,-0.049390,-0.066611,May
22,0.369559,0.945964,0.621126,0.202944,0.160208,-0.030325,-0.047841,-0.067447,May
23,0.358030,1.008369,0.623379,0.153662,0.159451,-0.028452,-0.047956,-0.067091,May
0,0.530108,0.719994,0.554180,0.151900,0.173687,-0.064778,-0.040809,-0.033268,August
1,0.526289,0.686314,0.553999,0.081452,0.146220,-0.070400,-0.041536,-0.036028,August
2,0.521937,0.750158,0.553932,0.020095,0.127506,-0.073128,-0.042042,-0.036331,August
3,0.521469,0.826355,0.554214,0.003455,0.089748,-0.073230,-0.042125,-0.036262,August
4,0.522837,0.865389,0.555167,0.035067,0.135237,-0.068102,-0.006608,-0.030931,August
5,0.569467,0.818947,0.558659,0.098619,0.143037,0.028769,0.189980,0.193527,August
6,0.625271,0.748845,0.560911,0.140483,0.113283,0.293856,0.159091,0.360142,August
7,0.676581,0.634826,0.561736,0.180614,0.140508,0.402776,0.370733,0.643295,August
8,0.687966,0.177490,0.558195,0.166509,0.158387,0.385606,0.309739,0.752489,August
9,0.697800,0.170628,0.563502,0.197536,0.167412,0.592421,0.284657,0.607878,August
10,0.701642,0.078245,0.564727,0.183469,0.155626,0.728842,0.630056,0.625304,August
11,0.704988,0.168022,0.562288,0.192104,0.155516,0.739193,0.514489,0.475065,August
12,0.704624,0.261505,0.563575,0.206319,0.175436,0.581005,0.526705,0.472173,August
13,0.690762,0.296018,0.563541,0.186969,0.148811,0.554151,0.541931,0.641606,August
14,0.697201,0.254029,0.564009,0.122078,0.055820,0.512297,0.364140,0.667768,August
15,0.700491,0.276891,0.563716,0.081048,0.057504,0.173046,0.259084,0.620717,August
16,0.655267,0.337622,0.562687,0.084847,0.049076,0.139255,0.086998,0.682771,August
17,0.631943,0.443061,0.562662,0.098819,0.037319,-0.018170,-0.029186,0.386820,August
18,0.601040,0.545212,0.564496,0.014818,0.018998,-0.066790,-0.039651,-0.019740,August
19,0.585899,0.744277,0.564592,-0.001625,-0.008504,-0.073197,-0.042436,-0.035620,August
20,0.568782,0.755486,0.565888,0.002074,-0.007333,-0.071317,-0.042101,-0.035545,August
21,0.555049,0.693924,0.566456,-0.000659,0.008469,-0.070570,-0.040812,-0.034496,August
22,0.551520,0.678248,0.567251,-0.001521,0.016496,-0.069893,-0.041569,-0.035566,August
23,0.541839,0.695928,0.567297,0.007832,0.046231,-0.065765,-0.040756,-0.033353,August
0,0.270614,0.789206,0.373500,0.254690,0.343647,-0.065687,-0.100569,-0.024870,March
1,0.247748,0.745757,0.359202,0.397457,0.508596,-0.067034,-0.101901,-0.025617,March
2,0.224220,0.636271,0.353441,0.401969,0.521754,-0.067487,-0.102591,-0.025698,March
3,0.247308,0.543712,0.344651,0.365668,0.491010,-0.067479,-0.102944,-0.025483,March
4,0.200084,0.622242,0.340012,0.427788,0.550826,-0.065849,-0.101638,-0.024363,March
5,0.182528,0.631217,0.342261,0.385781,0.464712,-0.054920,-0.094059,-0.003870,March
6,0.208194,0.633417,0.349783,0.306860,0.402436,0.053645,-0.027654,0.128209,March
7,0.276827,0.351032,0.349743,0.509366,0.335132,0.216334,0.309975,0.524188,March
8,0.286368,0.316070,0.354214,0.405636,0.375949,0.333541,0.312754,0.419832,March
9,0.308978,0.237348,0.376400,0.310823,0.276383,0.563865,0.488371,0.673322,March
10,0.319239,0.206272,0.369244,0.240463,0.198074,0.621657,0.569775,0.806923,March
11,0.311480,0.208389,0.368617,0.233189,0.194190,0.621108,0.629100,0.733924,March
12,0.177183,0.587214,0.389035,0.200842,0.197246,0.497928,0.676240,0.239581,March
13,0.189203,0.739924,0.367393,0.321916,0.250159,0.239262,0.580808,0.023038,March
14,0.164489,0.585849,0.357362,0.426909,0.300334,0.210854,0.381383,0.048533,March
15,0.173297,0.438749,0.350282,0.461543,0.334532,0.104021,0.228110,0.128180,March
16,0.182792,0.666146,0.341099,0.495127,0.277362,-0.039235,-0.027891,0.101514,March
17,0.166468,0.728023,0.358983,0.217999,0.191704,-0.063971,-0.094652,-0.015927,March
18,0.148979,0.651456,0.422368,0.257987,0.240974,-0.067150,-0.101576,-0.025313,March
19,0.131189,0.674052,0.464631,0.338827,0.411844,-0.067490,-0.102894,-0.025226,March
20,0.126942,0.704167,0.493149,0.569164,0.539637,-0.066907,-0.102052,-0.025652,March
21,0.124557,0.582117,0.504450,0.453733,0.459774,-0.066725,-0.100768,-0.025338,March
22,0.126170,0.512888,0.511460,0.335914,0.393292,-0.061330,-0.101357,-0.024035,March
23,0.120652,0.540937,0.515917,0.223375,0.219421,-0.052645,-0.098453,-0.007607,March
0,0.282568,0.867844,0.783918,0.485583,0.462873,-0.016010,-0.031441,0.016807,December
1,0.275935,0.880295,0.790617,0.503845,0.500392,-0.016823,-0.031718,0.016647,December
2,0.272974,0.885348,0.780056,0.525351,0.558111,-0.016849,-0.032023,0.016639,December
3,0.289410,0.885414,0.759578,0.526093,0.546759,-0.016843,-0.031889,0.016645,December
4,0.279022,0.900371,0.706926,0.521874,0.552693,-0.016734,-0.031635,0.016819,December
5,0.270348,0.899470,0.697928,0.512761,0.526089,-0.016413,-0.031632,0.016913,December
6,0.280268,0.897853,0.717477,0.486669,0.503937,-0.014792,-0.020542,0.020037,December
7,0.299369,0.882508,0.750749,0.322506,0.352732,0.022644,0.149396,0.094176,December
8,0.345282,0.808275,0.742465,0.414798,0.402915,0.117062,0.542612,0.109380,December
9,0.390949,0.760195,0.779862,0.299940,0.318155,0.195808,0.593427,0.129553,December
10,0.410161,0.803694,0.767061,0.266243,0.302897,0.221397,0.598864,0.143249,December
11,0.425263,0.693503,0.713850,0.246008,0.296062,0.245165,0.603492,0.155044,December
12,0.428798,0.621562,0.711211,0.259849,0.295790,0.206408,0.536418,0.167681,December
13,0.430223,0.556084,0.699159,0.261088,0.298173,0.127048,0.347415,0.107213,December
14,0.420831,0.547249,0.677655,0.308218,0.309542,0.072335,0.138615,0.099528,December
15,0.399569,0.653470,0.679502,0.376755,0.344375,0.038339,0.022256,0.058879,December
16,0.391377,0.864586,0.663035,0.473723,0.410172,-0.012586,-0.021461,0.018083,December
17,0.377591,0.865600,0.667566,0.495516,0.484467,-0.015530,-0.028749,0.016677,December
18,0.363462,0.874381,0.671919,0.499801,0.537751,-0.016685,-0.028190,0.016639,December
19,0.368833,0.855488,0.688756,0.510762,0.551579,-0.016766,-0.030243,0.016641,December
20,0.362477,0.868875,0.710274,0.537713,0.571490,-0.016413,-0.031619,0.016647,December
21,0.346649,0.835546,0.724964,0.528406,0.564223,-0.016652,-0.031952,0.016646,December
22,0.368268,0.818051,0.737005,0.522554,0.570361,-0.014008,-0.030874,0.017023,December
23,0.353921,0.771812,0.744515,0.520966,0.564078,-0.012517,-0.028403,0.018168,December
0,0.238696,0.740196,0.541405,0.430566,0.482821,0.006346,-0.019071,-0.016236,April
1,0.232987,0.647052,0.519601,0.463461,0.499790,0.005303,-0.019109,-0.015721,April
2,0.227596,0.577739,0.505729,0.487035,0.498369,0.003054,-0.019477,-0.016532,April
3,0.202624,0.628633,0.480771,0.510682,0.502068,0.003141,-0.019602,-0.016127,April
4,0.198143,0.694756,0.489121,0.493282,0.510607,0.005846,-0.006345,-0.011284,April
5,0.214132,0.741957,0.523093,0.429975,0.454464,0.064601,0.105187,0.144571,April
6,0.308319,0.519775,0.526986,0.474382,0.493035,0.231058,0.539897,0.570578,April
7,0.355961,0.405342,0.524414,0.562208,0.461235,0.446010,0.774388,0.644194,April
8,0.492928,0.520996,0.542593,0.564366,0.518608,0.648407,0.437952,0.564471,April
9,0.491165,0.400383,0.546087,0.559151,0.516783,0.741589,0.594375,0.689212,April
10,0.526647,0.346479,0.538682,0.548864,0.512673,0.828873,0.720869,0.721494,April
11,0.531971,0.337962,0.530266,0.497213,0.488716,0.813783,0.723061,0.665592,April
12,0.505221,0.367513,0.511450,0.448228,0.436809,0.752187,0.850637,0.493871,April
13,0.500647,0.382163,0.506138,0.188937,0.242843,0.599696,0.908549,0.210554,April
14,0.497914,0.389028,0.491010,0.133026,0.198347,0.504195,0.834294,0.201542,April
15,0.488378,0.372912,0.477193,0.123353,0.176686,0.300517,0.655742,0.341329,April
16,0.407542,0.556399,0.478789,0.111476,0.169160,0.114665,0.205567,0.048776,April
17,0.339830,0.707238,0.478777,0.101310,0.174173,0.018703,0.015986,-0.005911,April
18,0.341523,0.722202,0.488069,0.116730,0.173677,0.003398,-0.014618,-0.015608,April
19,0.255839,0.747773,0.494622,0.155783,0.188547,0.002908,-0.018819,-0.016536,April
20,0.236889,0.766981,0.501006,0.119497,0.174206,0.004070,-0.019507,-0.016464,April
21,0.206318,0.817079,0.513790,0.143385,0.181561,0.005101,-0.019572,-0.016455,April
22,0.191548,0.839717,0.505206,0.155579,0.212742,0.005038,-0.019041,-0.016559,April
23,0.188530,0.848944,0.503885,0.169257,0.228356,0.006659,-0.017845,-0.016312,April
0,0.553760,0.619681,0.684735,0.396277,0.625982,-0.059400,-0.032456,-0.046081,July
1,0.538208,0.548211,0.668860,0.455900,0.690201,-0.062290,-0.033631,-0.047187,July
2,0.540620,0.586055,0.651255,0.395851,0.669608,-0.070467,-0.033527,-0.048009,July
3,0.540274,0.527951,0.651373,0.371135,0.665813,-0.071620,-0.032213,-0.047953,July
4,0.549660,0.387356,0.646889,0.347171,0.578197,-0.052782,-0.007988,-0.040931,July
5,0.594414,0.297401,0.648275,0.361074,0.591487,0.126837,0.039006,0.247478,July
6,0.584094,0.244830,0.663540,0.386488,0.606355,0.232107,0.157841,0.323800,July
7,0.611671,0.212238,0.656442,0.542958,0.636808,0.664855,0.185097,0.705896,July
8,0.640165,0.151940,0.641761,0.707269,0.679413,0.507862,0.295317,0.757794,July
9,0.646176,0.143821,0.664402,0.712319,0.710488,0.785947,0.312242,0.952377,July
10,0.641535,0.131718,0.668222,0.737088,0.685003,0.880356,0.292622,1.017272,July
11,0.640936,0.129317,0.664067,0.755471,0.708852,0.906178,0.315289,1.019223,July
12,0.641298,0.127113,0.654687,0.716878,0.658632,0.829564,0.323919,0.994222,July
13,0.633783,0.133725,0.645209,0.753479,0.708654,0.811857,0.278492,0.971605,July
14,0.608978,0.154433,0.641450,0.754929,0.726220,0.611821,0.286105,0.798183,July
15,0.606003,0.157292,0.633026,0.640070,0.679024,0.456919,0.263701,0.847910,July
16,0.583934,0.252732,0.625751,0.590322,0.596602,0.221519,0.139978,0.749055,July
17,0.565082,0.442365,0.633419,0.410287,0.514789,0.024195,0.035674,0.365554,July
18,0.527610,0.619244,0.634730,0.363847,0.524260,-0.068116,-0.021545,-0.037921,July
19,0.497160,0.664515,0.657358,0.369672,0.554577,-0.072679,-0.032465,-0.048323,July
20,0.501473,0.627954,0.671187,0.368341,0.575644,-0.071693,-0.033374,-0.047073,July
21,0.493651,0.652831,0.682942,0.397668,0.596615,-0.069517,-0.033839,-0.040899,July
22,0.489197,0.675157,0.686075,0.369741,0.602799,-0.069793,-0.033299,-0.048030,July
23,0.487878,0.678643,0.686419,0.362457,0.581648,-0.067508,-0.032086,-0.044916,July
0,0.408444,0.561348,0.329653,0.317107,0.427184,-0.045472,-0.033303,0.004395,November
1,0.421724,0.444643,0.332312,0.436779,0.557440,-0.046509,-0.033300,0.004180,November
2,0.378726,0.471636,0.336561,0.305186,0.473678,-0.046991,-0.033361,0.004099,November
3,0.376001,0.459092,0.336826,0.318800,0.514534,-0.047042,-0.032897,0.004124,November
4,0.398497,0.422200,0.345551,0.419147,0.486304,-0.045836,-0.031397,0.004334,November
5,0.399922,0.466476,0.387702,0.468422,0.556864,-0.043059,-0.031797,0.009312,November
6,0.380602,0.621894,0.433759,0.236134,0.442055,-0.037510,-0.016034,0.013230,November
7,0.409285,0.669673,0.469073,0.168457,0.354833,0.032834,0.160727,0.095256,November
8,0.477210,0.441788,0.436021,0.212473,0.269495,0.145055,0.281802,0.283149,November
9,0.516612,0.316271,0.477068,0.423423,0.396220,0.313991,0.581860,0.436832,November
10,0.519690,0.292223,0.473216,0.557703,0.531050,0.344746,0.688552,0.389603,November
11,0.517452,0.296449,0.458247,0.604681,0.611004,0.355354,0.665349,0.428850,November
12,0.506611,0.342535,0.478773,0.631643,0.635041,0.321518,0.665359,0.321157,November
13,0.500760,0.358234,0.480396,0.639072,0.652094,0.224357,0.605759,0.172837,November
14,0.499024,0.358104,0.481674,0.540113,0.644906,0.183365,0.297054,0.299788,November
15,0.496623,0.423016,0.473318,0.252169,0.500896,0.007410,0.049478,0.143413,November
16,0.420363,0.739516,0.478191,0.165981,0.447331,-0.044133,-0.030372,0.009632,November
17,0.436542,0.724322,0.485536,0.126990,0.317306,-0.046583,-0.033155,0.004467,November
18,0.413685,0.655009,0.484934,0.188277,0.413045,-0.046947,-0.033226,0.004113,November
19,0.407558,0.718947,0.499932,0.145751,0.535389,-0.047069,-0.033376,0.004102,November
20,0.390708,0.816483,0.500883,0.153607,0.509447,-0.047014,-0.033312,0.004106,November
21,0.386772,0.830335,0.501343,0.202465,0.533893,-0.046969,-0.033251,0.004100,November
22,0.385462,0.822856,0.500824,0.161591,0.451424,-0.046579,-0.032677,0.004174,November
23,0.381703,0.832153,0.498583,0.115881,0.314449,-0.046115,-0.031388,0.004360,November
0,0.436690,0.653480,0.640389,0.199798,0.181973,-0.015372,-0.042311,-0.089204,June
1,0.436050,0.637158,0.626045,0.270956,0.248848,-0.017440,-0.042771,-0.090100,June
2,0.426932,0.524429,0.620750,0.367988,0.375731,-0.019617,-0.043115,-0.090464,June
3,0.424044,0.535966,0.615231,0.446004,0.424749,-0.019686,-0.043170,-0.090133,June
4,0.424359,0.605387,0.611854,0.406656,0.435057,-0.016622,0.005718,-0.075079,June
5,0.461838,0.346966,0.639617,0.394289,0.398869,0.170829,0.156309,0.317321,June
6,0.543515,0.215582,0.645861,0.312584,0.276029,0.430752,0.344307,0.605525,June
7,0.657235,0.167803,0.656864,0.258231,0.168907,0.838991,0.534109,0.858151,June
8,0.669168,0.225790,0.645274,0.246244,0.170130,0.724038,0.364412,0.918689,June
9,0.756207,0.097012,0.655518,0.233574,0.168458,0.858835,0.204420,0.915741,June
10,0.809298,0.068777,0.658185,0.431095,0.210436,1.003639,0.343978,0.927379,June
11,0.815656,0.072454,0.654631,0.497168,0.358196,1.008908,0.388232,0.927438,June
12,0.738138,0.306723,0.631695,0.218923,0.179578,0.861795,0.500373,0.872480,June
13,0.748964,0.250108,0.615820,0.242180,0.174177,0.530451,0.581227,0.179931,June
14,0.791829,0.135998,0.610302,0.250577,0.184227,0.692341,0.489461,0.755482,June
15,0.777726,0.116807,0.606278,0.248548,0.171680,0.511080,0.475298,0.815635,June
16,0.747054,0.291124,0.606346,0.394716,0.242311,0.138031,0.297270,0.238376,June
17,0.716858,0.367825,0.608599,0.459919,0.383425,0.049829,0.027840,0.266556,June
18,0.624318,0.614344,0.616301,0.416637,0.386677,-0.014963,-0.031866,-0.058217,June
19,0.521114,0.555451,0.630399,0.373186,0.401524,-0.018516,-0.042109,-0.090002,June
20,0.535650,0.597954,0.652715,0.296461,0.418783,-0.019177,-0.042555,-0.088905,June
21,0.502453,0.749404,0.654061,0.182086,0.203042,-0.018569,-0.041423,-0.087728,June
22,0.465331,0.847224,0.657248,0.151300,0.184415,-0.016792,-0.040407,-0.089810,June
23,0.439707,0.847463,0.657145,0.156359,0.184317,-0.007163,-0.033903,-0.080069,June
0,0.225126,0.600626,0.574614,0.371619,0.470942,-0.036684,-0.031000,-0.035591,April
1,0.228377,0.615475,0.567208,0.316664,0.431631,-0.039991,-0.031250,-0.035173,April
2,0.130860,0.510107,0.564838,0.211946,0.334982,-0.046757,-0.031702,-0.036570,April
3,0.085609,0.717561,0.563328,0.176781,0.198505,-0.045880,-0.031712,-0.028487,April
4,0.085709,0.586886,0.574644,0.098596,0.079704,-0.044264,-0.029578,-0.017276,April
5,0.114091,0.636315,0.613535,0.078839,0.085744,-0.011662,-0.003706,0.048804,April
6,0.193081,0.463470,0.611856,0.063654,0.051945,0.189244,0.110371,0.215138,April
7,0.323080,0.328688,0.611237,0.059641,-0.008727,0.266158,0.228280,0.510386,April
8,0.440853,0.287562,0.612303,0.101356,0.021469,0.681008,0.151116,0.844615,April
9,0.481133,0.207154,0.625915,0.111546,0.040007,0.840615,0.113281,0.901024,April
10,0.501247,0.194776,0.620833,0.139154,0.050976,0.870203,0.208479,0.905518,April
11,0.502217,0.196746,0.632820,0.135968,0.071310,0.853598,0.320626,0.875846,April
12,0.406004,0.240840,0.607093,0.081970,0.000216,0.641919,0.502716,0.420438,April
13,0.433946,0.282864,0.608221,0.103275,0.027596,0.505032,0.509550,0.179782,April
14,0.420405,0.308297,0.598153,0.247994,0.134143,0.526396,0.434192,0.273762,April
15,0.409672,0.286891,0.584405,0.301002,0.252628,0.286615,0.275754,0.411761,April
16,0.387998,0.376348,0.589939,0.254788,0.268698,0.111752,0.077407,0.181706,April
17,0.337744,0.493623,0.595612,0.102477,0.104989,-0.006687,-0.015656,0.041871,April
18,0.249520,0.505846,0.630963,0.121084,0.088674,-0.045935,-0.029802,-0.035677,April
19,0.175835,0.845932,0.661574,0.113846,0.112423,-0.047332,-0.031635,-0.036863,April
20,0.131160,0.901175,0.668125,0.144278,0.234767,-0.047056,-0.031489,-0.036887,April
21,0.147596,0.855619,0.669804,0.194342,0.308598,-0.046095,-0.031106,-0.036549,April
22,0.134090,0.848983,0.671845,0.229097,0.418125,-0.042776,-0.031206,-0.035897,April
23,0.107064,0.935826,0.672244,0.249924,0.403406,-0.033846,-0.030386,-0.033472,April
0,0.487174,1.011726,0.579812,0.207240,0.208014,-0.028707,-0.003776,-0.026547,October
1,0.495646,0.932899,0.576140,0.191070,0.208326,-0.029653,-0.004095,-0.026787,October
2,0.469620,0.947365,0.573457,0.219293,0.209926,-0.029837,-0.004080,-0.026754,October
3,0.488454,0.902209,0.574670,0.240631,0.272912,-0.029723,-0.004127,-0.026580,October
4,0.432329,1.001708,0.574481,0.367233,0.418882,-0.029149,-0.001807,-0.025712,October
5,0.417882,1.018040,0.580085,0.334760,0.367779,-0.022306,0.025729,-0.014236,October
6,0.492115,0.945119,0.604046,0.341949,0.329062,0.068696,0.320738,0.409184,October
7,0.601467,0.727223,0.633259,0.513173,0.428522,0.146515,0.486348,0.347398,October
8,0.643128,0.565387,0.634052,0.492840,0.442374,0.417414,0.534284,0.565495,October
9,0.660212,0.447606,0.653734,0.464890,0.416151,0.567186,0.548350,0.761999,October
10,0.675561,0.377017,0.658566,0.472678,0.416026,0.616928,0.547313,0.813030,October
11,0.684941,0.361483,0.652017,0.492555,0.407798,0.627395,0.521058,0.821029,October
12,0.689195,0.357892,0.654347,0.536159,0.475718,0.608016,0.504224,0.817508,October
13,0.678951,0.365172,0.649685,0.531473,0.467137,0.526091,0.478884,0.812219,October
14,0.656235,0.387291,0.650696,0.509353,0.442388,0.395252,0.401255,0.716518,October
15,0.630886,0.441959,0.659522,0.435669,0.410322,0.118688,0.269168,0.519305,October
16,0.546947,0.645637,0.646101,0.312957,0.353516,-0.010264,0.025846,0.052401,October
17,0.514847,0.723254,0.656894,0.282102,0.368539,-0.027101,-0.002909,-0.021337,October
18,0.472173,0.723700,0.673489,0.300426,0.406554,-0.029857,-0.003753,-0.026716,October
19,0.453247,0.722111,0.677160,0.270029,0.420077,-0.029978,-0.004120,-0.026813,October
20,0.453625,0.851208,0.682972,0.267197,0.337724,-0.029874,-0.004062,-0.026767,October
21,0.422962,0.916057,0.687419,0.202106,0.243743,-0.029635,-0.003905,-0.026734,October
22,0.409716,1.001343,0.690105,0.185676,0.184278,-0.028996,-0.003254,-0.026645,October
23,0.406185,1.021874,0.690852,0.175775,0.175242,-0.026113,0.000514,-0.026215,October
0,0.410577,0.407377,0.609387,0.233719,0.347615,0.007008,-0.037472,-0.052036,September
1,0.396173,0.584933,0.608465,0.221891,0.396550,0.004274,-0.038295,-0.052917,September
2,0.385219,0.667604,0.603143,0.224370,0.345987,0.002657,-0.039217,-0.053086,September
3,0.386185,0.762153,0.578412,0.230647,0.384801,0.002521,-0.039331,-0.052984,September
4,0.384162,0.811362,0.589727,0.256974,0.441481,0.005484,-0.022171,-0.048200,September
5,0.398396,0.817770,0.582238,0.233185,0.388482,0.068942,0.034747,0.032694,September
6,0.445545,0.686489,0.581488,0.254780,0.258830,0.129783,0.235857,0.278508,September
7,0.603235,0.512949,0.578173,0.351898,0.286094,0.466173,0.379140,0.688023,September
8,0.735560,0.255286,0.546510,0.453168,0.310202,0.570759,0.401775,0.673062,September
9,0.754962,0.161071,0.541546,0.504556,0.455854,0.695008,0.456981,0.594207,September
10,0.758268,0.125810,0.540753,0.513991,0.480166,0.776898,0.487008,0.585093,September
11,0.780182,0.167463,0.535066,0.522844,0.504589,0.755049,0.482617,0.359963,September
12,0.745986,0.568386,0.547038,0.533076,0.536179,0.670825,0.443251,0.483367,September
13,0.625141,0.611613,0.536619,0.527883,0.525974,0.586530,0.356894,0.418016,September
14,0.684818,0.522122,0.529774,0.531982,0.549144,0.502136,0.292248,0.610138,September
15,0.710734,0.513679,0.521819,0.536744,0.575085,0.475201,0.308977,0.621039,September
16,0.704498,0.531939,0.525202,0.520070,0.528822,0.066794,0.040945,0.243924,September
17,0.640689,0.590185,0.520961,0.345617,0.352728,0.015051,-0.034579,-0.039760,September
18,0.640773,0.689090,0.520314,0.284848,0.254323,0.008926,-0.038133,-0.052492,September
19,0.617730,0.861144,0.524969,0.248293,0.196480,0.002500,-0.039327,-0.053215,September
20,0.574825,0.897597,0.520414,0.273162,0.215362,0.003998,-0.039035,-0.053119,September
21,0.599830,0.888444,0.517513,0.326105,0.326036,0.003196,-0.039075,-0.053094,September
22,0.623736,0.907704,0.518033,0.380961,0.448370,0.008658,-0.037660,-0.052045,September
23,0.622918,0.893557,0.516020,0.423307,0.416288,0.011267,-0.023702,-0.049379,September
0,0.645477,0.902317,0.591667,0.455131,0.396335,-0.084739,-0.037670,-0.013033,July
1,0.620222,0.894718,0.566195,0.489423,0.492072,-0.085222,-0.038178,-0.013077,July
2,0.596904,0.928118,0.558707,0.671302,0.543224,-0.085400,-0.037971,-0.013083,July
3,0.591240,0.936650,0.560870,0.664703,0.598541,-0.085360,-0.038262,-0.013017,July
4,0.592296,0.941109,0.543822,0.464213,0.492008,-0.084049,-0.034660,-0.011072,July
5,0.636642,0.909027,0.544829,0.595673,0.538161,-0.032681,-0.020171,0.130535,July
6,0.681437,0.807288,0.560501,0.491416,0.467487,0.091405,0.177972,0.732363,July
7,0.768298,0.607202,0.570720,0.349045,0.259894,0.477005,0.380049,0.875451,July
8,0.798669,0.476892,0.568006,0.236560,0.251871,0.748639,0.492961,0.899429,July
9,0.826032,0.370367,0.570841,0.314111,0.272244,0.788045,0.290193,0.873554,July
10,0.865416,0.313673,0.568911,0.507012,0.353408,0.978162,0.472615,0.882939,July
11,0.885622,0.292304,0.546334,0.573978,0.438775,0.981615,0.569705,0.892000,July
12,0.898999,0.245023,0.518218,0.386268,0.309036,0.943864,0.604183,0.893948,July
13,0.899396,0.229151,0.515835,0.299854,0.289961,0.782224,0.637833,0.720413,July
14,0.900577,0.234598,0.509296,0.208238,0.263473,0.433869,0.612348,0.569152,July
15,0.896540,0.254477,0.509321,0.193071,0.247365,0.289259,0.569640,0.496880,July
16,0.849417,0.390664,0.505724,0.295251,0.302249,0.076117,0.240679,0.253033,July
17,0.815225,0.544318,0.508859,0.284814,0.313338,-0.034235,0.014092,0.243792,July
18,0.774584,0.553088,0.511508,0.503895,0.448098,-0.081464,-0.033873,0.015233,July
19,0.675633,0.638030,0.529286,0.602257,0.606102,-0.083943,-0.038035,-0.011884,July
20,0.673380,0.609455,0.539631,0.616138,0.630291,-0.084129,-0.037740,-0.011527,July
21,0.655783,0.691593,0.539989,0.663846,0.616319,-0.082795,-0.036516,-0.011450,July
22,0.647771,0.783391,0.546525,0.610891,0.604006,-0.080108,-0.034115,-0.011605,July
23,0.613914,0.836417,0.555574,0.549478,0.579179,-0.076946,-0.015555,-0.008786,July
0,0.493309,0.978740,0.315517,0.226793,0.337844,-0.050504,-0.046455,-0.087741,April
1,0.490095,0.944546,0.309010,0.290803,0.394018,-0.055396,-0.046856,-0.088620,April
2,0.487933,0.937427,0.304996,0.461154,0.477586,-0.056821,-0.046652,-0.088767,April
3,0.488293,0.923914,0.304973,0.515761,0.603092,-0.056840,-0.047064,-0.088733,April
4,0.486428,0.960116,0.303421,0.492043,0.596953,-0.055664,-0.045224,-0.088154,April
5,0.487279,0.892730,0.303861,0.346682,0.511022,-0.029214,-0.023280,-0.057983,April
6,0.498826,0.799800,0.305042,0.450838,0.507019,0.075912,0.174529,0.363727,April
7,0.514208,0.684889,0.306623,0.529147,0.487091,0.124466,0.292669,0.480579,April
8,0.548208,0.701125,0.304335,0.753919,0.608996,0.553683,0.768576,0.382452,April
9,0.547209,0.676886,0.304546,0.781706,0.607321,0.613700,0.936571,0.334137,April
10,0.556165,0.672958,0.304254,0.674061,0.580286,0.698075,1.040339,0.417945,April
11,0.550738,0.703442,0.305615,0.647406,0.579051,0.642915,1.117233,0.193180,April
12,0.535385,0.710314,0.307380,0.658350,0.498872,0.650420,0.925108,0.220799,April
13,0.532919,0.695455,0.317068,0.723878,0.582213,0.582889,0.967713,0.373471,April
14,0.528623,0.770693,0.321926,0.744292,0.640339,0.234675,0.757389,0.058155,April
15,0.525247,0.745454,0.326638,0.802317,0.662807,0.146584,0.641250,0.045367,April
16,0.502202,0.948267,0.332760,0.778376,0.604541,0.035875,0.095942,0.072776,April
17,0.502687,0.924457,0.330290,0.762859,0.607481,-0.040134,0.031072,-0.058454,April
18,0.504042,0.882210,0.334062,0.592371,0.592321,-0.054271,-0.022624,-0.086239,April
19,0.498366,0.908436,0.339884,0.573495,0.609290,-0.055867,-0.043575,-0.087342,April
20,0.489518,0.975386,0.344115,0.670151,0.587245,-0.050313,-0.043016,-0.086089,April
21,0.491122,0.903147,0.344839,0.505336,0.561188,-0.044170,-0.031397,-0.086083,April
22,0.490898,0.900327,0.344990,0.562370,0.570138,-0.046662,-0.038663,-0.085204,April
23,0.493114,0.867161,0.345001,0.433609,0.541487,-0.004779,-0.039071,-0.070005,April
0,0.335810,0.861692,0.667518,0.216182,0.248550,-0.001220,-0.025054,-0.028784,May
1,0.307890,0.849908,0.665472,0.208049,0.205750,-0.002320,-0.029080,-0.028749,May
2,0.275773,0.876839,0.664772,0.148103,0.133085,-0.002952,-0.027356,-0.028805,May
3,0.278633,0.879102,0.647041,0.121430,0.134166,-0.002575,-0.026178,-0.028353,May
4,0.321582,0.848987,0.626487,0.085850,0.118537,0.003840,-0.010859,-0.023051,May
5,0.337741,0.841243,0.610203,0.069973,0.116833,0.035247,0.040553,0.065786,May
6,0.369373,0.738418,0.629742,0.077039,0.109875,0.120400,0.365975,0.372685,May
7,0.365816,0.672398,0.628936,0.131511,0.114527,0.333484,0.502063,0.457287,May
8,0.474162,0.426053,0.609991,0.264140,0.146472,0.620138,0.682837,0.433768,May
9,0.491070,0.373787,0.621112,0.251478,0.132845,0.737264,0.734085,0.607859,May
10,0.491246,0.448856,0.639987,0.288301,0.133284,0.613525,0.825652,0.227113,May
11,0.430304,0.485959,0.629631,0.307693,0.171701,0.327939,0.944272,0.007104,May
12,0.414854,0.484671,0.622114,0.217719,0.132696,0.508396,0.902356,0.008968,May
13,0.462886,0.514135,0.608426,0.188568,0.132053,0.351388,0.839181,0.009805,May
14,0.399146,0.427591,0.589632,0.203174,0.125851,0.224817,0.429795,0.020490,May
15,0.370938,0.549873,0.578932,0.207737,0.132883,0.211579,0.342946,0.026406,May
16,0.341200,0.723609,0.581499,0.256460,0.191464,0.040118,0.060125,-0.013444,May
17,0.331775,0.763826,0.580513,0.441317,0.360989,0.005613,-0.004977,-0.020708,May
18,0.358377,0.706166,0.587802,0.447713,0.361989,-0.001944,-0.029946,-0.027077,May
19,0.313457,0.532670,0.589642,0.443092,0.378799,0.003759,-0.031905,-0.027064,May
20,0.307958,0.554613,0.602849,0.471726,0.385189,0.005310,-0.031472,-0.025771,May
21,0.310711,0.541093,0.587922,0.482166,0.380238,0.003549,-0.026204,-0.027887,May
22,0.310319,0.539502,0.579806,0.497455,0.382652,0.009387,-0.025851,-0.026685,May
23,0.306362,0.474532,0.576190,0.499913,0.386616,0.026093,-0.016649,-0.014680,May
0,0.430670,0.932516,0.751307,0.187003,0.278618,-0.008618,-0.010032,-0.070432,October
1,0.462963,0.822494,0.746651,0.227798,0.279417,-0.008639,-0.010488,-0.070186,October
2,0.343294,0.930432,0.739804,0.184856,0.229871,-0.010291,-0.010449,-0.071286,October
3,0.323320,1.044819,0.744177,0.139474,0.179879,-0.010439,-0.010582,-0.071285,October
4,0.313450,0.998104,0.739210,0.119751,0.151154,-0.009609,-0.006549,-0.070507,October
5,0.291642,0.968926,0.741592,0.111780,0.121699,0.005207,-0.002489,-0.008344,October
6,0.281490,1.078002,0.749170,0.121633,0.102678,0.049119,0.179230,0.066341,October
7,0.381085,0.920208,0.752629,0.106218,0.051467,0.286630,0.379762,0.518816,October
8,0.494332,0.691889,0.749454,0.150922,0.054923,0.473878,0.354694,0.805013,October
9,0.558042,0.284869,0.752256,0.129945,0.043599,0.615667,0.376430,0.951853,October
10,0.572544,0.231021,0.748094,0.138825,0.040837,0.626304,0.398138,0.916557,October
11,0.593625,0.240991,0.743944,0.128240,0.042724,0.667608,0.426978,0.965885,October
12,0.601948,0.212233,0.727216,0.191853,0.076908,0.635859,0.420894,0.943329,October
13,0.582029,0.203027,0.706942,0.249431,0.143196,0.582409,0.369553,0.958984,October
14,0.552442,0.225148,0.699624,0.238331,0.180931,0.362460,0.293019,0.859627,October
15,0.539958,0.485100,0.693542,0.138869,0.123812,0.171325,0.172163,0.758552,October
16,0.467190,0.778982,0.685395,0.124159,0.107208,0.010023,0.001603,0.021676,October
17,0.407119,0.776514,0.685772,0.202177,0.217096,-0.008067,-0.009682,-0.066363,October
18,0.387533,0.946941,0.689203,0.193938,0.214474,-0.010263,-0.010321,-0.071097,October
19,0.356213,0.975875,0.695288,0.165428,0.229630,-0.010341,-0.010628,-0.071230,October
20,0.341519,1.080770,0.696738,0.151883,0.237485,-0.010044,-0.010659,-0.070821,October
21,0.310695,1.081614,0.696709,0.216582,0.270271,-0.010000,-0.010607,-0.071079,October
22,0.310378,1.083283,0.698471,0.249366,0.289047,-0.009265,-0.010181,-0.070769,October
23,0.310197,1.047718,0.691762,0.261376,0.301496,-0.007365,-0.007501,-0.069949,October
0,0.399067,0.856026,0.654905,0.295116,0.415211,-0.001888,-0.052442,-0.061622,September
1,0.396340,0.859377,0.654368,0.248811,0.401698,-0.001185,-0.053122,-0.065976,September
2,0.369286,0.920023,0.634340,0.230812,0.376070,-0.003104,-0.053514,-0.067455,September
3,0.321070,1.017982,0.626521,0.211325,0.381578,-0.010511,-0.053147,-0.067964,September
4,0.303479,1.027517,0.635357,0.195560,0.315151,-0.009742,-0.038064,-0.067546,September
5,0.323447,1.020411,0.642292,0.307976,0.401643,0.042456,0.025392,-0.017683,September
6,0.403710,0.949222,0.648400,0.313908,0.402366,0.143795,0.121867,0.123973,September
7,0.578450,0.709563,0.645981,0.321822,0.400896,0.319309,0.219412,0.532944,September
8,0.614201,0.297126,0.657695,0.297164,0.344665,0.593459,0.245276,0.861272,September
9,0.675309,0.213860,0.675471,0.315607,0.310618,0.740291,0.367890,0.879077,September
10,0.687965,0.178542,0.672957,0.319193,0.312420,0.790735,0.384203,0.888893,September
11,0.691222,0.190437,0.668248,0.331109,0.342012,0.791335,0.375002,0.870841,September
12,0.632180,0.434056,0.672235,0.356161,0.387409,0.670579,0.421030,0.638624,September
13,0.596666,0.448278,0.658665,0.352616,0.373517,0.429146,0.414053,0.170051,September
14,0.646542,0.297028,0.650564,0.328221,0.347236,0.486876,0.295358,0.574703,September
15,0.656100,0.290714,0.631457,0.263497,0.302570,0.240733,0.197571,0.634816,September
16,0.604097,0.375956,0.622444,0.168585,0.212980,0.057878,0.054248,0.290127,September
17,0.542868,0.687358,0.622414,0.162885,0.170311,0.003658,-0.040449,-0.012276,September
18,0.520122,0.734554,0.621400,0.190473,0.263505,-0.009002,-0.051840,-0.065378,September
19,0.455695,0.843153,0.633204,0.212247,0.362691,-0.010881,-0.053400,-0.067942,September
20,0.453276,0.843109,0.624812,0.201568,0.359027,-0.010663,-0.053536,-0.067852,September
21,0.368103,0.892298,0.621072,0.199427,0.349847,-0.010441,-0.053588,-0.067736,September
22,0.334966,0.990847,0.616915,0.169831,0.324592,-0.009918,-0.053366,-0.067633,September
23,0.325784,1.020226,0.616933,0.161444,0.293001,-0.009922,-0.052025,-0.066742,September
0,0.067736,0.913078,0.692928,0.407506,0.474062,-0.053786,-0.017477,-0.074376,April
1,0.063294,0.926953,0.686943,0.282002,0.374454,-0.058496,-0.018992,-0.076033,April
2,0.061107,0.922598,0.684155,0.202112,0.315140,-0.061460,-0.019492,-0.076494,April
3,0.055403,0.944465,0.691408,0.140618,0.259408,-0.061712,-0.019462,-0.075681,April
4,0.061242,0.927191,0.710356,0.168433,0.218138,-0.052513,0.006637,-0.065996,April
5,0.127899,0.785712,0.719694,0.137580,0.257648,0.011240,0.173393,0.011887,April
6,0.183781,0.704930,0.716879,0.094429,0.244306,0.195163,0.234820,0.165780,April
7,0.241159,0.675882,0.714044,0.064611,0.104948,0.237759,0.470024,0.293108,April
8,0.369189,0.545482,0.721433,0.163037,0.090470,0.539201,0.457000,0.634419,April
9,0.422988,0.319565,0.732063,0.296822,0.198031,0.791291,0.502857,0.871052,April
10,0.452953,0.269227,0.724082,0.301661,0.227503,0.891636,0.464427,0.894904,April
11,0.452924,0.258971,0.729316,0.328679,0.215856,0.906565,0.379473,0.896236,April
12,0.442259,0.315049,0.714969,0.428955,0.344846,0.780348,0.417218,0.877109,April
13,0.402804,0.329401,0.706492,0.452997,0.444776,0.665123,0.471643,0.824337,April
14,0.393569,0.397137,0.693267,0.463281,0.477904,0.595658,0.409337,0.784266,April
15,0.382241,0.402066,0.680892,0.448091,0.490222,0.379788,0.400789,0.770226,April
16,0.376346,0.499622,0.679872,0.328270,0.321488,0.104303,0.192094,0.527210,April
17,0.291040,0.669523,0.685257,0.115412,0.143761,-0.000843,0.027241,0.265295,April
18,0.233633,0.774857,0.697221,0.146763,0.314712,-0.059647,-0.017077,-0.071486,April
19,0.166791,0.916846,0.713508,0.234924,0.423057,-0.062123,-0.019228,-0.076517,April
20,0.183095,0.907446,0.722728,0.381208,0.492109,-0.061657,-0.019350,-0.076412,April
21,0.120345,0.923084,0.726512,0.365267,0.484422,-0.061304,-0.019206,-0.075791,April
22,0.107301,0.970208,0.727003,0.285533,0.437587,-0.058186,-0.018927,-0.074919,April
23,0.087655,0.990824,0.718778,0.250247,0.407854,-0.057618,-0.016155,-0.074163,April
0,0.090253,0.825938,0.673896,0.559552,0.493722,-0.073370,-0.026071,-0.050557,March
1,0.078034,0.855885,0.662920,0.424801,0.410105,-0.075435,-0.026995,-0.051185,March
2,0.069382,0.870763,0.652532,0.354756,0.344261,-0.075660,-0.027147,-0.051272,March
3,0.065059,0.875654,0.675931,0.248085,0.287214,-0.075687,-0.027112,-0.051179,March
4,0.069605,0.866167,0.647685,0.236806,0.309604,-0.074887,-0.023584,-0.050305,March
5,0.074638,0.833878,0.670446,0.275014,0.398853,-0.063967,-0.008990,0.001457,March
6,0.147518,0.819718,0.692990,0.275714,0.435028,-0.003549,0.164751,0.116968,March
7,0.212750,0.755048,0.709476,0.135152,0.313613,0.187573,0.604499,0.453948,March
8,0.301055,0.684059,0.735299,0.142169,0.197335,0.456147,0.302481,0.671008,March
9,0.317226,0.533870,0.737336,0.131847,0.151964,0.615302,0.292028,0.693198,March
10,0.357549,0.398705,0.720129,0.105548,0.148061,0.710746,0.552183,0.695014,March
11,0.362882,0.341610,0.687653,0.112434,0.140286,0.694025,0.636112,0.621949,March
12,0.368186,0.322219,0.646893,0.381208,0.253965,0.653747,0.667576,0.428913,March
13,0.362330,0.322533,0.637054,0.387177,0.273804,0.613390,0.573508,0.613309,March
14,0.357623,0.327297,0.626896,0.407310,0.293812,0.467033,0.534868,0.569656,March
15,0.341751,0.351292,0.619592,0.377592,0.319180,0.281830,0.499601,0.420971,March
16,0.337077,0.532522,0.613768,0.406697,0.374441,-0.009557,0.105098,0.086300,March
17,0.273519,0.675182,0.617450,0.549912,0.491213,-0.072013,-0.014588,-0.047135,March
18,0.222156,0.732299,0.627372,0.532571,0.464044,-0.075513,-0.022728,-0.051232,March
19,0.212330,0.749939,0.624155,0.481577,0.401689,-0.075680,-0.026482,-0.051257,March
20,0.200868,0.793495,0.634832,0.519217,0.433279,-0.074868,-0.027027,-0.050981,March
21,0.174728,0.727109,0.651291,0.461664,0.377586,-0.073699,-0.027084,-0.050791,March
22,0.120769,0.738710,0.656854,0.392898,0.282539,-0.070890,-0.026718,-0.049960,March
23,0.128546,0.786704,0.667860,0.241724,0.205203,-0.056705,-0.022646,-0.045156,March
0,0.614340,0.779844,0.549535,0.563114,0.589751,-0.014521,-0.048743,-0.056698,September
1,0.601327,0.827863,0.549508,0.469795,0.577623,-0.016489,-0.051485,-0.057177,September
2,0.625986,0.870291,0.550315,0.507429,0.563880,-0.018616,-0.051909,-0.057288,September
3,0.603119,0.907834,0.550781,0.410071,0.499981,-0.018399,-0.052265,-0.057247,September
4,0.544925,0.943929,0.552530,0.522687,0.580095,-0.017914,-0.049849,-0.056926,September
5,0.502629,0.925429,0.559765,0.463651,0.546001,-0.015252,-0.050217,-0.045689,September
6,0.640778,0.867051,0.561492,0.487396,0.571600,0.110438,0.043297,0.409651,September
7,0.669727,0.731955,0.578146,0.385471,0.500702,0.171504,0.182009,0.574492,September
8,0.663703,0.494922,0.595472,0.487645,0.509101,0.466213,0.311499,0.225557,September
9,0.697649,0.434669,0.609629,0.412171,0.443080,0.623470,0.325862,0.345254,September
10,0.707642,0.265785,0.608860,0.370506,0.358301,0.783353,0.456317,0.618873,September
11,0.712913,0.303521,0.603535,0.344498,0.316636,0.782825,0.368532,0.640385,September
12,0.704711,0.365741,0.617199,0.387954,0.350433,0.710861,0.436585,0.401034,September
13,0.690255,0.360711,0.622254,0.347559,0.314532,0.650130,0.373320,0.571361,September
14,0.662805,0.389960,0.623823,0.350154,0.286658,0.508938,0.333309,0.489175,September
15,0.600012,0.508417,0.628312,0.331383,0.289822,0.169345,0.114251,0.384608,September
16,0.560398,0.644941,0.612184,0.306732,0.284461,0.010248,0.002260,0.035115,September
17,0.513910,0.782998,0.621955,0.261617,0.249087,-0.016226,-0.049899,-0.050438,September
18,0.442030,0.819324,0.621848,0.269105,0.238328,-0.018689,-0.052133,-0.057252,September
19,0.398371,0.930545,0.621899,0.283388,0.244506,-0.018841,-0.052323,-0.057296,September
20,0.388776,0.943410,0.627326,0.459674,0.339589,-0.018666,-0.052212,-0.057296,September
21,0.384501,0.949978,0.626744,0.520973,0.450292,-0.018215,-0.052173,-0.057243,September
22,0.384871,0.943455,0.628332,0.487651,0.389126,-0.016987,-0.051864,-0.057036,September
23,0.383421,0.952486,0.624598,0.433600,0.364960,-0.014690,-0.048045,-0.055729,September
0,0.183479,0.780033,0.850325,0.232464,0.344544,-0.068599,-0.037539,-0.032408,December
1,0.179574,0.781576,0.847260,0.234114,0.345111,-0.069360,-0.038020,-0.032654,December
2,0.177601,0.783584,0.848124,0.233783,0.345916,-0.069460,-0.038018,-0.032656,December
3,0.179513,0.782255,0.848257,0.244285,0.359262,-0.069460,-0.038053,-0.032651,December
4,0.179348,0.787888,0.849178,0.274948,0.370417,-0.069235,-0.037530,-0.032614,December
5,0.185086,0.776833,0.850108,0.250970,0.375168,-0.068274,-0.037125,-0.032131,December
6,0.184402,0.766772,0.867305,0.335851,0.444358,-0.055636,-0.014909,-0.009394,December
7,0.193968,0.733792,0.875621,0.592560,0.526825,0.043742,0.124242,0.129628,December
8,0.267039,0.629610,0.867718,0.596748,0.469865,0.209315,0.380932,0.536018,December
9,0.282753,0.548417,0.873238,0.630025,0.431142,0.363835,0.373560,0.617815,December
10,0.296703,0.591406,0.888252,0.688512,0.473548,0.379874,0.399201,0.372057,December
11,0.301650,0.490192,0.882420,0.694019,0.539649,0.419327,0.404136,0.543469,December
12,0.321419,0.400700,0.872727,0.504639,0.379414,0.410030,0.349418,0.591330,December
13,0.321142,0.395721,0.857479,0.404589,0.363649,0.246384,0.333585,0.597215,December
14,0.307962,0.405041,0.866963,0.415620,0.384965,0.116891,0.162471,0.527338,December
15,0.249353,0.446097,0.869580,0.372320,0.388849,-0.012747,0.000988,0.245686,December
16,0.267870,0.595468,0.875194,0.519436,0.445280,-0.062429,-0.033272,-0.021370,December
17,0.272964,0.536287,0.880552,0.675644,0.548689,-0.066837,-0.037040,-0.031942,December
18,0.282033,0.543820,0.884592,0.674327,0.550828,-0.069078,-0.037361,-0.032545,December
19,0.266412,0.484449,0.869232,0.675887,0.565730,-0.068674,-0.037827,-0.032031,December
20,0.248550,0.503334,0.871679,0.635206,0.563669,-0.065579,-0.037901,-0.031378,December
21,0.254421,0.435274,0.876174,0.641552,0.555443,-0.067991,-0.037528,-0.032129,December
22,0.263133,0.423511,0.886312,0.672420,0.569933,-0.062200,-0.035767,-0.018252,December
23,0.237072,0.410939,0.884985,0.704273,0.574964,-0.049378,-0.033522,-0.008568,December
0,0.287132,0.760203,0.517587,0.389459,0.471576,-0.015671,-0.029685,-0.009001,May
1,0.260012,0.872369,0.508033,0.373226,0.448624,-0.019059,-0.036333,-0.009443,May
2,0.245356,0.951256,0.510476,0.206800,0.385851,-0.021038,-0.036941,-0.009527,May
3,0.237857,0.960616,0.540153,0.133432,0.233717,-0.020535,-0.036797,-0.009331,May
4,0.238270,0.957038,0.552336,0.072911,0.131114,-0.017093,-0.000594,0.000774,May
5,0.268603,0.940733,0.569241,0.079033,0.133321,0.124761,0.218804,0.420179,May
6,0.318505,0.885790,0.580012,0.066915,0.072533,0.247653,0.553729,0.516250,May
7,0.447950,0.724989,0.591060,0.064426,0.049964,0.569794,0.645098,0.728970,May
8,0.574001,0.451577,0.596516,0.118399,0.055259,0.663118,0.700845,0.767901,May
9,0.554230,0.390060,0.600278,0.134929,0.064348,0.836800,0.735332,0.808255,May
10,0.594687,0.340260,0.600495,0.322727,0.177928,0.877602,0.743942,0.781007,May
11,0.592694,0.346594,0.592000,0.495660,0.347689,0.876252,0.759494,0.762156,May
12,0.626771,0.323917,0.539313,0.543505,0.384065,0.835965,0.733373,0.722461,May
13,0.622148,0.320286,0.473079,0.552162,0.428451,0.713338,0.708920,0.682695,May
14,0.626540,0.319753,0.453556,0.523040,0.438620,0.704682,0.577117,0.774107,May
15,0.620570,0.312784,0.436849,0.496517,0.401590,0.540799,0.555127,0.742275,May
16,0.560287,0.346523,0.445913,0.435156,0.395354,0.249304,0.340880,0.310832,May
17,0.508540,0.458755,0.460286,0.310807,0.363954,0.121591,0.199991,0.277503,May
18,0.430888,0.666896,0.477007,0.341470,0.407379,-0.019347,0.001021,-0.007570,May
19,0.362927,0.779464,0.502123,0.305750,0.441530,-0.020951,-0.029225,-0.009510,May
20,0.444426,0.707090,0.514027,0.160219,0.399756,-0.019382,-0.036869,-0.008930,May
21,0.363297,0.814449,0.504132,0.194620,0.330049,-0.018370,-0.037168,-0.005873,May
22,0.300987,0.868116,0.474135,0.121633,0.341557,-0.017968,-0.037190,-0.007631,May
23,0.263945,0.907281,0.466448,0.106794,0.300240,-0.016530,-0.036285,-0.006725,May
0,0.585114,0.897124,0.498198,0.255111,0.387944,-0.082420,-0.088633,-0.042817,August
1,0.575876,0.863646,0.491602,0.326931,0.414475,-0.085258,-0.090000,-0.043162,August
2,0.570266,0.914716,0.486970,0.313362,0.402357,-0.087244,-0.090356,-0.043130,August
3,0.569134,0.889582,0.483730,0.311381,0.437643,-0.086241,-0.090053,-0.041396,August
4,0.569900,0.776175,0.484298,0.250031,0.374143,-0.082967,-0.077474,-0.009925,August
5,0.585227,0.643790,0.495075,0.260630,0.384639,0.034870,0.104102,0.492975,August
6,0.666179,0.402426,0.500850,0.258320,0.451782,0.200191,0.453348,0.701213,August
7,0.727338,0.297417,0.501024,0.394327,0.501859,0.366824,0.419111,0.746565,August
8,0.755497,0.302492,0.501174,0.608632,0.571593,0.682829,0.560409,0.766912,August
9,0.784399,0.271640,0.510309,0.599274,0.554457,0.798227,0.621406,0.785981,August
10,0.796061,0.265884,0.502694,0.550062,0.547158,0.887826,0.652656,0.836037,August
11,0.799436,0.267497,0.499971,0.576799,0.570072,0.912645,0.578846,0.839665,August
12,0.774750,0.364342,0.502776,0.634977,0.581631,0.864393,0.492309,0.833398,August
13,0.733912,0.494151,0.499906,0.656171,0.578622,0.734564,0.524076,0.735965,August
14,0.752536,0.383970,0.498070,0.591212,0.566334,0.640876,0.484510,0.721517,August
15,0.776127,0.311991,0.493754,0.541992,0.557174,0.391706,0.433070,0.728029,August
16,0.744987,0.422228,0.501811,0.541797,0.493333,0.111428,0.106133,0.435550,August
17,0.720517,0.510536,0.508112,0.436901,0.474931,-0.038859,-0.017689,0.171867,August
18,0.708833,0.435186,0.512238,0.307901,0.467676,-0.083136,-0.085715,-0.023973,August
19,0.667274,0.534055,0.516576,0.284810,0.451288,-0.084851,-0.090375,-0.039317,August
20,0.616414,0.662462,0.521321,0.292424,0.440869,-0.084264,-0.090318,-0.039620,August
21,0.591514,0.676383,0.524022,0.305086,0.478931,-0.085728,-0.089990,-0.041625,August
22,0.590849,0.797099,0.526610,0.281678,0.476650,-0.083592,-0.089093,-0.042271,August
23,0.589550,0.712424,0.528154,0.267702,0.475873,-0.080464,-0.088312,-0.032112,August
0,0.381043,0.827929,0.548504,0.637610,0.651394,-0.024424,-0.030013,-0.025897,May
1,0.377171,0.801356,0.535554,0.652097,0.653050,-0.028977,-0.030927,-0.026347,May
2,0.370979,0.817097,0.535857,0.653352,0.639963,-0.030171,-0.031040,-0.026445,May
3,0.364505,0.816515,0.533079,0.600470,0.594808,-0.030045,-0.031038,-0.026101,May
4,0.366572,0.817888,0.534153,0.341726,0.510473,-0.029249,-0.025346,-0.020863,May
5,0.391535,0.716888,0.549465,0.328090,0.394828,0.058896,0.109069,0.155853,May
6,0.440217,0.618498,0.552458,0.271578,0.261790,0.357732,0.177105,0.355219,May
7,0.467127,0.577726,0.562022,0.252349,0.226484,0.494091,0.355128,0.574933,May
8,0.510619,0.584629,0.551263,0.304321,0.234510,0.685824,0.439762,0.701683,May
9,0.558383,0.465589,0.552933,0.323749,0.215111,0.816835,0.497073,0.655580,May
10,0.574792,0.436149,0.566556,0.223859,0.210021,0.874669,0.619606,0.614249,May
11,0.569764,0.414185,0.545716,0.232705,0.208845,0.905187,0.637833,0.668378,May
12,0.573072,0.434934,0.539787,0.447762,0.281131,0.868527,0.543661,0.636184,May
13,0.558447,0.419094,0.537866,0.594115,0.304731,0.804308,0.472122,0.701827,May
14,0.552277,0.405537,0.538472,0.445150,0.276796,0.692487,0.389438,0.739764,May
15,0.529208,0.399046,0.539675,0.449611,0.270755,0.533585,0.261892,0.680921,May
16,0.484303,0.545956,0.550575,0.346047,0.357938,0.184688,0.121719,0.597055,May
17,0.483805,0.591294,0.550825,0.280759,0.289180,0.056897,-0.013669,0.336654,May
18,0.479683,0.602462,0.577953,0.253242,0.283398,-0.014105,-0.029845,0.014701,May
19,0.407399,0.641554,0.589580,0.306747,0.366534,-0.029049,-0.030876,-0.025960,May
20,0.394347,0.704530,0.615831,0.276199,0.384369,-0.029150,-0.030453,-0.026076,May
21,0.375409,0.755018,0.634609,0.425545,0.407874,-0.028916,-0.028417,-0.025846,May
22,0.376870,0.735512,0.640145,0.328507,0.556104,-0.024524,-0.027338,-0.025851,May
23,0.362215,0.747909,0.641012,0.460187,0.553708,-0.020214,-0.027541,-0.025028,May
0,0.237879,0.976237,0.761646,0.164005,0.176090,-0.044467,-0.017587,-0.047143,May
1,0.234084,0.953816,0.757608,0.114859,0.101209,-0.048184,-0.018164,-0.047330,May
2,0.208254,0.993169,0.749587,0.144171,0.127378,-0.049350,-0.018599,-0.047514,May
3,0.208853,0.980053,0.750742,0.190417,0.205951,-0.049695,-0.018671,-0.047212,May
4,0.217778,0.897933,0.748877,0.271421,0.296604,-0.046485,-0.005449,-0.044503,May
5,0.355227,0.817226,0.763298,0.258602,0.269708,0.086238,0.077329,0.341571,May
6,0.451471,0.307307,0.767281,0.196510,0.254202,0.316370,0.197840,0.628419,May
7,0.458169,0.265533,0.773569,0.253909,0.215095,0.415021,0.297282,0.743030,May
8,0.523377,0.183812,0.782621,0.311539,0.269142,0.747296,0.282007,0.892551,May
9,0.512993,0.158729,0.783464,0.321075,0.282035,0.826765,0.306127,0.908254,May
10,0.556216,0.102055,0.783047,0.322995,0.294830,0.961860,0.320758,0.901393,May
11,0.561031,0.094473,0.775004,0.327687,0.281393,0.975216,0.369799,0.936105,May
12,0.567972,0.027348,0.761840,0.296790,0.243233,0.961951,0.349791,0.942309,May
13,0.569454,0.020590,0.754016,0.283884,0.211023,0.833079,0.435758,0.737991,May
14,0.571763,0.015703,0.747610,0.204224,0.187268,0.661783,0.389998,0.681057,May
15,0.562271,0.019727,0.743603,0.180462,0.117837,0.417272,0.331110,0.564868,May
16,0.512443,0.198454,0.747862,0.173369,0.152497,0.195402,0.181171,0.402855,May
17,0.452382,0.325648,0.745326,0.163376,0.153168,0.021986,0.025766,0.335277,May
18,0.421771,0.472990,0.754134,0.187269,0.170526,-0.045028,-0.016860,-0.030745,May
19,0.380570,0.652652,0.763561,0.193939,0.158597,-0.049884,-0.018595,-0.047479,May
20,0.344843,0.584593,0.770477,0.143359,0.120048,-0.049590,-0.018599,-0.047406,May
21,0.319498,0.586465,0.770069,0.197965,0.186662,-0.048542,-0.018382,-0.046976,May
22,0.261524,0.799204,0.773292,0.228332,0.252385,-0.047681,-0.018196,-0.047320,May
23,0.240649,0.865742,0.771584,0.211081,0.259485,-0.040139,-0.017611,-0.046603,May
0,0.397314,0.903240,0.331495,0.269660,0.387253,-0.027454,-0.011628,0.003249,November
1,0.397334,0.883021,0.339943,0.151082,0.331586,-0.031041,-0.029156,0.002855,November
2,0.411425,0.886528,0.310035,0.100859,0.368754,-0.031353,-0.047181,0.002847,November
3,0.428071,0.839952,0.318014,0.018300,0.147517,-0.030266,-0.046275,0.002977,November
4,0.350882,0.916322,0.324076,0.011110,0.021623,-0.026865,-0.047706,0.003389,November
5,0.336774,0.916121,0.318372,0.022156,-0.021336,-0.030626,-0.047101,0.002844,November
6,0.346646,0.914078,0.327539,0.008862,-0.045970,-0.020521,-0.033665,0.004416,November
7,0.370386,0.899179,0.325733,0.068741,-0.025939,-0.003290,0.015469,0.005078,November
8,0.367357,0.915184,0.357251,0.194656,0.167338,0.015703,0.539810,0.005572,November
9,0.403526,0.908390,0.344594,0.193493,0.270045,0.039906,0.635554,0.006113,November
10,0.410064,0.886740,0.335113,0.117508,0.087779,0.064244,0.685366,0.017596,November
11,0.418671,0.823010,0.304326,0.097422,0.055799,0.186294,0.603052,0.076270,November
12,0.398400,0.881041,0.320409,0.200843,0.192360,0.157601,0.480924,0.071428,November
13,0.400399,0.883632,0.303088,0.158090,0.149506,0.074343,0.253945,0.020125,November
14,0.415056,0.855505,0.314384,0.177017,0.176862,0.081143,0.221330,0.040821,November
15,0.390647,0.839490,0.313496,0.186955,0.220457,0.003447,-0.000292,0.021151,November
16,0.356384,0.828747,0.320359,0.256594,0.285460,-0.029206,-0.029528,0.003749,November
17,0.356683,0.842850,0.330867,0.069857,0.134843,-0.030945,-0.048623,0.002900,November
18,0.328550,0.851138,0.340915,0.111522,0.231138,-0.031400,-0.049977,0.002842,November
19,0.325640,0.842653,0.348737,0.180276,0.373095,-0.031331,-0.050205,0.002998,November
20,0.324908,0.779318,0.372932,0.114957,0.259876,-0.031245,-0.050714,0.002952,November
21,0.321628,0.819816,0.367584,0.094148,0.220123,-0.031453,-0.050740,0.002833,November
22,0.321840,0.818602,0.382972,0.072423,0.222881,-0.031030,-0.049388,0.002850,November
23,0.319465,0.813811,0.385319,0.029815,0.043011,-0.030651,-0.049182,0.003019,November
0,0.289312,0.679404,0.570543,0.125963,0.251862,-0.024980,-0.024586,-0.024937,May
1,0.294329,0.680385,0.566835,0.116626,0.239324,-0.026521,-0.026216,-0.026259,May
2,0.291090,0.808547,0.555579,0.135308,0.254306,-0.027265,-0.026447,-0.026195,May
3,0.285302,0.729782,0.555587,0.094219,0.257797,-0.028257,-0.026428,-0.025697,May
4,0.296369,0.780356,0.572467,0.179482,0.301086,-0.022232,0.022925,-0.013858,May
5,0.344454,0.439945,0.587425,0.216398,0.300793,0.101663,0.443590,0.346370,May
6,0.410644,0.399877,0.600464,0.158495,0.156476,0.238657,0.498667,0.608530,May
7,0.549616,0.262162,0.599166,0.129823,0.197799,0.406799,0.724095,0.570989,May
8,0.615415,0.283419,0.598149,0.201124,0.101308,0.583994,0.567568,0.841801,May
9,0.657076,0.162963,0.619915,0.199316,0.051909,0.837014,0.490233,0.920807,May
10,0.677551,0.183700,0.618083,0.237032,0.114342,0.923122,0.511119,0.908084,May
11,0.671630,0.270443,0.593392,0.260532,0.137510,0.914166,0.634781,0.884059,May
12,0.686287,0.122106,0.566669,0.224415,0.069655,0.821497,0.614707,0.895614,May
13,0.679023,0.087540,0.559693,0.283922,0.130462,0.811523,0.694338,0.913523,May
14,0.670715,0.097586,0.552668,0.228087,0.160365,0.638663,0.461736,0.879756,May
15,0.637249,0.122689,0.549189,0.160201,0.097048,0.392709,0.459506,0.828444,May
16,0.614241,0.259420,0.547704,0.135928,0.086437,0.199984,0.268740,0.384532,May
17,0.547946,0.334322,0.548855,0.134474,0.156577,0.100923,0.107838,0.568029,May
18,0.501680,0.382740,0.559210,0.111151,0.148406,-0.023595,-0.021837,0.018650,May
19,0.410575,0.530737,0.576119,0.116278,0.168561,-0.027934,-0.026084,-0.026432,May
20,0.385944,0.689072,0.614875,0.217620,0.262048,-0.027652,-0.026139,-0.026279,May
21,0.360487,0.688000,0.623247,0.261801,0.301408,-0.026576,-0.024311,-0.025742,May
22,0.331968,0.816141,0.630933,0.250263,0.293843,-0.024834,-0.024862,-0.026760,May
23,0.338392,0.843294,0.631934,0.189770,0.271640,-0.017332,-0.022866,-0.024949,May
0,0.318507,0.690991,0.485415,0.499070,0.478156,-0.029569,-0.007907,0.008792,November
1,0.325621,0.728759,0.476196,0.326566,0.387746,-0.030105,-0.008188,0.008572,November
2,0.295457,0.727133,0.442215,0.349213,0.407707,-0.030374,-0.008246,0.008570,November
3,0.295000,0.803869,0.437418,0.404298,0.365934,-0.030321,-0.008244,0.008829,November
4,0.264873,0.870169,0.451103,0.499186,0.528156,-0.030281,-0.007357,0.009450,November
5,0.256486,0.891316,0.467914,0.452823,0.497470,-0.028822,-0.005981,0.010994,November
6,0.276902,0.879361,0.492279,0.465342,0.444249,-0.009437,0.037523,0.028289,November
7,0.372414,0.795989,0.550416,0.275945,0.287190,0.124320,0.284022,0.249101,November
8,0.424953,0.812920,0.572902,0.306568,0.314029,0.242573,0.291233,0.511918,November
9,0.486976,0.631136,0.586767,0.321797,0.294598,0.468414,0.303102,0.804223,November
10,0.503898,0.407542,0.546235,0.256379,0.251012,0.498533,0.309847,0.833235,November
11,0.510944,0.331780,0.514778,0.237044,0.243417,0.506677,0.266914,0.834678,November
12,0.514277,0.307285,0.556516,0.363146,0.268360,0.465383,0.297074,0.806139,November
13,0.513135,0.298299,0.544478,0.287763,0.269126,0.414820,0.284129,0.780005,November
14,0.506157,0.318841,0.551016,0.305583,0.275600,0.291044,0.208442,0.637363,November
15,0.484060,0.455004,0.547431,0.277207,0.302312,0.071791,0.112951,0.369806,November
16,0.388836,0.724867,0.557537,0.497613,0.468886,-0.023822,0.002625,0.040232,November
17,0.344891,0.815559,0.540213,0.564374,0.545269,-0.029918,-0.007740,0.009557,November
18,0.324375,0.852936,0.539829,0.587861,0.596311,-0.030284,-0.008052,0.008566,November
19,0.310985,0.867977,0.531052,0.593649,0.610763,-0.030329,-0.008182,0.008670,November
20,0.362122,0.840770,0.509503,0.598070,0.613611,-0.029751,-0.008225,0.009240,November
21,0.360994,0.806987,0.481094,0.596591,0.610417,-0.030095,-0.008225,0.008642,November
22,0.364817,0.818291,0.453669,0.582243,0.611899,-0.029322,-0.007955,0.009370,November
23,0.361398,0.781765,0.439553,0.516414,0.587182,-0.028193,-0.004614,0.011424,November
0,0.333728,0.889274,0.687955,0.411909,0.463067,-0.063035,-0.034222,-0.054018,May
1,0.308152,0.865643,0.686922,0.330053,0.417053,-0.065051,-0.034279,-0.054175,May
2,0.295941,0.931559,0.686444,0.252533,0.272044,-0.067523,-0.034392,-0.054211,May
3,0.280519,0.995625,0.686584,0.246128,0.252263,-0.067343,-0.034115,-0.054130,May
4,0.278238,1.009189,0.689200,0.232114,0.230505,-0.064333,-0.011165,-0.051397,May
5,0.316750,1.001373,0.696146,0.265178,0.290004,0.099516,0.124756,0.194986,May
6,0.453725,0.831616,0.703839,0.298521,0.264105,0.494850,0.221196,0.818938,May
7,0.534851,0.448155,0.699356,0.441332,0.308170,0.608715,0.364798,0.873896,May
8,0.595811,0.259703,0.700409,0.361070,0.295715,0.779510,0.365164,0.916516,May
9,0.613366,0.208512,0.709297,0.453417,0.344944,0.907317,0.284505,0.917486,May
10,0.612842,0.230165,0.723898,0.463042,0.331047,0.979479,0.395819,0.869086,May
11,0.596448,0.396879,0.720365,0.481505,0.375330,0.966807,0.422828,0.730746,May
12,0.627850,0.193704,0.709780,0.472476,0.323538,0.891308,0.358442,0.815126,May
13,0.625591,0.137180,0.723727,0.505693,0.440923,0.877128,0.327768,0.915315,May
14,0.612978,0.238908,0.729154,0.481710,0.446041,0.558722,0.239278,0.724867,May
15,0.603739,0.359977,0.732662,0.377288,0.370184,0.327187,0.238494,0.590277,May
16,0.531127,0.604409,0.738039,0.340343,0.296533,0.170218,0.156043,0.644065,May
17,0.496224,0.721187,0.738997,0.341275,0.301390,-0.022602,0.012729,0.297118,May
18,0.483665,0.771015,0.745662,0.279941,0.308233,-0.062588,-0.032160,-0.036843,May
19,0.459054,0.865253,0.740066,0.275149,0.311948,-0.059799,-0.035289,-0.048023,May
20,0.394412,0.935430,0.748285,0.258367,0.315683,-0.064137,-0.035324,-0.049539,May
21,0.356871,0.916052,0.746840,0.271386,0.335699,-0.064557,-0.034725,-0.051498,May
22,0.401640,0.885590,0.751261,0.274922,0.371261,-0.058851,-0.034566,-0.045953,May
23,0.377396,0.772386,0.751493,0.300373,0.420955,-0.048826,-0.034132,-0.039199,May
0,0.568791,0.801939,0.539696,0.188517,0.361207,-0.030370,-0.095789,-0.074664,July
1,0.567544,0.817495,0.536186,0.458500,0.422800,-0.036032,-0.095308,-0.076559,July
2,0.576323,0.829873,0.520273,0.426042,0.432450,-0.039088,-0.098478,-0.076745,July
3,0.555892,0.744895,0.520108,0.330891,0.415853,-0.036318,-0.099066,-0.076403,July
4,0.548285,0.876462,0.513322,0.214763,0.385777,-0.035742,-0.078336,-0.058829,July
5,0.594080,0.860317,0.509735,0.255458,0.387522,0.098492,0.143277,0.173099,July
6,0.669846,0.803986,0.517255,0.213173,0.347994,0.327983,0.499234,0.423343,July
7,0.838646,0.558514,0.514568,0.166360,0.248573,0.637331,0.641063,0.727965,July
8,0.865255,0.411990,0.516141,0.267722,0.210447,0.710699,0.682151,0.744475,July
9,0.890936,0.264283,0.519470,0.527522,0.322591,0.813293,0.787350,0.799794,July
10,0.901547,0.198388,0.521899,0.585576,0.415695,0.887443,0.803326,0.811062,July
11,0.912413,0.182506,0.509625,0.607411,0.432638,0.901448,0.784656,0.806263,July
12,0.919661,0.190101,0.504273,0.606131,0.425306,0.799527,0.607473,0.812113,July
13,0.904534,0.165467,0.498597,0.597214,0.425468,0.724539,0.625550,0.768807,July
14,0.910914,0.207709,0.493574,0.521134,0.417449,0.547973,0.518747,0.666574,July
15,0.918920,0.169670,0.487402,0.388237,0.408337,0.457791,0.409344,0.648522,July
16,0.871059,0.217878,0.481957,0.370542,0.346615,0.194400,0.295874,0.330662,July
17,0.846362,0.303852,0.482391,0.244960,0.313191,0.074216,0.078929,0.276213,July
18,0.827141,0.342069,0.483956,0.264770,0.284621,-0.030095,-0.078774,-0.029029,July
19,0.734722,0.513613,0.489758,0.243805,0.296409,-0.038639,-0.098125,-0.076002,July
20,0.647183,0.673909,0.503088,0.226059,0.298514,-0.039209,-0.098343,-0.075916,July
21,0.634535,0.685847,0.507383,0.181684,0.283676,-0.038411,-0.098261,-0.075913,July
22,0.657780,0.741816,0.499927,0.158649,0.251616,-0.034419,-0.096479,-0.075157,July
23,0.645044,0.758241,0.498879,0.143392,0.225093,-0.035345,-0.094999,-0.067196,July
0,0.354048,0.991036,0.552190,0.178473,0.072673,0.011274,-0.027922,-0.049501,September
1,0.332366,0.977485,0.545450,0.176272,0.073123,0.010745,-0.028251,-0.049640,September
2,0.324676,0.976266,0.536219,0.178872,0.074103,0.010620,-0.028422,-0.049628,September
3,0.326525,0.930441,0.526916,0.180335,0.087261,0.010845,-0.028444,-0.048942,September
4,0.323263,0.903964,0.526288,0.186186,0.097809,0.011661,-0.024860,-0.048532,September
5,0.381190,0.740830,0.533373,0.188167,0.125156,0.022157,0.017198,-0.029844,September
6,0.458906,0.550941,0.552150,0.198168,0.169165,0.128011,0.194028,0.269602,September
7,0.590571,0.323294,0.564444,0.282309,0.172226,0.388544,0.358436,0.657215,September
8,0.674728,0.244832,0.598442,0.350652,0.290164,0.428576,0.446085,0.676199,September
9,0.714548,0.179227,0.615873,0.332014,0.245024,0.637180,0.449671,0.861164,September
10,0.738701,0.150440,0.615609,0.392667,0.375438,0.759683,0.451170,0.902092,September
11,0.746019,0.136666,0.593713,0.435738,0.469433,0.783762,0.426946,0.910002,September
12,0.750192,0.129302,0.582569,0.462050,0.501631,0.752069,0.363775,0.904513,September
13,0.703718,0.149937,0.564231,0.470536,0.533764,0.649763,0.337162,0.880813,September
14,0.666021,0.182092,0.549947,0.463579,0.511322,0.435659,0.207581,0.798896,September
15,0.587936,0.213179,0.551480,0.444157,0.495562,0.254234,0.214859,0.658876,September
16,0.532493,0.433406,0.553255,0.354813,0.470756,0.059021,0.088374,0.297705,September
17,0.464493,0.597365,0.580424,0.302903,0.416612,0.013691,-0.018553,-0.038822,September
18,0.497810,0.639925,0.606942,0.264988,0.397275,0.010984,-0.027695,-0.048754,September
19,0.430621,0.652813,0.619365,0.260004,0.387177,0.011057,-0.028458,-0.049223,September
20,0.369855,0.855600,0.630375,0.270374,0.394367,0.011082,-0.028457,-0.048891,September
21,0.365995,0.854095,0.632992,0.288109,0.344773,0.010955,-0.028369,-0.049567,September
22,0.378218,0.840612,0.634407,0.242547,0.362268,0.012077,-0.028145,-0.048877,September
23,0.361365,0.832766,0.634504,0.262333,0.354655,0.017822,-0.026847,-0.046850,September
0,0.544632,0.812653,0.620615,0.737220,0.694394,-0.051169,-0.025235,-0.034720,August
1,0.545442,0.806861,0.619022,0.707237,0.690527,-0.052833,-0.025205,-0.035242,August
2,0.541005,0.811179,0.606982,0.641711,0.682555,-0.057185,-0.026236,-0.035587,August
3,0.534566,0.813040,0.596484,0.567654,0.681616,-0.057137,-0.026187,-0.035501,August
4,0.532773,0.821890,0.604690,0.626567,0.685566,-0.051624,-0.002643,-0.030775,August
5,0.571418,0.795882,0.610922,0.646380,0.680102,0.131387,0.093262,0.113551,August
6,0.606690,0.654846,0.616898,0.691891,0.664444,0.323265,0.113074,0.468242,August
7,0.653008,0.474218,0.617436,0.713342,0.660563,0.640747,0.308618,0.800684,August
8,0.681881,0.460606,0.619552,0.717832,0.669630,0.764024,0.191796,0.830624,August
9,0.699464,0.377561,0.621500,0.715173,0.665336,0.845996,0.220090,0.856867,August
10,0.717440,0.318788,0.618834,0.706384,0.674564,0.893382,0.281944,0.873436,August
11,0.724606,0.314794,0.610481,0.692828,0.669018,0.874719,0.317248,0.809399,August
12,0.696241,0.353142,0.599885,0.668373,0.630750,0.781436,0.407305,0.532570,August
13,0.693609,0.363975,0.588024,0.408399,0.489030,0.545419,0.429855,0.082754,August
14,0.697018,0.338896,0.583757,0.361561,0.448118,0.476579,0.324287,0.233353,August
15,0.695611,0.335545,0.574829,0.356578,0.447691,0.247922,0.196607,0.340492,August
16,0.699737,0.384925,0.569304,0.375917,0.450506,0.135663,0.103078,0.280988,August
17,0.654613,0.522470,0.569724,0.388288,0.462398,-0.011087,-0.001763,0.095251,August
18,0.623216,0.559093,0.571996,0.406783,0.464998,-0.057229,-0.024796,-0.028364,August
19,0.569866,0.644788,0.575595,0.441993,0.489817,-0.057728,-0.026556,-0.035435,August
20,0.584126,0.579900,0.574752,0.473094,0.504527,-0.056728,-0.026779,-0.035379,August
21,0.543681,0.663466,0.577189,0.506916,0.546592,-0.055151,-0.026807,-0.034306,August
22,0.533569,0.798337,0.575882,0.537428,0.588454,-0.055764,-0.026485,-0.035269,August
23,0.531636,0.820116,0.576468,0.548912,0.645075,-0.056019,-0.025861,-0.034621,August
0,0.413497,0.836414,0.460486,0.633390,0.539408,-0.054801,-0.094222,-0.076113,May
1,0.417180,0.874075,0.461979,0.645569,0.628447,-0.055255,-0.100026,-0.076142,May
2,0.425127,0.807027,0.466862,0.622830,0.524332,-0.055672,-0.100908,-0.076116,May
3,0.399762,0.806552,0.470156,0.564228,0.416202,-0.052861,-0.100502,-0.073200,May
4,0.414061,0.805586,0.475919,0.385611,0.243326,-0.041530,-0.056539,-0.056526,May
5,0.449642,0.716751,0.485093,0.444139,0.329425,-0.018611,0.338213,-0.019623,May
6,0.506267,0.649621,0.488221,0.533094,0.273899,0.089299,0.732216,0.281951,May
7,0.516062,0.652648,0.485780,0.517473,0.226779,0.409889,1.034560,0.423590,May
8,0.511717,0.676823,0.510421,0.584769,0.375068,0.469047,1.056568,0.319510,May
9,0.518253,0.699271,0.511846,0.433941,0.203184,0.663868,1.109443,0.515203,May
10,0.524183,0.677650,0.513430,0.302502,0.250476,0.733618,1.118793,0.520023,May
11,0.526716,0.641912,0.499554,0.350298,0.232707,0.751011,1.105811,0.565834,May
12,0.532345,0.628489,0.490090,0.453702,0.275968,0.748526,0.992846,0.583614,May
13,0.523674,0.620012,0.483047,0.457042,0.301425,0.697813,0.586490,0.580162,May
14,0.505810,0.632934,0.480605,0.364453,0.202769,0.532082,0.517518,0.564406,May
15,0.478603,0.634354,0.484459,0.414115,0.228911,0.409547,0.493853,0.486997,May
16,0.468948,0.779951,0.494232,0.440158,0.265510,0.179970,0.203716,0.310271,May
17,0.464693,0.809726,0.497180,0.268351,0.195022,0.040108,0.081747,0.106720,May
18,0.453725,0.792622,0.502113,0.124189,0.151923,-0.053819,-0.085580,-0.074862,May
19,0.417160,0.850062,0.495361,0.118584,0.140469,-0.055605,-0.099005,-0.076129,May
20,0.399117,0.957491,0.511264,0.226757,0.212119,-0.053290,-0.099733,-0.076079,May
21,0.391815,0.975667,0.513631,0.314792,0.246284,-0.052558,-0.099948,-0.075802,May
22,0.391400,0.943417,0.517638,0.209001,0.277817,-0.049027,-0.100185,-0.075495,May
23,0.388108,0.950506,0.518635,0.218434,0.258791,-0.044022,-0.099794,-0.073890,May
0,0.432912,0.900743,0.540307,0.229594,0.456737,-0.071826,-0.037347,-0.060865,May
1,0.442206,0.858480,0.540200,0.180847,0.312336,-0.079544,-0.037594,-0.061171,May
2,0.432905,0.880425,0.540362,0.177597,0.332521,-0.082630,-0.038732,-0.061429,May
3,0.424386,0.896818,0.540716,0.181046,0.394347,-0.082455,-0.038806,-0.061182,May
4,0.429531,0.906825,0.541135,0.184136,0.378085,-0.078425,-0.019193,-0.058134,May
5,0.467530,0.850014,0.545074,0.419025,0.505978,0.103639,0.093479,0.157640,May
6,0.482232,0.830414,0.550174,0.688630,0.439594,0.268865,0.111713,0.344200,May
7,0.498662,0.800507,0.560359,0.695545,0.560803,0.446779,0.461086,0.491646,May
8,0.511392,0.590075,0.548446,0.660305,0.556215,0.375795,0.476612,0.491301,May
9,0.541951,0.578574,0.549391,0.724754,0.539689,0.513198,0.388517,0.451576,May
10,0.569195,0.497813,0.550201,0.741072,0.529969,0.717895,0.289204,0.561863,May
11,0.560785,0.552053,0.552706,0.741273,0.570644,0.776639,0.138395,0.554864,May
12,0.508964,0.679158,0.558019,0.704590,0.519306,0.523535,0.431478,0.389284,May
13,0.531813,0.569106,0.570730,0.677624,0.531017,0.403821,0.840374,0.188086,May
14,0.539781,0.548932,0.576860,0.676579,0.516797,0.310769,0.576231,0.233899,May
15,0.548004,0.521663,0.585596,0.694362,0.531662,0.183650,0.707489,0.359344,May
16,0.509311,0.603642,0.595766,0.651489,0.500428,0.183409,0.560116,0.418105,May
17,0.509596,0.641952,0.589977,0.610394,0.518859,0.024971,0.252770,0.280242,May
18,0.498385,0.638841,0.603722,0.409787,0.434585,-0.060532,0.014019,-0.029550,May
19,0.475211,0.694887,0.605755,0.323755,0.415699,-0.080879,-0.036687,-0.060219,May
20,0.440368,0.880080,0.616673,0.239966,0.345575,-0.076896,-0.036277,-0.060054,May
21,0.448001,0.886197,0.617419,0.236848,0.328101,-0.081465,-0.026832,-0.061204,May
22,0.434971,0.886079,0.618424,0.227332,0.348382,-0.077767,-0.037236,-0.061203,May
23,0.429575,0.884922,0.618268,0.275256,0.345554,-0.065896,-0.037038,-0.059097,May
0,0.352647,1.045225,0.703919,0.222230,0.204610,-0.041910,-0.020171,-0.013083,October
1,0.371855,1.039015,0.698108,0.211620,0.227452,-0.043745,-0.019659,-0.013184,October
2,0.413770,0.986755,0.690575,0.218282,0.278845,-0.044609,-0.020037,-0.013191,October
3,0.408179,0.976629,0.671508,0.236417,0.293487,-0.044416,-0.021055,-0.013148,October
4,0.308076,1.060780,0.673071,0.225314,0.273485,-0.042988,-0.019320,-0.012616,October
5,0.300250,1.059613,0.654552,0.262686,0.312360,-0.036495,-0.016007,-0.012173,October
6,0.367416,1.053667,0.675391,0.301392,0.325320,0.050037,0.112134,0.227063,October
7,0.480269,0.960242,0.689898,0.292990,0.261366,0.301026,0.185778,0.364390,October
8,0.526049,0.632945,0.692972,0.312279,0.208844,0.481382,0.314705,0.552036,October
9,0.563467,0.385626,0.694391,0.284929,0.123648,0.635123,0.341452,0.905582,October
10,0.586938,0.318688,0.694863,0.284729,0.133658,0.620997,0.297546,0.942484,October
11,0.597615,0.298181,0.680287,0.288579,0.120162,0.669541,0.318683,0.934056,October
12,0.591717,0.298830,0.655514,0.224642,0.068996,0.485510,0.328423,0.818880,October
13,0.579220,0.308147,0.620609,0.170339,0.069423,0.336109,0.324711,0.489364,October
14,0.550827,0.332826,0.616604,0.240289,0.079513,0.216116,0.237055,0.358155,October
15,0.519568,0.451285,0.607221,0.207809,0.098103,0.178157,0.097008,0.411795,October
16,0.429151,0.656719,0.602056,0.211263,0.148506,-0.035374,-0.012045,0.013137,October
17,0.382679,0.779229,0.605293,0.175287,0.197465,-0.042665,-0.020458,-0.012275,October
18,0.385944,0.851950,0.608149,0.199907,0.245748,-0.044601,-0.021219,-0.013152,October
19,0.369613,0.876678,0.608340,0.179076,0.230460,-0.044657,-0.021405,-0.013183,October
20,0.352261,0.995244,0.613480,0.177807,0.241935,-0.044460,-0.021379,-0.013154,October
21,0.330654,0.999169,0.608706,0.188255,0.245753,-0.044503,-0.021366,-0.013164,October
22,0.326654,1.014816,0.604628,0.217021,0.303478,-0.043423,-0.021136,-0.013016,October
23,0.314921,1.021428,0.599202,0.226141,0.302925,-0.041664,-0.019279,-0.012288,October
0,0.163295,0.687818,0.551144,0.481541,0.404945,-0.040376,-0.017985,-0.037801,February
1,0.172978,0.486316,0.551075,0.510049,0.425126,-0.041294,-0.018652,-0.039349,February
2,0.161189,0.631898,0.551639,0.439472,0.398167,-0.041578,-0.018589,-0.039391,February
3,0.144413,0.737614,0.552416,0.327641,0.368790,-0.041626,-0.018510,-0.039373,February
4,0.173123,0.758688,0.557059,0.393479,0.383040,-0.040727,-0.017923,-0.039195,February
5,0.167830,0.677291,0.564297,0.311618,0.365140,-0.037683,-0.016438,-0.034419,February
6,0.154343,0.759251,0.605439,0.340076,0.367613,-0.028119,-0.009183,-0.007619,February
7,0.186266,0.687614,0.617597,0.395221,0.368526,0.062741,0.186728,0.193151,February
8,0.197536,0.719869,0.620388,0.378843,0.357091,0.211514,0.344895,0.550201,February
9,0.289335,0.507671,0.647947,0.413447,0.282755,0.376072,0.305204,0.523313,February
10,0.329870,0.457421,0.653977,0.287231,0.211935,0.466000,0.576821,0.348497,February
11,0.338846,0.473463,0.654952,0.169845,0.194727,0.545900,0.523821,0.426574,February
12,0.356343,0.482395,0.654434,0.271886,0.224778,0.518223,0.585556,0.376755,February
13,0.359531,0.382743,0.643611,0.370089,0.224832,0.509093,0.591096,0.740443,February
14,0.343448,0.340981,0.656247,0.453238,0.276176,0.436890,0.241616,0.777801,February
15,0.303886,0.475301,0.660989,0.450299,0.294814,0.251685,0.137312,0.694487,February
16,0.255463,0.694518,0.651374,0.282453,0.227658,-0.017593,0.012499,0.231377,February
17,0.238562,0.696316,0.662203,0.340097,0.288629,-0.037668,0.000547,-0.027080,February
18,0.201250,0.677838,0.665792,0.355261,0.352511,-0.040359,-0.009747,-0.039011,February
19,0.192943,0.721404,0.661430,0.326176,0.378665,-0.039989,-0.017466,-0.038649,February
20,0.187270,0.858467,0.670726,0.491014,0.421717,-0.038216,-0.018047,-0.038083,February
21,0.211730,0.801606,0.669721,0.515289,0.423474,-0.040143,-0.017618,-0.038876,February
22,0.225125,0.791864,0.673958,0.525291,0.425046,-0.033119,-0.015280,-0.033173,February
23,0.250726,0.780282,0.673166,0.478157,0.411773,-0.025751,-0.010007,-0.018674,February
0,0.231309,0.682570,0.297158,0.383381,0.489070,-0.024121,-0.033897,0.014624,November
1,0.243611,0.572441,0.336189,0.372433,0.563070,-0.024261,-0.034172,0.014555,November
2,0.210124,0.484210,0.347757,0.279200,0.501822,-0.024612,-0.034213,0.014566,November
3,0.192178,0.581161,0.397331,0.268181,0.519533,-0.024561,-0.034128,0.015027,November
4,0.186642,0.789982,0.434456,0.190784,0.276919,-0.023829,-0.029705,0.017272,November
5,0.187312,0.875957,0.452411,0.183409,0.307655,-0.022476,-0.027834,0.017128,November
6,0.181628,0.891719,0.482687,0.207535,0.262796,-0.014994,0.036872,0.022701,November
7,0.231452,0.842249,0.503343,0.171858,0.221830,0.096456,0.414847,0.269910,November
8,0.320271,0.633182,0.471370,0.189294,0.207990,0.258191,0.386183,0.666540,November
9,0.429476,0.430656,0.484361,0.314245,0.258993,0.420981,0.373683,0.776010,November
10,0.475506,0.340355,0.493446,0.395243,0.364307,0.505192,0.404512,0.797024,November
11,0.488531,0.336773,0.441358,0.444539,0.411758,0.511245,0.392122,0.799038,November
12,0.488704,0.344334,0.428095,0.412895,0.327109,0.465284,0.420316,0.788165,November
13,0.472451,0.349646,0.404218,0.437882,0.363996,0.322673,0.421751,0.689832,November
14,0.462921,0.381209,0.382787,0.410655,0.397050,0.200061,0.272565,0.547861,November
15,0.402554,0.529428,0.363705,0.293825,0.437563,0.030491,0.070177,0.293311,November
16,0.261890,0.753629,0.391333,0.301480,0.376692,-0.021082,-0.030030,0.021754,November
17,0.251388,0.835383,0.406633,0.217880,0.283776,-0.024334,-0.033988,0.014739,November
18,0.230328,0.799399,0.409097,0.288750,0.280619,-0.024667,-0.034137,0.014486,November
19,0.210743,0.910894,0.368621,0.282768,0.375745,-0.024688,-0.034201,0.014488,November
20,0.207200,0.932975,0.325971,0.350087,0.452284,-0.024534,-0.034178,0.014505,November
21,0.203047,0.939579,0.291855,0.437021,0.547205,-0.024541,-0.034172,0.014490,November
22,0.207587,0.914546,0.282123,0.483445,0.575806,-0.024158,-0.034078,0.014665,November
23,0.199856,0.930613,0.271630,0.464685,0.574244,-0.023650,-0.032427,0.014904,November
0,0.561314,0.598831,0.504326,0.259229,0.396766,-0.009337,-0.055973,-0.017138,September
1,0.547700,0.746679,0.506472,0.082885,0.196087,-0.011251,-0.057316,-0.018306,September
2,0.542156,0.782554,0.493847,0.087251,0.228072,-0.009951,-0.057523,-0.018542,September
3,0.566460,0.840232,0.459388,0.199750,0.438738,-0.012608,-0.057420,-0.018448,September
4,0.555854,0.869115,0.449985,0.305406,0.441145,-0.010471,-0.043017,-0.015018,September
5,0.512440,0.922729,0.463759,0.177094,0.406309,0.001760,-0.006840,0.003167,September
6,0.616857,0.803057,0.474268,0.086619,0.103038,0.126645,0.351073,0.256143,September
7,0.697052,0.636919,0.468125,0.272558,0.075383,0.168294,0.490546,0.550044,September
8,0.701424,0.400692,0.435326,0.278692,0.127702,0.419696,0.616889,0.416988,September
9,0.754253,0.329458,0.429863,0.430168,0.310015,0.578911,0.711870,0.267925,September
10,0.777074,0.261092,0.420132,0.458867,0.344090,0.674049,0.720145,0.672848,September
11,0.792296,0.260586,0.413032,0.507876,0.471666,0.711196,0.738360,0.700424,September
12,0.722304,0.553891,0.413653,0.504892,0.417019,0.672608,0.726254,0.722617,September
13,0.619104,0.710988,0.414420,0.497403,0.462166,0.545798,0.675214,0.398750,September
14,0.623108,0.626988,0.412227,0.474945,0.398356,0.288896,0.552388,0.150669,September
15,0.718319,0.703276,0.412130,0.483936,0.453924,0.145679,0.405697,0.204950,September
16,0.652242,0.704748,0.414486,0.426992,0.424187,0.025143,0.123881,0.140600,September
17,0.654115,0.777058,0.412888,0.367553,0.330772,-0.009255,-0.053693,-0.013869,September
18,0.678074,0.888611,0.414550,0.287188,0.198938,-0.011259,-0.056385,-0.016335,September
19,0.597180,0.898475,0.418353,0.168786,0.140821,-0.012846,-0.058115,-0.018377,September
20,0.581098,0.903545,0.416846,0.051624,0.012184,-0.012254,-0.058183,-0.017021,September
21,0.551177,0.928185,0.421316,0.060158,-0.003131,-0.013097,-0.058079,-0.018591,September
22,0.530402,0.939631,0.422545,0.073094,0.072703,-0.012200,-0.056708,-0.018598,September
23,0.503133,0.938593,0.421753,0.177178,0.197947,-0.010038,-0.047213,-0.017459,September
0,0.226764,0.481187,0.346487,0.782328,0.731246,-0.030393,-0.067668,0.000778,January
1,0.239799,0.398319,0.350957,0.933477,0.770123,-0.031980,-0.067832,-0.001528,January
2,0.244668,0.419975,0.352972,0.946770,0.784520,-0.032364,-0.068098,-0.001875,January
3,0.231115,0.341854,0.284422,0.955091,0.782168,-0.032673,-0.068131,-0.001672,January
4,0.234703,0.331699,0.337277,0.908080,0.757003,-0.032125,-0.067345,-0.000816,January
5,0.228699,0.300962,0.355870,0.870235,0.731058,-0.029269,-0.067120,0.006267,January
6,0.210505,0.518430,0.375659,0.484052,0.628024,-0.021647,-0.062361,0.018856,January
7,0.216269,0.621059,0.378679,0.467931,0.556141,0.053826,0.042939,0.143906,January
8,0.271850,0.489931,0.408764,0.680290,0.572999,0.189581,0.245908,0.497878,January
9,0.310162,0.302447,0.424660,0.863938,0.591107,0.375101,0.393724,0.782867,January
10,0.327207,0.262056,0.416146,0.825750,0.631461,0.426375,0.456213,0.783445,January
11,0.327054,0.247143,0.345979,0.808307,0.630800,0.435006,0.455737,0.813720,January
12,0.325385,0.362703,0.328074,0.922503,0.718567,0.419895,0.462234,0.786611,January
13,0.313150,0.353186,0.295157,0.919819,0.722546,0.307493,0.471865,0.576877,January
14,0.316422,0.316061,0.272908,0.731334,0.636027,0.218170,0.322407,0.639298,January
15,0.312368,0.357005,0.231326,0.477080,0.582542,0.042823,0.097109,0.419488,January
16,0.249400,0.549830,0.181550,0.387911,0.523470,-0.028882,-0.063587,0.008932,January
17,0.260428,0.540618,0.213494,0.437138,0.613047,-0.031652,-0.067921,-0.001093,January
18,0.274993,0.557772,0.215166,0.504810,0.568942,-0.032593,-0.068172,-0.001764,January
19,0.259337,0.533906,0.208931,0.398445,0.550069,-0.032777,-0.068245,-0.001918,January
20,0.229648,0.781515,0.193802,0.362776,0.469743,-0.032719,-0.068162,-0.001905,January
21,0.238598,0.759907,0.193703,0.382165,0.474909,-0.032707,-0.068176,-0.001923,January
22,0.236852,0.742756,0.152425,0.402611,0.510536,-0.032107,-0.067933,-0.001786,January
23,0.244137,0.783268,0.143576,0.391737,0.535128,-0.031045,-0.066044,-0.000294,January
0,0.592454,0.758984,0.569951,0.319593,0.536591,-0.156323,-0.064417,-0.017319,August
1,0.585531,0.757936,0.567664,0.467789,0.605222,-0.158544,-0.068658,-0.017431,August
2,0.583752,0.760658,0.559920,0.469638,0.622139,-0.159361,-0.069244,-0.017759,August
3,0.580335,0.757600,0.560874,0.380679,0.631592,-0.158296,-0.069346,-0.016941,August
4,0.587069,0.743188,0.556091,0.461764,0.643433,-0.155103,-0.057284,-0.001221,August
5,0.609616,0.699347,0.554458,0.441522,0.628214,-0.045758,0.131764,0.473514,August
6,0.621421,0.676591,0.562709,0.539246,0.623620,0.024748,0.461719,0.591965,August
7,0.629922,0.641877,0.565390,0.507498,0.591368,0.435194,0.588056,0.855705,August
8,0.646562,0.426249,0.559463,0.757128,0.585032,0.564238,0.619530,0.706332,August
9,0.657515,0.371872,0.560984,0.731109,0.602845,0.701584,0.657147,0.797010,August
10,0.665840,0.341002,0.560786,0.737986,0.623516,0.735412,0.661748,0.896270,August
11,0.677360,0.308606,0.558586,0.728013,0.635478,0.847355,0.638153,0.930393,August
12,0.675402,0.371196,0.555818,0.763442,0.637055,0.820441,0.602707,0.929830,August
13,0.659567,0.343819,0.547025,0.725351,0.619121,0.744219,0.565708,0.868819,August
14,0.658795,0.332368,0.543200,0.723171,0.625966,0.598814,0.389308,0.852108,August
15,0.668334,0.314321,0.540361,0.730356,0.635469,0.592228,0.420344,0.868751,August
16,0.656668,0.332608,0.538651,0.665627,0.564046,0.043737,0.172018,0.543424,August
17,0.645070,0.383667,0.540483,0.355849,0.502588,-0.066222,0.001587,0.244257,August
18,0.629799,0.427505,0.542005,0.323906,0.507768,-0.155645,-0.066529,0.004416,August
19,0.599091,0.521987,0.552258,0.342033,0.515951,-0.158860,-0.069303,-0.017220,August
20,0.593060,0.573261,0.555388,0.396371,0.517046,-0.158799,-0.069218,-0.016993,August
21,0.586648,0.585363,0.566753,0.462766,0.541352,-0.158255,-0.069209,-0.017265,August
22,0.583118,0.671799,0.569104,0.435760,0.570652,-0.155726,-0.068498,-0.017684,August
23,0.582785,0.727591,0.570843,0.376842,0.547033,-0.152878,-0.067028,-0.015391,August
0,0.213776,0.605033,0.469410,0.289907,0.584416,-0.019986,-0.036694,-0.000468,April
1,0.203817,0.775764,0.450745,0.218740,0.559446,-0.023277,-0.038542,-0.001370,April
2,0.194608,0.796796,0.415981,0.193927,0.577288,-0.024357,-0.039745,-0.001590,April
3,0.176367,0.839009,0.383713,0.214060,0.500396,-0.025126,-0.038833,-0.001571,April
4,0.194889,0.748795,0.387440,0.327745,0.610180,-0.020268,-0.005918,0.000245,April
5,0.193232,0.819351,0.401572,0.357516,0.585577,0.014516,0.043213,0.085936,April
6,0.236151,0.763496,0.390677,0.166026,0.376697,0.162454,0.462264,0.208878,April
7,0.297066,0.628839,0.391036,0.170222,0.245597,0.409506,0.700148,0.404070,April
8,0.405612,0.590863,0.380464,0.491350,0.364764,0.538895,0.460051,0.532093,April
9,0.415102,0.488207,0.401107,0.526573,0.402139,0.677297,0.499046,0.599822,April
10,0.428246,0.493604,0.398752,0.466170,0.388961,0.731308,0.597660,0.432941,April
11,0.407598,0.547419,0.404388,0.421916,0.401436,0.589599,0.835618,0.147949,April
12,0.370031,0.498114,0.402577,0.391854,0.307050,0.565039,0.831954,0.127402,April
13,0.395799,0.481590,0.415707,0.351140,0.345595,0.568180,0.819507,0.266871,April
14,0.388176,0.522174,0.394112,0.257431,0.453342,0.384870,0.572344,0.086484,April
15,0.394108,0.489783,0.383914,0.216957,0.320120,0.367583,0.612593,0.299179,April
16,0.349126,0.702151,0.391780,0.211576,0.269265,0.158497,0.099514,0.261262,April
17,0.266243,0.806748,0.390400,0.317039,0.492064,-0.007142,-0.003598,0.043650,April
18,0.212792,0.870939,0.409095,0.241688,0.527446,-0.022262,-0.018671,-0.000990,April
19,0.188178,0.903447,0.437285,0.181820,0.453954,-0.025232,-0.036051,-0.001606,April
20,0.220408,0.801946,0.465987,0.278967,0.592234,-0.023292,-0.038531,-0.001329,April
21,0.217377,0.690022,0.478769,0.374629,0.621173,-0.000157,-0.037501,0.015683,April
22,0.184252,0.869963,0.489606,0.450253,0.635550,-0.018765,-0.037230,-0.001117,April
23,0.176449,0.870854,0.490923,0.235233,0.578641,0.000265,-0.035215,0.001324,April
0,0.370629,0.951063,0.747045,0.311503,0.354777,-0.007439,-0.024328,-0.059455,October
1,0.433345,0.746537,0.735221,0.317771,0.349786,-0.009302,-0.024563,-0.060572,October
2,0.422995,0.861643,0.728712,0.199401,0.309338,-0.010752,-0.024568,-0.060662,October
3,0.407873,0.872946,0.726488,0.152373,0.254556,-0.010855,-0.024566,-0.060653,October
4,0.331803,0.945294,0.729885,0.137899,0.223302,-0.010051,-0.022670,-0.059916,October
5,0.331507,0.928805,0.742162,0.156828,0.272286,-0.000014,-0.003378,-0.043707,October
6,0.394603,0.802397,0.777753,0.173400,0.329773,0.096647,0.200316,0.176618,October
7,0.587417,0.442076,0.788121,0.254090,0.351620,0.352661,0.405621,0.321655,October
8,0.535218,0.592586,0.794822,0.306119,0.272361,0.481903,0.443502,0.769745,October
9,0.609036,0.318200,0.797557,0.279601,0.238323,0.628800,0.470729,0.861105,October
10,0.644410,0.236201,0.796132,0.218536,0.152582,0.681464,0.445803,0.890261,October
11,0.650356,0.222503,0.782540,0.188699,0.135925,0.688799,0.412863,0.891575,October
12,0.645727,0.289740,0.778559,0.328937,0.239294,0.666101,0.454080,0.875827,October
13,0.626733,0.358923,0.756500,0.335738,0.238252,0.444903,0.479160,0.736685,October
14,0.627477,0.321300,0.756674,0.258820,0.247157,0.414947,0.397771,0.691631,October
15,0.602491,0.392770,0.741083,0.185350,0.174573,0.156344,0.166372,0.582017,October
16,0.444097,0.793771,0.753504,0.126336,0.150927,0.008077,0.002668,-0.007140,October
17,0.398808,0.877983,0.753129,0.188628,0.277575,-0.008362,-0.023836,-0.053116,October
18,0.385213,0.918626,0.759993,0.159253,0.221247,-0.010877,-0.024481,-0.060495,October
19,0.338450,0.959984,0.762718,0.119765,0.148401,-0.010977,-0.024569,-0.060705,October
20,0.379101,0.964093,0.765051,0.112494,0.103891,-0.010797,-0.024523,-0.060623,October
21,0.345970,0.904594,0.762589,0.111006,0.143909,-0.010310,-0.024368,-0.060518,October
22,0.297876,1.034180,0.768435,0.109505,0.120382,-0.010067,-0.024221,-0.060661,October
23,0.299296,1.064948,0.761812,0.091618,0.110284,-0.008434,-0.021567,-0.060447,October
0,0.182954,0.451508,0.699445,0.679467,0.723820,-0.079942,-0.027193,-0.013416,January
1,0.186545,0.412708,0.699485,0.609655,0.710721,-0.081615,-0.027696,-0.013643,January
2,0.183407,0.448466,0.699351,0.531788,0.660157,-0.082383,-0.027707,-0.013669,January
3,0.162457,0.479684,0.699890,0.471187,0.572859,-0.082416,-0.027679,-0.013653,January
4,0.154676,0.455892,0.701697,0.446577,0.558925,-0.081946,-0.027166,-0.013577,January
5,0.157965,0.451351,0.707251,0.474055,0.548156,-0.079757,-0.026786,-0.012852,January
6,0.145529,0.499940,0.713393,0.416600,0.498641,-0.077296,-0.022271,-0.009547,January
7,0.147042,0.457589,0.734337,0.390609,0.473315,-0.048621,0.038315,0.024887,January
8,0.167778,0.564043,0.751357,0.419705,0.475090,0.052047,0.293734,0.205676,January
9,0.206131,0.414317,0.755550,0.427297,0.478607,0.335025,0.346472,0.628416,January
10,0.220512,0.330486,0.758827,0.561761,0.505256,0.416698,0.372101,0.679808,January
11,0.217899,0.314916,0.767794,0.640659,0.539496,0.429486,0.376405,0.683061,January
12,0.219690,0.329603,0.761272,0.678944,0.547788,0.396330,0.400545,0.642923,January
13,0.209086,0.340526,0.764564,0.732451,0.625648,0.251729,0.391952,0.453746,January
14,0.177982,0.407369,0.775958,0.738048,0.667690,0.114962,0.298064,0.294895,January
15,0.162611,0.444845,0.789833,0.678233,0.636848,-0.025985,0.123509,0.111450,January
16,0.155304,0.448725,0.792270,0.661970,0.676423,-0.077626,-0.022473,-0.000865,January
17,0.164952,0.380368,0.802803,0.576907,0.670224,-0.081410,-0.027288,-0.012205,January
18,0.171431,0.361163,0.805004,0.566916,0.661312,-0.082269,-0.027617,-0.013009,January
19,0.167090,0.353220,0.811457,0.458377,0.615609,-0.082067,-0.027733,-0.012409,January
20,0.152173,0.409414,0.817165,0.420918,0.566569,-0.081784,-0.027530,-0.012702,January
21,0.147504,0.435764,0.820623,0.418378,0.517024,-0.082196,-0.026773,-0.013593,January
22,0.148226,0.509250,0.821942,0.417254,0.550354,-0.081382,-0.023651,-0.013073,January
23,0.145410,0.420209,0.822196,0.437228,0.525510,-0.075999,-0.018710,-0.010646,January
0,0.260033,0.559505,0.747832,0.652490,0.484384,-0.038993,-0.045733,-0.063979,February
1,0.265036,0.524383,0.747845,0.665029,0.539271,-0.045925,-0.047670,-0.064603,February
2,0.261892,0.551500,0.748328,0.662875,0.537162,-0.046664,-0.048154,-0.064613,February
3,0.243730,0.579951,0.750369,0.702250,0.586540,-0.046514,-0.047856,-0.064347,February
4,0.218514,0.615463,0.750424,0.693277,0.537612,-0.045683,-0.046872,-0.064188,February
5,0.217532,0.587217,0.763526,0.712023,0.612128,-0.043866,-0.046898,-0.063888,February
6,0.217195,0.528257,0.770126,0.707236,0.672809,-0.031822,-0.007529,-0.052968,February
7,0.228006,0.568857,0.791204,0.718791,0.689645,0.065808,0.258503,0.030556,February
8,0.223004,0.489077,0.784777,0.741330,0.680352,0.220909,0.492845,0.208270,February
9,0.227408,0.456505,0.810364,0.737989,0.664798,0.379217,0.635340,0.317099,February
10,0.260120,0.373946,0.852439,0.742933,0.657903,0.407710,0.692156,0.128713,February
11,0.251655,0.394800,0.867558,0.744428,0.688552,0.499178,0.671459,0.320836,February
12,0.267938,0.411308,0.868589,0.743770,0.621475,0.434968,0.568771,0.332789,February
13,0.281259,0.331009,0.864997,0.656758,0.471078,0.429009,0.516261,0.377439,February
14,0.276560,0.314936,0.857461,0.628897,0.464285,0.380294,0.261243,0.500435,February
15,0.270645,0.332855,0.858163,0.557117,0.387311,0.244292,0.211720,0.486219,February
16,0.235892,0.413745,0.866149,0.536715,0.357098,-0.024822,-0.017740,0.050846,February
17,0.194743,0.487476,0.879511,0.392967,0.322813,-0.042608,-0.046285,-0.061074,February
18,0.233193,0.426906,0.881823,0.376794,0.345438,-0.046754,-0.047276,-0.064379,February
19,0.210307,0.440962,0.880625,0.332138,0.313059,-0.047098,-0.048152,-0.064536,February
20,0.172407,0.551085,0.878303,0.283152,0.268191,-0.046319,-0.048032,-0.064539,February
21,0.174586,0.558258,0.882135,0.219664,0.246063,-0.046892,-0.047567,-0.064630,February
22,0.180188,0.513361,0.883763,0.211796,0.247019,-0.045469,-0.047087,-0.064429,February
23,0.149445,0.585080,0.883922,0.239805,0.246532,-0.043123,-0.043509,-0.063644,February
0,0.305523,0.855015,0.497960,0.474882,0.400088,-0.001994,0.023209,0.047133,November
1,0.290239,0.852686,0.469168,0.419687,0.479544,-0.012899,-0.004408,0.035125,November
2,0.308226,0.848839,0.467576,0.342693,0.383743,-0.009614,0.010006,0.035200,November
3,0.304856,0.839988,0.483584,0.315123,0.480516,-0.016440,0.002511,0.034941,November
4,0.295415,0.847487,0.484788,0.264219,0.323172,-0.009436,0.010662,0.038565,November
5,0.350448,0.769595,0.489026,0.240215,0.409394,0.022276,0.067276,0.048930,November
6,0.355187,0.780670,0.553652,0.432699,0.490248,0.043685,0.183337,0.101787,November
7,0.354849,0.638330,0.557002,0.527769,0.478478,0.048838,0.226176,0.349740,November
8,0.448324,0.610788,0.610315,0.521535,0.329960,0.158837,0.184085,0.356392,November
9,0.495921,0.508257,0.612462,0.517847,0.286026,0.283409,0.134905,0.560123,November
10,0.484161,0.494497,0.608752,0.423069,0.261839,0.326910,0.272681,0.433070,November
11,0.474169,0.608274,0.601966,0.382530,0.247057,0.284574,0.309638,0.341691,November
12,0.517095,0.398707,0.598460,0.438424,0.252514,0.296179,0.276616,0.482712,November
13,0.493114,0.413783,0.616972,0.366721,0.255119,0.232314,0.150014,0.493996,November
14,0.429216,0.624350,0.639754,0.317203,0.269622,0.046836,0.161822,0.151498,November
15,0.348634,0.810637,0.642194,0.242392,0.265942,0.016734,0.142525,0.082029,November
16,0.355924,0.704480,0.635304,0.467676,0.371456,-0.009933,0.007333,0.052547,November
17,0.363178,0.642264,0.633954,0.547511,0.521506,-0.015459,-0.008343,0.044225,November
18,0.359066,0.692190,0.635921,0.398147,0.399222,-0.017670,-0.010219,0.034896,November
19,0.349536,0.658159,0.612925,0.310528,0.451840,-0.014164,-0.010766,0.048492,November
20,0.421825,0.570984,0.594551,0.524599,0.628302,0.009246,-0.010862,0.066318,November
21,0.359802,0.556315,0.551501,0.571098,0.647256,-0.014598,-0.009446,0.043629,November
22,0.354558,0.606145,0.553464,0.555578,0.656105,-0.012564,-0.003510,0.049638,November
23,0.319717,0.546626,0.517236,0.574019,0.659049,-0.011067,-0.001437,0.059045,November
0,0.453681,0.812632,0.572568,0.395253,0.476560,0.019251,-0.016954,-0.049502,June
1,0.456868,0.851316,0.554976,0.328489,0.500994,0.015483,-0.022253,-0.050073,June
2,0.452578,0.795199,0.534709,0.539334,0.490337,0.014297,-0.021963,-0.050116,June
3,0.444452,0.782860,0.536833,0.575519,0.626531,0.014478,-0.024536,-0.050035,June
4,0.444600,0.864133,0.521669,0.502111,0.587889,0.018270,-0.002677,-0.048169,June
5,0.496180,0.827852,0.565600,0.573509,0.568461,0.095798,0.084953,0.015377,June
6,0.583889,0.698976,0.572580,0.597853,0.414825,0.378770,0.232216,0.526219,June
7,0.684228,0.626057,0.599208,0.603664,0.248015,0.478792,0.438345,0.749360,June
8,0.651379,0.675427,0.596568,0.538144,0.231217,0.574824,0.514023,0.393080,June
9,0.703063,0.627709,0.612442,0.643418,0.354812,0.662261,0.546746,0.585388,June
10,0.709105,0.443352,0.609502,0.597031,0.392578,0.824818,0.563550,0.635707,June
11,0.695381,0.379649,0.579110,0.643379,0.383404,0.965686,0.520907,0.851864,June
12,0.763280,0.258969,0.559143,0.684874,0.455843,0.962189,0.596286,0.884219,June
13,0.732691,0.231436,0.560413,0.614852,0.388696,0.846284,0.628002,0.753448,June
14,0.688968,0.269398,0.524321,0.321213,0.213958,0.446050,0.554464,0.182573,June
15,0.655576,0.333263,0.519089,0.172530,0.180653,0.354297,0.610716,0.245129,June
16,0.703841,0.305108,0.479567,0.331839,0.194790,0.194416,0.309414,0.456994,June
17,0.652315,0.450432,0.481500,0.283496,0.207338,0.073946,0.080417,0.238317,June
18,0.541055,0.695382,0.502241,0.218793,0.246448,0.016208,0.006194,-0.046744,June
19,0.477596,0.765563,0.504341,0.210858,0.408936,0.014384,-0.021812,-0.049845,June
20,0.482165,0.671234,0.517524,0.161405,0.394900,0.014958,-0.023816,-0.049620,June
21,0.479443,0.488748,0.499481,0.142140,0.314110,0.017508,-0.023841,-0.039419,June
22,0.464309,0.577864,0.510521,0.151473,0.290978,0.021373,-0.022782,-0.042786,June
23,0.442074,0.571238,0.515078,0.131267,0.249898,0.029389,-0.021408,0.058641,June
0,0.272971,0.470728,0.793930,0.540292,0.556534,-0.044496,-0.034739,-0.018903,January
1,0.225636,0.566230,0.798691,0.464236,0.540112,-0.046228,-0.034823,-0.019645,January
2,0.239236,0.525770,0.793618,0.555566,0.527507,-0.046636,-0.034831,-0.019841,January
3,0.190111,0.666409,0.794841,0.509827,0.526120,-0.046723,-0.034853,-0.019863,January
4,0.120917,0.736169,0.809529,0.564984,0.584509,-0.046670,-0.034324,-0.019850,January
5,0.139485,0.747858,0.829026,0.469461,0.499073,-0.046239,-0.034697,-0.019694,January
6,0.155843,0.679870,0.831479,0.377142,0.452939,-0.043160,-0.030312,-0.014123,January
7,0.155156,0.713934,0.872523,0.281625,0.348345,0.001928,0.137000,0.137141,January
8,0.192694,0.689723,0.882442,0.351995,0.403444,0.124152,0.336459,0.297680,January
9,0.231911,0.705962,0.879093,0.443313,0.427428,0.292047,0.342184,0.587315,January
10,0.272547,0.633445,0.867533,0.523795,0.525086,0.383638,0.419060,0.550146,January
11,0.291732,0.626232,0.830180,0.515475,0.525260,0.338209,0.420991,0.312419,January
12,0.321288,0.440957,0.813086,0.445544,0.452253,0.362951,0.431988,0.508139,January
13,0.320433,0.427075,0.804436,0.327349,0.384810,0.332085,0.420408,0.566701,January
14,0.291239,0.468418,0.811458,0.276762,0.302886,0.128079,0.361569,0.303555,January
15,0.223050,0.573546,0.821371,0.238255,0.294794,0.007130,0.163512,0.104656,January
16,0.195464,0.646972,0.815293,0.337775,0.308955,-0.041149,-0.032348,-0.015392,January
17,0.193000,0.682476,0.817719,0.267844,0.285608,-0.045623,-0.034657,-0.019506,January
18,0.156765,0.684432,0.817935,0.276949,0.304670,-0.046695,-0.034523,-0.019866,January
19,0.136316,0.736870,0.825414,0.282788,0.368422,-0.046737,-0.034817,-0.019870,January
20,0.146617,0.691007,0.811303,0.388216,0.530292,-0.046549,-0.034822,-0.019863,January
21,0.127523,0.650006,0.805627,0.369693,0.448009,-0.046128,-0.034849,-0.019785,January
22,0.126812,0.690469,0.823038,0.370027,0.428901,-0.045256,-0.034199,-0.019116,January
23,0.109536,0.685482,0.836977,0.322964,0.428522,-0.043442,-0.031371,-0.016481,January
0,0.465672,0.955050,0.500042,0.196494,0.283370,-0.012463,-0.090813,-0.039124,June
1,0.467306,0.844755,0.470642,0.339701,0.415539,-0.013874,-0.093803,-0.040306,June
2,0.447648,0.949793,0.461660,0.168851,0.346758,-0.017691,-0.094109,-0.041347,June
3,0.445882,0.934669,0.463231,0.143561,0.379783,-0.018501,-0.093383,-0.041464,June
4,0.472678,0.825561,0.475154,0.147758,0.348189,-0.015730,-0.063438,-0.038469,June
5,0.511660,0.590735,0.517721,0.237437,0.437946,0.167504,0.146369,0.500700,June
6,0.577237,0.565305,0.543225,0.439553,0.432337,0.309666,0.457471,0.407272,June
7,0.742067,0.379990,0.552986,0.528944,0.487012,0.634016,0.691587,0.752301,June
8,0.756135,0.261900,0.537860,0.585963,0.483374,0.600002,0.562280,0.867494,June
9,0.796123,0.222665,0.560012,0.588327,0.483322,0.777645,0.512116,0.884547,June
10,0.797350,0.211271,0.563759,0.578268,0.421814,0.949097,0.593000,0.917448,June
11,0.795954,0.221494,0.544464,0.581550,0.439825,0.961731,0.723859,0.918559,June
12,0.794512,0.220965,0.520400,0.564403,0.378300,0.903332,0.814507,0.900750,June
13,0.762253,0.205860,0.514033,0.575943,0.416328,0.824688,0.679428,0.861305,June
14,0.735030,0.220356,0.494790,0.516694,0.420409,0.638655,0.615838,0.696646,June
15,0.746332,0.237336,0.477117,0.394421,0.307440,0.472591,0.660082,0.800675,June
16,0.695221,0.446127,0.493215,0.274217,0.180157,0.172508,0.281285,0.549232,June
17,0.645107,0.534884,0.506865,0.120451,0.138514,0.058950,0.033198,0.215331,June
18,0.579164,0.629975,0.508183,0.103938,0.132747,-0.013743,-0.082232,-0.031759,June
19,0.491249,0.674312,0.518596,0.109932,0.162013,-0.018664,-0.092677,-0.041384,June
20,0.456249,0.925121,0.542103,0.128262,0.168528,-0.018187,-0.092535,-0.041376,June
21,0.444943,0.932384,0.545488,0.124302,0.159718,-0.017533,-0.092509,-0.041043,June
22,0.438008,0.963506,0.541856,0.090025,0.133293,-0.013751,-0.091432,-0.041163,June
23,0.436268,0.976798,0.523811,0.078254,0.100493,-0.012068,-0.088568,-0.036664,June
0,0.109888,1.026182,0.611174,0.251789,0.314836,-0.016616,-0.026872,-0.046993,December
1,0.134067,1.009579,0.609304,0.278677,0.327800,-0.017632,-0.026946,-0.047308,December
2,0.123968,1.004613,0.574571,0.170777,0.246391,-0.017895,-0.026994,-0.047342,December
3,0.126308,0.995906,0.541186,0.138498,0.294101,-0.017906,-0.027007,-0.047297,December
4,0.124264,0.999459,0.527787,0.125414,0.188104,-0.017047,-0.026853,-0.046571,December
5,0.115483,0.980931,0.538233,0.088216,0.174571,-0.010616,-0.026305,-0.037763,December
6,0.113556,1.010625,0.564908,0.151661,0.214096,-0.004472,-0.023366,-0.033302,December
7,0.147512,0.981047,0.586071,0.186329,0.330088,0.028427,0.038124,0.097656,December
8,0.260941,0.790787,0.580826,0.130563,0.157601,0.163930,0.145026,0.378291,December
9,0.345180,0.602855,0.592812,0.211086,0.168600,0.323714,0.160371,0.539305,December
10,0.395199,0.456949,0.589370,0.344604,0.226568,0.433666,0.152006,0.706362,December
11,0.404795,0.434648,0.548228,0.389015,0.265114,0.506966,0.265315,0.752514,December
12,0.410129,0.421851,0.509475,0.342348,0.155996,0.458776,0.243119,0.715844,December
13,0.392273,0.431647,0.507395,0.416939,0.241859,0.372019,0.220882,0.650163,December
14,0.342218,0.500763,0.506028,0.360656,0.256545,0.142491,0.105112,0.390095,December
15,0.265797,0.793655,0.507729,0.211112,0.247145,0.013532,0.011527,0.081062,December
16,0.220511,0.809761,0.506073,0.250781,0.133889,-0.011256,-0.024668,-0.037737,December
17,0.192952,0.864315,0.509240,0.134500,0.135242,-0.016915,-0.026482,-0.046934,December
18,0.175491,0.880773,0.520584,0.147789,0.178881,-0.017830,-0.026892,-0.047316,December
19,0.154406,0.917363,0.516356,0.218643,0.294574,-0.017875,-0.026976,-0.047255,December
20,0.135444,0.916921,0.511699,0.238119,0.328370,-0.017424,-0.026950,-0.047241,December
21,0.118336,0.972326,0.512999,0.250736,0.340702,-0.017720,-0.026916,-0.047297,December
22,0.134133,0.943852,0.521683,0.280290,0.412732,-0.016730,-0.026096,-0.046791,December
23,0.111165,0.906424,0.522781,0.305616,0.409104,-0.014963,-0.025249,-0.044212,December
0,0.391807,0.767380,0.533841,0.407044,0.575857,-0.018306,-0.025957,-0.010488,September
1,0.390734,0.782487,0.504833,0.249602,0.447303,-0.019389,-0.026996,-0.011071,September
2,0.395368,0.769030,0.483556,0.252136,0.384125,-0.020496,-0.027186,-0.011137,September
3,0.386411,0.838111,0.485897,0.245758,0.340604,-0.020675,-0.027161,-0.011006,September
4,0.382552,0.848016,0.498832,0.296228,0.389299,-0.015169,0.020394,-0.009194,September
5,0.395384,0.831261,0.506669,0.256109,0.416021,0.040272,0.218004,0.046521,September
6,0.449828,0.606372,0.522647,0.226453,0.356587,0.192870,0.324085,0.344633,September
7,0.539680,0.491466,0.540864,0.210863,0.201087,0.387133,0.422713,0.474904,September
8,0.650198,0.302150,0.586434,0.228966,0.183492,0.586377,0.416668,0.839169,September
9,0.679309,0.162608,0.587904,0.220563,0.181579,0.748342,0.433581,0.927033,September
10,0.719549,0.082337,0.578351,0.274578,0.246833,0.783446,0.425492,0.934117,September
11,0.725062,0.067459,0.566199,0.504724,0.408037,0.782784,0.427164,0.932483,September
12,0.726399,0.072456,0.520645,0.683623,0.630374,0.755817,0.433110,0.898196,September
13,0.690931,0.088190,0.481283,0.689450,0.670961,0.629827,0.420362,0.859259,September
14,0.675197,0.111350,0.469815,0.674261,0.635637,0.497011,0.399948,0.781857,September
15,0.643250,0.099828,0.462765,0.600459,0.571289,0.283841,0.351162,0.703849,September
16,0.640297,0.223354,0.463331,0.303958,0.516216,0.077009,0.181892,0.496927,September
17,0.551050,0.319953,0.461735,0.309746,0.534859,-0.007039,-0.011485,0.045107,September
18,0.598797,0.294406,0.462285,0.352763,0.579138,-0.020133,-0.025392,-0.005445,September
19,0.503566,0.299849,0.466357,0.338130,0.652839,-0.020562,-0.027122,-0.010662,September
20,0.488998,0.411665,0.469677,0.388757,0.661013,-0.019853,-0.027138,-0.010467,September
21,0.461200,0.449167,0.475223,0.421152,0.625904,-0.019011,-0.027008,-0.009712,September
22,0.418392,0.598011,0.476577,0.375323,0.579639,-0.017197,-0.026549,-0.008284,September
23,0.402262,0.655573,0.478299,0.350080,0.569776,-0.018115,-0.023514,-0.006784,September
0,0.441198,0.879115,0.564483,0.305302,0.290523,-0.069276,-0.071053,-0.016884,May
1,0.425574,0.874809,0.565880,0.292368,0.275124,-0.069698,-0.066356,-0.015338,May
2,0.432869,0.795782,0.560389,0.105767,0.156185,-0.079837,-0.071586,-0.016915,May
3,0.409038,0.932979,0.546422,0.128152,0.118191,-0.080832,-0.072745,-0.017109,May
4,0.378514,0.979325,0.581440,0.216927,0.225077,-0.077562,-0.025425,-0.016738,May
5,0.399757,0.955343,0.580665,0.286005,0.266506,-0.041043,0.118175,0.012101,May
6,0.439412,0.737021,0.591361,0.342203,0.262180,0.113343,0.195379,0.108458,May
7,0.480445,0.511444,0.594018,0.354976,0.286629,0.338764,0.322289,0.496580,May
8,0.500274,0.323229,0.591435,0.373172,0.288286,0.461727,0.704210,0.522498,May
9,0.510734,0.268947,0.596416,0.368258,0.271666,0.556729,0.849279,0.551498,May
10,0.516280,0.268939,0.597663,0.365619,0.264915,0.623536,0.855818,0.513571,May
11,0.515872,0.275390,0.586578,0.359807,0.271794,0.554457,0.927653,0.312867,May
12,0.474851,0.574283,0.575002,0.205921,0.128850,0.539633,0.926719,0.270652,May
13,0.491340,0.464073,0.552189,0.261175,0.128827,0.259031,0.863887,0.091158,May
14,0.481536,0.384080,0.542516,0.265122,0.132525,0.207505,0.420243,0.115910,May
15,0.484103,0.381075,0.534613,0.265591,0.138565,0.126913,0.327510,0.264601,May
16,0.474348,0.545257,0.539873,0.335265,0.200660,0.134597,0.153235,0.455803,May
17,0.450996,0.583691,0.536407,0.353378,0.259516,-0.034439,-0.058068,0.216485,May
18,0.419833,0.864251,0.548721,0.211586,0.144629,-0.080058,-0.070297,-0.015578,May
19,0.402820,0.910913,0.553209,0.069074,0.044469,-0.081852,-0.072439,-0.017291,May
20,0.397728,0.932671,0.559876,0.043955,0.026242,-0.081460,-0.073457,-0.017265,May
21,0.386593,0.943084,0.557910,0.028541,0.009001,-0.080575,-0.073126,-0.016879,May
22,0.376116,0.974708,0.550645,0.027883,0.011291,-0.080335,-0.073620,-0.017189,May
23,0.373249,0.975202,0.540083,0.042124,0.043180,-0.077124,-0.072551,-0.016479,May
0,0.263954,0.925532,0.429681,0.186453,0.272102,-0.007473,-0.018024,0.014632,December
1,0.261931,0.926795,0.429837,0.176258,0.264919,-0.008095,-0.018116,0.014428,December
2,0.259409,0.929719,0.428878,0.174523,0.263958,-0.008143,-0.018142,0.014427,December
3,0.260152,0.924436,0.430316,0.172901,0.268647,-0.008115,-0.018112,0.014489,December
4,0.259136,0.923942,0.430660,0.206802,0.320314,-0.007720,-0.017638,0.014837,December
5,0.268915,0.914127,0.436866,0.206444,0.415525,-0.006266,-0.017478,0.016446,December
6,0.270390,0.901005,0.445473,0.233531,0.396518,-0.002367,-0.007638,0.021221,December
7,0.315682,0.841813,0.464088,0.366282,0.506618,0.048851,0.085718,0.103416,December
8,0.393306,0.701304,0.468696,0.461103,0.477898,0.318346,0.295765,0.743096,December
9,0.413064,0.562926,0.484983,0.517654,0.402040,0.461766,0.295325,0.812139,December
10,0.429470,0.497186,0.510700,0.621090,0.525296,0.486022,0.293553,0.815208,December
11,0.431020,0.474677,0.516361,0.636452,0.572491,0.481302,0.311240,0.774223,December
12,0.437288,0.452424,0.476176,0.618335,0.437896,0.407870,0.310363,0.622120,December
13,0.435935,0.452960,0.475428,0.611588,0.483222,0.290271,0.285172,0.670342,December
14,0.423372,0.464090,0.501117,0.623257,0.570472,0.181557,0.183837,0.333838,December
15,0.352307,0.534485,0.524909,0.609276,0.575612,0.030044,0.040290,0.132609,December
16,0.344664,0.673310,0.549270,0.534623,0.534674,0.003922,0.005400,0.038057,December
17,0.331101,0.601157,0.558818,0.525498,0.519916,-0.005222,-0.015829,0.021696,December
18,0.343218,0.655021,0.562001,0.554021,0.545866,-0.007935,-0.017682,0.015283,December
19,0.326890,0.569756,0.567000,0.530020,0.568110,-0.007988,-0.018133,0.015411,December
20,0.341808,0.493921,0.564703,0.534248,0.568059,-0.006880,-0.018012,0.015813,December
21,0.361611,0.470810,0.569897,0.523249,0.559458,-0.007326,-0.017472,0.015409,December
22,0.313648,0.507521,0.572676,0.516865,0.568305,-0.006783,-0.016445,0.016637,December
23,0.301006,0.486536,0.573393,0.542149,0.568637,0.000014,-0.010980,0.021709,December
0,0.580410,0.889947,0.546673,0.249396,0.196828,-0.077681,-0.060835,-0.065663,October
1,0.562007,0.835719,0.545697,0.162320,0.112983,-0.078863,-0.060745,-0.065721,October
2,0.545413,0.943107,0.542982,0.124229,0.095183,-0.079660,-0.061285,-0.065775,October
3,0.534739,1.009917,0.542510,0.129805,0.116411,-0.079642,-0.060991,-0.065749,October
4,0.529764,1.026688,0.544849,0.073913,0.079835,-0.079389,-0.057106,-0.065638,October
5,0.530682,1.044337,0.550049,0.144194,0.124444,-0.074339,-0.055055,-0.052021,October
6,0.542379,0.985249,0.552090,0.193709,0.186910,-0.033230,0.150594,0.089069,October
7,0.597031,0.804016,0.553642,0.144711,0.155127,0.319818,0.618422,0.647736,October
8,0.620455,0.693508,0.552492,0.113142,0.095887,0.373798,0.777327,0.675776,October
9,0.656631,0.505299,0.552598,0.180369,0.115791,0.445994,0.921641,0.701608,October
10,0.670122,0.468003,0.550872,0.192187,0.129570,0.530271,1.031019,0.709249,October
11,0.673645,0.462453,0.543104,0.129343,0.102902,0.554992,0.966446,0.731543,October
12,0.671737,0.661538,0.542427,0.181091,0.148819,0.525147,0.802199,0.721083,October
13,0.656998,0.632674,0.540019,0.277486,0.167344,0.349990,0.691594,0.577016,October
14,0.654313,0.590859,0.529826,0.257541,0.178967,0.170915,0.380143,0.507658,October
15,0.651643,0.751416,0.528683,0.174590,0.155432,0.087301,0.170713,0.367413,October
16,0.592847,0.949419,0.529228,0.089435,0.091925,-0.067413,-0.025750,-0.040433,October
17,0.584915,0.967269,0.530388,0.086716,0.121394,-0.077589,-0.059386,-0.064299,October
18,0.583442,0.997237,0.528059,0.094523,0.106618,-0.079573,-0.060988,-0.065711,October
19,0.566665,1.031905,0.524885,0.082036,0.109484,-0.079652,-0.061372,-0.065754,October
20,0.585005,1.047976,0.522848,0.054567,0.069142,-0.078822,-0.061409,-0.065619,October
21,0.577905,1.047524,0.518872,0.129711,0.126825,-0.079091,-0.061254,-0.065695,October
22,0.563478,1.048064,0.515742,0.159984,0.160403,-0.078751,-0.061074,-0.065628,October
23,0.568432,1.054982,0.514096,0.139630,0.166372,-0.078437,-0.058122,-0.065555,October
0,0.336636,0.790235,0.517586,0.261112,0.348933,-0.011986,-0.003107,0.011744,November
1,0.329092,0.739232,0.516384,0.278698,0.373471,-0.012520,-0.003223,0.011347,November
2,0.323667,0.731071,0.504352,0.278659,0.394502,-0.012643,-0.003240,0.011273,November
3,0.326487,0.737277,0.482251,0.269985,0.380735,-0.012648,-0.003244,0.011311,November
4,0.323589,0.820949,0.481113,0.310656,0.454201,-0.012430,-0.002878,0.011470,November
5,0.323581,0.789362,0.482840,0.315501,0.485083,-0.010254,-0.001770,0.013195,November
6,0.328160,0.826223,0.483574,0.387249,0.481632,0.003546,0.016462,0.034043,November
7,0.384207,0.727582,0.489308,0.401573,0.494686,0.107002,0.219650,0.405833,November
8,0.507070,0.525705,0.431583,0.401941,0.442291,0.275831,0.261132,0.541401,November
9,0.546265,0.369004,0.424744,0.600278,0.492928,0.357951,0.407244,0.504404,November
10,0.547890,0.365186,0.424281,0.674254,0.553101,0.444224,0.484041,0.197043,November
11,0.555733,0.378764,0.409923,0.639999,0.535439,0.539392,0.481469,0.262352,November
12,0.556856,0.559869,0.444996,0.720633,0.700018,0.446436,0.380971,0.315718,November
13,0.547248,0.501377,0.413910,0.779164,0.686455,0.389643,0.254122,0.395208,November
14,0.550772,0.458408,0.406194,0.767250,0.719561,0.329169,0.205375,0.724586,November
15,0.546908,0.514948,0.387100,0.723480,0.683529,0.131392,0.054906,0.584156,November
16,0.488240,0.746849,0.377295,0.660108,0.704035,-0.006297,0.004201,0.023059,November
17,0.500322,0.703859,0.387529,0.666668,0.681356,-0.011002,-0.002749,0.012360,November
18,0.506390,0.773149,0.383384,0.492536,0.478619,-0.011816,-0.002908,0.011537,November
19,0.496097,0.797999,0.392521,0.329326,0.413089,-0.012160,-0.003102,0.011405,November
20,0.456727,0.817962,0.400286,0.298110,0.394890,-0.011983,-0.003141,0.011540,November
21,0.512981,0.810937,0.384585,0.320835,0.388200,-0.012220,-0.003020,0.011303,November
22,0.518877,0.762768,0.382506,0.351992,0.476623,-0.010518,-0.002252,0.011848,November
23,0.523473,0.781538,0.363624,0.371056,0.506750,-0.008657,0.000320,0.013781,November
0,0.708772,0.786650,0.411703,0.304662,0.361179,-0.086190,-0.083751,-0.084513,September
1,0.700852,0.829475,0.412399,0.275228,0.383709,-0.086784,-0.082752,-0.084801,September
2,0.693677,0.926721,0.410490,0.165782,0.345839,-0.088608,-0.082424,-0.084882,September
3,0.692546,0.909648,0.414733,0.114829,0.329671,-0.086082,-0.084325,-0.084407,September
4,0.691752,1.018317,0.418586,0.125147,0.325915,-0.086599,-0.076487,-0.066206,September
5,0.697458,1.019337,0.421648,0.111178,0.303595,-0.048382,-0.042271,0.103836,September
6,0.725115,0.978350,0.425689,0.155032,0.225811,0.055247,0.306526,0.357254,September
7,0.768488,0.782257,0.427731,0.208686,0.254089,0.290537,0.699787,0.562563,September
8,0.763241,0.644126,0.428357,0.361932,0.260665,0.426053,0.752981,0.558662,September
9,0.767849,0.627937,0.430936,0.423805,0.355509,0.488566,0.709888,0.542096,September
10,0.772542,0.608002,0.430339,0.419309,0.372298,0.585523,1.010250,0.523908,September
11,0.774696,0.631830,0.429118,0.423417,0.405659,0.590392,1.066761,0.505089,September
12,0.775005,0.662117,0.425745,0.430006,0.375182,0.580957,1.042076,0.529948,September
13,0.767679,0.637907,0.425478,0.434612,0.391508,0.518677,1.026829,0.459857,September
14,0.769072,0.667274,0.421427,0.401989,0.374559,0.293485,0.734352,0.262076,September
15,0.765419,0.708310,0.417751,0.357084,0.336832,0.120640,0.697340,0.331917,September
16,0.764990,0.824602,0.417094,0.391294,0.358483,0.035672,0.243914,0.097989,September
17,0.735720,0.887100,0.417690,0.234162,0.277314,-0.071477,-0.056342,-0.060155,September
18,0.722730,0.981376,0.419017,0.134760,0.229723,-0.088015,-0.080000,-0.084863,September
19,0.709694,1.033873,0.426079,0.101497,0.180676,-0.088797,-0.084821,-0.084938,September
20,0.721372,1.011674,0.425873,0.152596,0.199324,-0.087537,-0.085515,-0.084912,September
21,0.727310,0.963004,0.422530,0.213259,0.301616,-0.086905,-0.085499,-0.084443,September
22,0.712186,0.988860,0.424242,0.251386,0.368592,-0.087024,-0.085518,-0.084669,September
23,0.707490,0.994445,0.421768,0.218813,0.358201,-0.081792,-0.081909,-0.083665,September
0,0.588518,0.863651,0.510033,0.304877,0.311612,-0.109977,-0.078480,-0.038045,July
1,0.588259,0.851495,0.508248,0.173617,0.189634,-0.112816,-0.079556,-0.041380,July
2,0.604341,0.873486,0.506269,0.116784,0.117273,-0.110002,-0.079893,-0.041422,July
3,0.578505,0.862296,0.505167,0.096823,0.096505,-0.108383,-0.079313,-0.036978,July
4,0.591430,0.825319,0.505583,0.091748,0.098220,-0.101625,-0.029635,-0.010159,July
5,0.728076,0.650951,0.507986,0.164605,0.144645,-0.004513,0.252840,0.265511,July
6,0.821820,0.447022,0.511615,0.134769,0.149063,0.161027,0.355679,0.382767,July
7,0.840172,0.278986,0.512794,0.147438,0.103922,0.630957,0.602147,0.859187,July
8,0.873398,0.164826,0.516906,0.121849,0.134577,0.668585,0.492459,0.901528,July
9,0.895212,0.135617,0.524107,0.159700,0.117738,0.900297,0.615649,1.007412,July
10,0.900957,0.128145,0.522434,0.427752,0.283574,0.964178,0.612981,1.017715,July
11,0.902914,0.107353,0.528587,0.485172,0.394992,0.968055,0.536876,1.005399,July
12,0.863047,0.203566,0.532190,0.292424,0.260710,0.626527,0.584638,0.924227,July
13,0.865414,0.298031,0.527513,0.326895,0.282296,0.398712,0.529303,0.373230,July
14,0.860238,0.273300,0.530145,0.376012,0.278663,0.412560,0.547513,0.594100,July
15,0.874177,0.159980,0.528496,0.403646,0.312563,0.455641,0.537173,0.745743,July
16,0.851671,0.351757,0.512144,0.355700,0.253880,0.114050,0.269505,0.213696,July
17,0.805338,0.554040,0.521141,0.265290,0.221367,-0.026445,0.101697,0.293760,July
18,0.772571,0.541693,0.530915,0.190335,0.238004,-0.107555,-0.069753,0.010972,July
19,0.682751,0.690507,0.544833,0.233308,0.277743,-0.106153,-0.079522,-0.037891,July
20,0.623693,0.788966,0.554862,0.253002,0.303033,-0.113390,-0.079068,-0.037983,July
21,0.622290,0.807327,0.555355,0.234611,0.324118,-0.113440,-0.078183,-0.042146,July
22,0.622917,0.817555,0.556380,0.224384,0.311993,-0.109352,-0.076232,-0.043222,July
23,0.627032,0.811681,0.556953,0.166597,0.337994,-0.101268,-0.071857,-0.031235,July
0,0.225192,0.907880,0.515651,0.109608,0.095746,-0.011443,-0.007611,0.014806,November
1,0.228792,0.834638,0.509304,0.162732,0.192353,-0.014749,-0.008112,0.013587,November
2,0.229029,0.826681,0.489112,0.208111,0.246192,-0.015222,-0.008021,0.013519,November
3,0.249130,0.767750,0.457345,0.209848,0.322994,-0.015256,-0.008061,0.013518,November
4,0.223579,0.874907,0.456470,0.293074,0.393412,-0.014871,-0.007281,0.013792,November
5,0.219780,0.914097,0.480726,0.175400,0.290181,-0.009564,-0.007485,0.014479,November
6,0.233665,0.919382,0.491029,0.196301,0.328815,0.007136,0.006162,0.041790,November
7,0.293742,0.786854,0.500748,0.276741,0.338158,0.096511,0.116570,0.117459,November
8,0.329471,0.535477,0.509782,0.310919,0.289767,0.273696,0.179672,0.465577,November
9,0.386541,0.436556,0.491224,0.219913,0.253926,0.373056,0.173529,0.691696,November
10,0.403991,0.411259,0.478426,0.331493,0.337103,0.404527,0.191525,0.725773,November
11,0.407108,0.406369,0.459569,0.403747,0.332831,0.264380,0.255179,0.426407,November
12,0.418100,0.396306,0.425344,0.431477,0.301947,0.347658,0.270866,0.272062,November
13,0.416848,0.400399,0.432180,0.441625,0.386572,0.278036,0.229905,0.370466,November
14,0.397897,0.434496,0.423439,0.446195,0.499366,0.130837,0.165253,0.126554,November
15,0.330532,0.546411,0.415137,0.366764,0.455529,0.035273,0.042438,0.040094,November
16,0.320948,0.674178,0.407305,0.373057,0.478129,-0.011694,-0.006058,0.015924,November
17,0.319788,0.686529,0.406084,0.346538,0.493227,-0.014655,-0.007909,0.013575,November
18,0.337674,0.676801,0.409051,0.286946,0.339959,-0.015145,-0.008042,0.013512,November
19,0.330635,0.799318,0.399928,0.259844,0.310036,-0.015227,-0.008118,0.013524,November
20,0.295496,0.902274,0.398853,0.331311,0.365391,-0.014797,-0.008047,0.013561,November
21,0.343493,0.895458,0.400250,0.333589,0.404734,-0.014911,-0.008159,0.013525,November
22,0.348095,0.812051,0.393411,0.405641,0.507407,-0.012641,-0.007837,0.014201,November
23,0.356667,0.879994,0.387019,0.414216,0.502235,-0.009678,-0.006248,0.016085,November
0,0.529689,0.553146,0.508807,0.611818,0.676011,-0.090741,-0.047941,0.006122,August
1,0.517635,0.588595,0.507380,0.493284,0.650038,-0.092427,-0.051136,0.005994,August
2,0.505012,0.631148,0.502533,0.490583,0.645276,-0.093606,-0.051377,0.005948,August
3,0.507840,0.655138,0.495721,0.487106,0.646909,-0.093513,-0.051743,0.006199,August
4,0.512553,0.568101,0.495777,0.529171,0.659589,-0.087277,-0.034815,0.019893,August
5,0.525196,0.619144,0.496580,0.385270,0.551119,0.028969,0.034181,0.331609,August
6,0.585240,0.555851,0.500127,0.360254,0.460272,0.189984,0.312233,0.710968,August
7,0.609179,0.374716,0.503983,0.466185,0.469857,0.430970,0.379122,0.780148,August
8,0.651396,0.278692,0.507932,0.651458,0.476099,0.542976,0.442355,0.659374,August
9,0.677841,0.197368,0.508167,0.625297,0.491923,0.745664,0.439556,0.851447,August
10,0.700716,0.143386,0.506212,0.462782,0.472289,0.862450,0.419181,0.912108,August
11,0.713671,0.114956,0.496067,0.522943,0.466644,0.911490,0.427337,0.918614,August
12,0.732674,0.095889,0.487989,0.746876,0.527290,0.907507,0.439392,0.918649,August
13,0.711318,0.113273,0.482836,0.747501,0.554204,0.862693,0.442175,0.911138,August
14,0.698249,0.132170,0.475754,0.662202,0.500873,0.551959,0.412526,0.732425,August
15,0.689794,0.172398,0.469350,0.643756,0.477942,0.348564,0.392365,0.658381,August
16,0.677862,0.252671,0.462960,0.400027,0.451393,0.129468,0.244085,0.553420,August
17,0.649338,0.320925,0.457419,0.356111,0.458616,0.015420,0.126735,0.246992,August
18,0.645720,0.365859,0.456424,0.402571,0.524517,-0.088030,-0.034978,0.026680,August
19,0.574595,0.388956,0.461372,0.463294,0.632750,-0.092052,-0.050806,0.007517,August
20,0.556732,0.556213,0.465027,0.660293,0.674554,-0.090196,-0.051427,0.007229,August
21,0.561259,0.577325,0.458260,0.671429,0.675422,-0.092095,-0.051395,0.006549,August
22,0.560909,0.606018,0.457435,0.698191,0.684243,-0.088392,-0.050407,0.007981,August
23,0.545849,0.565655,0.454420,0.768807,0.685450,-0.084179,-0.040828,0.013183,August
0,0.509905,1.031109,0.536823,0.079919,0.132162,-0.066821,-0.071093,-0.046662,June
1,0.505190,1.029153,0.524394,0.131605,0.158982,-0.067355,-0.073108,-0.046726,June
2,0.510089,1.022873,0.521656,0.250551,0.276477,-0.067548,-0.073324,-0.046729,June
3,0.512041,1.008202,0.518814,0.276359,0.307057,-0.066783,-0.073650,-0.046032,June
4,0.521179,1.021153,0.532501,0.305179,0.318629,-0.063667,-0.065091,-0.031381,June
5,0.547273,0.935832,0.543371,0.249466,0.291942,0.019406,0.294121,0.070659,June
6,0.685384,0.779953,0.543119,0.249105,0.102131,0.203666,0.449444,0.656244,June
7,0.729919,0.550066,0.549067,0.345848,0.130840,0.339022,0.850976,0.616904,June
8,0.771801,0.539797,0.557158,0.372111,0.258503,0.623729,0.719600,0.691603,June
9,0.825247,0.335824,0.558112,0.336856,0.180095,0.860314,0.865396,0.883441,June
10,0.845445,0.211582,0.554843,0.305457,0.150997,0.955125,0.949094,0.926657,June
11,0.848039,0.155282,0.545936,0.241609,0.100571,0.962400,0.753932,0.927611,June
12,0.827516,0.297877,0.549764,0.166870,0.066056,0.924123,1.002841,0.897017,June
13,0.816637,0.269528,0.550044,0.145503,0.039720,0.717060,1.021332,0.470817,June
14,0.796028,0.230307,0.546648,0.171058,0.047888,0.576684,0.880977,0.471841,June
15,0.759995,0.284928,0.536859,0.251311,0.072565,0.470773,0.666968,0.368921,June
16,0.788398,0.322034,0.520811,0.196798,0.080178,0.099365,0.406070,0.170756,June
17,0.765703,0.402180,0.532785,0.106665,0.059800,-0.001253,0.363793,0.060665,June
18,0.686661,0.544852,0.542868,0.014698,0.008433,-0.065194,-0.042011,-0.022005,June
19,0.617658,0.502099,0.542060,0.015728,0.001533,-0.058093,-0.072115,-0.038048,June
20,0.535337,0.949224,0.560230,0.029545,0.009803,-0.064599,-0.072817,-0.036477,June
21,0.525622,0.996330,0.561315,0.067636,0.027754,-0.065301,-0.072956,-0.045231,June
22,0.525610,0.985707,0.562755,0.057949,0.025992,-0.058814,-0.070212,-0.044860,June
23,0.553389,0.995772,0.562401,0.048026,0.025043,-0.045281,-0.067980,-0.032971,June
0,0.470338,0.785160,0.499261,0.318438,0.450011,-0.023961,-0.006491,0.005554,November
1,0.483292,0.689747,0.499238,0.322662,0.456033,-0.024561,-0.007037,0.005525,November
2,0.489138,0.738518,0.502003,0.307742,0.453304,-0.024770,-0.006974,0.005515,November
3,0.470604,0.707278,0.501754,0.255786,0.425929,-0.024749,-0.006894,0.005523,November
4,0.489736,0.679506,0.514651,0.224888,0.424264,-0.024616,-0.006453,0.005586,November
5,0.478029,0.662084,0.534680,0.149792,0.328071,-0.024050,-0.006367,0.005633,November
6,0.432977,0.725215,0.536179,0.078744,0.240301,-0.020948,0.002138,0.006452,November
7,0.436577,0.716240,0.544840,0.074706,0.198465,0.014754,0.158881,0.008265,November
8,0.465745,0.715915,0.539819,0.180195,0.216519,0.027759,0.340038,0.016876,November
9,0.495328,0.617651,0.556952,0.234103,0.310235,0.118161,0.562467,0.042560,November
10,0.493439,0.578655,0.567458,0.211709,0.247834,0.152847,0.786750,0.049679,November
11,0.481319,0.566206,0.554346,0.203556,0.212706,0.184873,0.764065,0.070513,November
12,0.465870,0.653264,0.567268,0.279728,0.335563,0.169313,0.765066,0.057403,November
13,0.458270,0.698127,0.566512,0.258235,0.252339,0.125659,0.566334,0.041488,November
14,0.439466,0.655828,0.570224,0.194591,0.232270,0.082382,0.346346,0.057408,November
15,0.426436,0.694053,0.575242,0.158724,0.223575,0.019185,0.082345,0.039231,November
16,0.402220,0.754169,0.573854,0.173886,0.197831,-0.023634,0.000751,0.006268,November
17,0.403397,0.786429,0.577828,0.142780,0.186608,-0.024704,-0.006713,0.005549,November
18,0.396263,0.798813,0.581402,0.163230,0.168157,-0.024825,-0.006934,0.005516,November
19,0.390936,0.857658,0.583857,0.143872,0.206825,-0.024816,-0.007151,0.005547,November
20,0.389431,0.863247,0.585690,0.078044,0.142377,-0.024739,-0.007096,0.005547,November
21,0.388286,0.885604,0.586881,0.091951,0.159072,-0.024787,-0.006887,0.005513,November
22,0.390936,0.881762,0.587949,0.088725,0.220557,-0.024712,-0.005515,0.005517,November
23,0.389096,0.882227,0.588003,0.076177,0.168780,-0.024461,-0.004380,0.005582,November
0,0.564772,0.819840,0.499811,0.408361,0.455327,-0.071996,-0.059183,-0.033323,August
1,0.563271,0.790839,0.493505,0.380456,0.482397,-0.069785,-0.058619,-0.033348,August
2,0.547953,0.816524,0.481628,0.294450,0.480642,-0.075273,-0.058437,-0.033606,August
3,0.551555,0.893141,0.462483,0.349378,0.501312,-0.075185,-0.059134,-0.033505,August
4,0.550186,0.926562,0.465156,0.421091,0.490410,-0.069010,-0.033362,-0.029836,August
5,0.558179,0.932096,0.466071,0.265908,0.478190,0.040475,0.012299,0.168796,August
6,0.615969,0.787066,0.471510,0.492425,0.420268,0.237260,0.253686,0.690583,August
7,0.711603,0.442143,0.471223,0.615206,0.505041,0.454297,0.263959,0.772605,August
8,0.723732,0.363737,0.477859,0.641799,0.501150,0.655388,0.402719,0.792547,August
9,0.709220,0.345838,0.486786,0.639481,0.503961,0.701001,0.303128,0.660195,August
10,0.716113,0.374960,0.487610,0.629250,0.486038,0.675557,0.480444,0.299802,August
11,0.727534,0.427484,0.469300,0.619791,0.462694,0.637052,0.728978,0.233861,August
12,0.727753,0.354709,0.450464,0.360457,0.251370,0.758823,0.560762,0.701501,August
13,0.728587,0.358692,0.447974,0.269696,0.242908,0.699554,0.611646,0.597892,August
14,0.720695,0.381947,0.444523,0.237424,0.243675,0.302097,0.365902,0.348644,August
15,0.714238,0.438504,0.442223,0.317569,0.241994,0.198398,0.249377,0.358498,August
16,0.712947,0.546375,0.440439,0.374309,0.331178,0.096173,0.224372,0.254328,August
17,0.691601,0.666127,0.441270,0.463100,0.428420,-0.030817,0.022086,0.092810,August
18,0.670907,0.791177,0.443635,0.367221,0.453185,-0.071930,-0.042470,-0.006000,August
19,0.650927,0.797867,0.450969,0.282214,0.434861,-0.071260,-0.058667,-0.031421,August
20,0.666615,0.733044,0.461212,0.244282,0.430744,-0.071348,-0.059749,-0.023125,August
21,0.611409,0.857977,0.476246,0.294723,0.436317,-0.069503,-0.059495,-0.023946,August
22,0.566368,0.945979,0.480419,0.319117,0.478310,-0.072771,-0.058624,-0.033332,August
23,0.565205,0.946512,0.488720,0.390720,0.514652,-0.070388,-0.056896,-0.032268,August
0,0.288718,0.166473,0.409746,0.424344,0.573618,-0.022754,-0.072963,0.003920,April
1,0.314844,0.175496,0.408504,0.349445,0.560085,-0.026143,-0.074255,-0.003004,April
2,0.302415,0.165817,0.407961,0.543021,0.621297,-0.030338,-0.075196,-0.004164,April
3,0.269701,0.220246,0.412100,0.567333,0.616674,-0.034909,-0.074905,-0.004549,April
4,0.275052,0.255206,0.415670,0.327574,0.493889,-0.031820,-0.063799,-0.002769,April
5,0.274997,0.223339,0.433174,0.437899,0.587525,-0.010938,-0.027898,0.013521,April
6,0.321581,0.262486,0.441087,0.457365,0.584433,0.103996,0.201989,0.173935,April
7,0.399732,0.298864,0.437911,0.481064,0.556664,0.362042,0.517823,0.263888,April
8,0.376837,0.177507,0.439745,0.872371,0.652222,0.321152,0.720319,0.377677,April
9,0.394962,0.177692,0.437589,0.863012,0.665974,0.467740,0.733864,0.285347,April
10,0.424509,0.191963,0.447992,0.772283,0.612951,0.769078,0.779422,0.619557,April
11,0.430688,0.199597,0.451444,0.692461,0.561495,0.855665,0.698537,0.816121,April
12,0.431113,0.242078,0.453969,0.607309,0.490922,0.794592,0.545121,0.823126,April
13,0.431672,0.198018,0.447809,0.609171,0.555744,0.718063,0.548766,0.814172,April
14,0.423742,0.257977,0.453098,0.610342,0.573882,0.519969,0.347358,0.778722,April
15,0.403793,0.230512,0.447141,0.732861,0.613210,0.397996,0.343107,0.697921,April
16,0.335653,0.428599,0.524312,0.611606,0.508889,0.234849,0.034932,0.668157,April
17,0.307880,0.425607,0.545219,0.548054,0.462530,-0.005989,-0.050110,0.099636,April
18,0.267960,0.469633,0.563426,0.351019,0.387928,-0.032061,-0.053588,-0.002192,April
19,0.267720,0.605126,0.567763,0.293163,0.362028,-0.034091,-0.074039,-0.004531,April
20,0.203625,0.715422,0.595964,0.297420,0.372226,-0.030149,-0.074866,-0.002334,April
21,0.169734,0.733954,0.611970,0.316613,0.369702,-0.028272,-0.073736,-0.003201,April
22,0.170043,0.733415,0.614215,0.255516,0.375422,-0.026897,-0.073246,-0.003424,April
23,0.169913,0.755205,0.614422,0.262883,0.369033,-0.022375,-0.074042,-0.002987,April
0,0.198629,0.967567,0.506137,0.328882,0.210375,-0.011907,-0.067609,-0.020341,March
1,0.176057,0.961092,0.461969,0.344568,0.199605,-0.014668,-0.068230,-0.020434,March
2,0.163709,0.972352,0.444915,0.195042,0.184900,-0.015065,-0.067880,-0.020443,March
3,0.167118,0.967650,0.445486,0.154621,0.151077,-0.015004,-0.066729,-0.020430,March
4,0.166432,0.969138,0.446653,0.256491,0.251549,-0.012422,-0.065826,-0.020087,March
5,0.168346,0.963301,0.474614,0.293672,0.304384,-0.004834,-0.066652,-0.014389,March
6,0.175966,0.956688,0.496972,0.471151,0.527315,0.013651,-0.002423,0.020289,March
7,0.243327,0.874015,0.534546,0.624681,0.552663,0.285272,0.296120,0.263729,March
8,0.334933,0.770051,0.556533,0.703204,0.627015,0.492165,0.653302,0.513886,March
9,0.366417,0.630321,0.554499,0.671041,0.463231,0.556540,0.656895,0.498726,March
10,0.424564,0.600524,0.546968,0.570424,0.446675,0.594797,0.759639,0.430451,March
11,0.433726,0.493363,0.524638,0.478222,0.397910,0.632852,0.809086,0.517835,March
12,0.437084,0.471446,0.452795,0.459242,0.318529,0.631787,0.667300,0.525992,March
13,0.431065,0.495204,0.425068,0.462544,0.323703,0.439693,0.669109,0.292408,March
14,0.405926,0.548599,0.432229,0.436793,0.312460,0.216905,0.371219,0.145838,March
15,0.343449,0.592733,0.420525,0.505907,0.331205,0.183966,0.276516,0.080143,March
16,0.362581,0.777291,0.429778,0.496924,0.334457,0.021564,0.092795,0.067469,March
17,0.271309,0.885291,0.442482,0.548961,0.534060,-0.011524,-0.058749,-0.019338,March
18,0.256743,0.910960,0.446817,0.646364,0.661327,-0.014910,-0.066232,-0.020415,March
19,0.284016,0.835353,0.452141,0.689332,0.689340,-0.015003,-0.069018,-0.020416,March
20,0.289151,0.823412,0.444185,0.677450,0.687947,-0.013878,-0.069845,-0.020229,March
21,0.236431,0.857169,0.441221,0.572016,0.609832,-0.014589,-0.069857,-0.020405,March
22,0.220371,0.904230,0.423369,0.470493,0.564426,-0.012738,-0.069543,-0.019969,March
23,0.205492,0.912324,0.410171,0.557299,0.567004,-0.012573,-0.068359,-0.019679,March
0,0.494983,0.721324,0.531359,0.188089,0.242261,-0.054175,-0.024010,0.003971,September
1,0.472858,0.827443,0.510842,0.097533,0.208472,-0.054828,-0.024098,0.003850,September
2,0.474099,0.721202,0.488138,0.100979,0.157765,-0.055880,-0.023854,0.003827,September
3,0.467585,0.865633,0.469726,0.146300,0.223406,-0.055899,-0.023952,0.003938,September
4,0.458868,0.946054,0.491382,0.329619,0.394116,-0.053374,0.016332,0.004877,September
5,0.464497,0.952914,0.492279,0.218358,0.349941,0.010147,0.261926,0.026414,September
6,0.506335,0.777985,0.496028,0.162647,0.103533,0.206259,0.527059,0.464008,September
7,0.575157,0.442400,0.516779,0.117758,-0.035392,0.335525,0.597939,0.759813,September
8,0.683204,0.325926,0.539463,0.162777,0.010779,0.501355,0.692994,0.798783,September
9,0.719573,0.259195,0.547803,0.271216,0.086322,0.646936,0.722631,0.867395,September
10,0.737235,0.221993,0.542125,0.308531,0.244713,0.726400,0.730563,0.878106,September
11,0.743089,0.202849,0.523451,0.382507,0.337318,0.729633,0.735304,0.876614,September
12,0.749734,0.197800,0.506308,0.415763,0.360905,0.706271,0.710383,0.877000,September
13,0.730447,0.202855,0.502803,0.420987,0.383028,0.663048,0.676485,0.875029,September
14,0.696037,0.260122,0.476263,0.380320,0.330773,0.381863,0.593565,0.706799,September
15,0.651820,0.335602,0.466296,0.204532,0.147833,0.260149,0.517794,0.699688,September
16,0.649933,0.479951,0.454223,0.152391,0.264645,0.030221,0.317156,0.249984,September
17,0.605881,0.646474,0.455501,0.205085,0.345825,-0.049042,0.008622,0.024970,September
18,0.578073,0.794669,0.461018,0.187961,0.350726,-0.055933,-0.019736,0.004211,September
19,0.533305,0.826984,0.469120,0.117928,0.295377,-0.056063,-0.024158,0.003867,September
20,0.575073,0.866044,0.485897,0.132544,0.314689,-0.055707,-0.024504,0.004502,September
21,0.528205,0.861256,0.499230,0.127798,0.230650,-0.054868,-0.024513,0.005097,September
22,0.492067,0.926280,0.488694,0.107145,0.177119,-0.054263,-0.024437,0.004807,September
23,0.487938,0.945141,0.484669,0.099335,0.212927,-0.050236,-0.022697,0.005897,September
0,0.116103,0.728883,0.840147,0.339114,0.340190,-0.038729,0.021669,-0.064040,February
1,0.148878,0.720734,0.838911,0.320675,0.328794,-0.040156,0.021116,-0.064788,February
2,0.091319,0.827626,0.834275,0.248688,0.323625,-0.040454,0.021034,-0.064842,February
3,0.079308,0.905055,0.820622,0.280612,0.328972,-0.040588,0.021072,-0.064443,February
4,0.081241,0.975081,0.824065,0.271922,0.325828,-0.039146,0.022296,-0.062707,February
5,0.090628,1.008761,0.821869,0.228714,0.304739,-0.037008,0.024676,-0.061225,February
6,0.092996,0.961813,0.827865,0.187659,0.228126,-0.025469,0.035009,-0.024989,February
7,0.175840,0.832606,0.825114,0.281558,0.301109,0.148119,0.278857,0.396374,February
8,0.327720,0.553402,0.830894,0.345577,0.298108,0.330775,0.384318,0.740611,February
9,0.355770,0.512769,0.836298,0.351570,0.269847,0.439835,0.288753,0.724959,February
10,0.376715,0.494931,0.834633,0.339502,0.250542,0.591650,0.408669,0.707672,February
11,0.390972,0.519062,0.800922,0.325816,0.194642,0.605750,0.553392,0.735290,February
12,0.397812,0.470653,0.776776,0.300925,0.133133,0.568976,0.530078,0.788435,February
13,0.389656,0.470919,0.777271,0.268286,0.137623,0.573887,0.469589,0.792540,February
14,0.381790,0.495508,0.771578,0.188042,0.109910,0.300417,0.381715,0.692340,February
15,0.363550,0.637198,0.769519,0.101622,0.089111,0.155518,0.348162,0.589034,February
16,0.292906,0.789580,0.765887,0.098395,0.103877,-0.008278,0.056933,0.108096,February
17,0.214161,0.883525,0.768535,0.121767,0.127981,-0.034232,0.022778,-0.055604,February
18,0.200936,0.899021,0.768763,0.085737,0.107869,-0.040581,0.021626,-0.064548,February
19,0.132368,0.951215,0.765428,0.069384,0.090130,-0.040794,0.021040,-0.064886,February
20,0.114307,1.004489,0.763552,0.093236,0.110878,-0.040431,0.021073,-0.064862,February
21,0.096446,0.971559,0.763648,0.087050,0.118773,-0.040137,0.021080,-0.064722,February
22,0.091044,0.999653,0.762814,0.097282,0.124521,-0.037811,0.021249,-0.064571,February
23,0.076927,1.002539,0.762361,0.127974,0.192539,-0.036853,0.023302,-0.062634,February
0,0.496001,1.011533,0.539663,0.248151,0.335619,-0.026615,-0.081599,-0.066080,June
1,0.502494,0.995641,0.536794,0.360067,0.378947,-0.027215,-0.082896,-0.066078,June
2,0.499502,1.006442,0.514613,0.252138,0.374648,-0.030145,-0.082965,-0.066305,June
3,0.486954,1.005403,0.511242,0.145014,0.315423,-0.029678,-0.082762,-0.066118,June
4,0.508078,0.997115,0.513832,0.122366,0.268704,-0.022545,-0.053379,-0.051306,June
5,0.571332,0.832516,0.528924,0.190358,0.323724,0.266560,0.305582,0.457456,June
6,0.620189,0.807082,0.529492,0.197998,0.259762,0.381574,0.304319,0.397669,June
7,0.704824,0.625834,0.527673,0.164503,0.233076,0.515304,0.564345,0.553317,June
8,0.771113,0.342183,0.501254,0.344140,0.220264,0.641458,0.465655,0.760053,June
9,0.789216,0.295495,0.526478,0.363023,0.224338,0.768894,0.526956,0.761306,June
10,0.790207,0.310389,0.533046,0.308126,0.177845,0.858664,0.824801,0.679874,June
11,0.781206,0.371440,0.525279,0.283730,0.221932,0.890265,0.945879,0.741229,June
12,0.773377,0.409614,0.524629,0.243979,0.155029,0.802600,0.796989,0.591481,June
13,0.772593,0.344393,0.527208,0.427145,0.272890,0.714989,0.699168,0.607193,June
14,0.769823,0.378454,0.525293,0.377071,0.331587,0.508497,0.449429,0.522738,June
15,0.784939,0.377274,0.516823,0.197822,0.237407,0.464933,0.413912,0.653409,June
16,0.747212,0.422602,0.509935,0.229060,0.161591,0.214547,0.194700,0.540714,June
17,0.706091,0.569076,0.522673,0.249964,0.175294,0.053594,0.033302,0.252483,June
18,0.574646,0.866109,0.537568,0.232182,0.248177,-0.024764,-0.024595,-0.065408,June
19,0.517619,0.944119,0.537378,0.268689,0.338728,-0.030272,-0.068104,-0.066324,June
20,0.531781,0.968712,0.544227,0.141429,0.298178,-0.029666,-0.081577,-0.066132,June
21,0.518989,0.960070,0.543877,0.158336,0.254560,-0.027388,-0.082015,-0.063142,June
22,0.503784,0.970519,0.545635,0.099617,0.176007,-0.024974,-0.081680,-0.064873,June
23,0.494116,0.966973,0.544289,0.091117,0.151945,-0.016370,-0.080196,-0.056151,June
0,0.252539,0.968626,0.526267,0.051202,0.057755,-0.015128,-0.053847,0.002619,December
1,0.252189,0.968296,0.518677,0.110158,0.075280,-0.015828,-0.057317,0.002522,December
2,0.256129,0.969028,0.513075,0.092894,0.072848,-0.015857,-0.057847,0.002536,December
3,0.257523,0.962175,0.506085,0.103875,0.120149,-0.015807,-0.057802,0.002560,December
4,0.256819,0.957705,0.506385,0.053250,0.047327,-0.015582,-0.056730,0.002650,December
5,0.254063,0.942742,0.512816,0.042418,0.058249,-0.015355,-0.055391,0.002692,December
6,0.253712,0.960292,0.523430,0.057773,0.112549,-0.014618,-0.020819,0.002699,December
7,0.260986,0.937191,0.534233,0.137107,0.274817,0.001554,0.373577,0.006661,December
8,0.291470,0.951303,0.558596,0.155652,0.278416,0.070453,0.577028,0.018342,December
9,0.327139,0.898947,0.558181,0.101902,0.182539,0.097162,0.659764,0.026802,December
10,0.345061,0.849623,0.554213,0.133631,0.114121,0.132494,0.698128,0.032993,December
11,0.362058,0.691397,0.526843,0.142543,0.126120,0.133836,0.708739,0.035754,December
12,0.373698,0.636725,0.513821,0.162988,0.117527,0.134602,0.631014,0.036879,December
13,0.372803,0.638753,0.507487,0.191280,0.183494,0.100412,0.538750,0.037968,December
14,0.362817,0.693517,0.509641,0.174617,0.181321,0.030076,0.242266,0.012589,December
15,0.320190,0.837690,0.509729,0.151928,0.216468,-0.006695,0.045615,0.003860,December
16,0.312578,0.900623,0.507666,0.222208,0.266778,-0.013763,-0.047536,0.002779,December
17,0.299286,0.929372,0.515231,0.221500,0.284326,-0.015642,-0.055603,0.002522,December
18,0.281239,0.955253,0.517052,0.201962,0.276367,-0.015874,-0.057276,0.002518,December
19,0.272276,0.961596,0.515985,0.192324,0.246236,-0.015864,-0.057699,0.002519,December
20,0.273999,0.966604,0.519618,0.204736,0.270575,-0.015711,-0.057998,0.002524,December
21,0.273640,0.968720,0.517803,0.211680,0.269224,-0.015813,-0.058018,0.002519,December
22,0.271197,0.967076,0.513225,0.213148,0.268651,-0.015572,-0.057702,0.002536,December
23,0.271190,0.966782,0.508161,0.202150,0.274375,-0.015358,-0.056335,0.002557,December
0,0.565286,0.988448,0.543320,0.211955,0.266531,-0.016730,-0.068860,0.020470,October
1,0.555661,0.987126,0.544261,0.222931,0.302314,-0.017099,-0.069328,0.020441,October
2,0.556106,0.987448,0.540045,0.315458,0.368874,-0.017152,-0.069358,0.020440,October
3,0.557670,0.987041,0.540951,0.313980,0.370526,-0.017008,-0.069571,0.020502,October
4,0.542076,0.996477,0.539395,0.255170,0.368749,-0.016509,-0.068511,0.021053,October
5,0.538328,0.993418,0.541104,0.254254,0.352722,-0.014543,-0.060717,0.025601,October
6,0.560301,0.981898,0.553765,0.257316,0.365708,0.019835,0.145089,0.122281,October
7,0.591695,0.893138,0.568532,0.251266,0.306114,0.106856,0.645151,0.276127,October
8,0.628039,0.858272,0.577988,0.386052,0.313261,0.316064,0.795577,0.311333,October
9,0.641221,0.677916,0.579544,0.350997,0.287955,0.378264,0.738496,0.342910,October
10,0.659142,0.629258,0.581539,0.323891,0.271732,0.405070,0.877771,0.343937,October
11,0.664256,0.606126,0.578347,0.238022,0.212907,0.407944,0.847415,0.349403,October
12,0.666459,0.597873,0.566582,0.180196,0.199894,0.400606,0.903004,0.330397,October
13,0.666123,0.594902,0.552781,0.151671,0.197262,0.260150,0.904061,0.284174,October
14,0.654959,0.612420,0.558872,0.156404,0.206658,0.158506,0.551625,0.118650,October
15,0.608371,0.695013,0.558329,0.129444,0.200512,0.084077,0.300604,0.070683,October
16,0.589385,0.797302,0.573317,0.143534,0.228875,-0.009505,-0.034031,0.025204,October
17,0.568852,0.859890,0.578832,0.107494,0.238343,-0.015557,-0.067419,0.020772,October
18,0.553425,0.875169,0.581664,0.146848,0.298811,-0.017137,-0.068990,0.020443,October
19,0.546064,0.850741,0.583136,0.146908,0.349789,-0.017159,-0.069540,0.020440,October
20,0.542632,0.954583,0.584394,0.129027,0.329185,-0.017102,-0.069521,0.020443,October
21,0.537763,0.972305,0.584077,0.120463,0.278042,-0.017092,-0.069469,0.020444,October
22,0.536097,0.970712,0.583992,0.103854,0.249456,-0.016517,-0.069229,0.020477,October
23,0.534146,0.971419,0.583826,0.111635,0.236617,-0.016113,-0.068236,0.020635,October
0,0.172161,0.696093,0.570137,0.371660,0.414317,-0.057080,-0.062270,-0.034173,February
1,0.170197,0.700215,0.569707,0.391180,0.451471,-0.057645,-0.062771,-0.034332,February
2,0.164403,0.653425,0.569236,0.368632,0.402789,-0.057915,-0.062373,-0.034327,February
3,0.162561,0.652940,0.570895,0.379119,0.424457,-0.057530,-0.062974,-0.032881,February
4,0.161482,0.636269,0.583085,0.466751,0.438606,-0.057057,-0.059943,-0.029929,February
5,0.169380,0.565443,0.609291,0.353310,0.456009,-0.052766,-0.059532,-0.024378,February
6,0.175873,0.566502,0.647456,0.414104,0.493219,-0.045701,-0.027487,-0.009585,February
7,0.192063,0.506963,0.673756,0.596318,0.538693,-0.005137,0.273790,0.308175,February
8,0.238754,0.610118,0.675260,0.622113,0.502691,0.259001,0.409800,0.421888,February
9,0.231824,0.584296,0.685500,0.667756,0.479005,0.437755,0.499639,0.558056,February
10,0.250838,0.393774,0.681627,0.696369,0.625053,0.484965,0.537242,0.367255,February
11,0.266392,0.377497,0.674143,0.731930,0.670416,0.503361,0.529626,0.536648,February
12,0.286446,0.346819,0.656748,0.750113,0.695537,0.488118,0.521832,0.524798,February
13,0.283389,0.338013,0.637587,0.711045,0.678910,0.410662,0.515803,0.478373,February
14,0.284488,0.347136,0.643996,0.631899,0.535534,0.261824,0.363770,0.374816,February
15,0.275892,0.365904,0.647340,0.545317,0.479907,0.044112,0.314998,0.248492,February
16,0.267413,0.438203,0.688411,0.636402,0.648800,-0.033655,0.000674,0.055106,February
17,0.220855,0.560537,0.692429,0.576038,0.623858,-0.055030,-0.060168,-0.030298,February
18,0.235275,0.543391,0.689960,0.637901,0.700312,-0.057825,-0.062641,-0.034194,February
19,0.224113,0.534591,0.684744,0.611451,0.693659,-0.057900,-0.063285,-0.034273,February
20,0.239839,0.459756,0.675311,0.633014,0.683722,-0.056922,-0.063242,-0.034031,February
21,0.224196,0.489652,0.673473,0.504906,0.588237,-0.057283,-0.063345,-0.034283,February
22,0.197423,0.607866,0.651238,0.445891,0.565956,-0.056441,-0.062936,-0.033934,February
23,0.176456,0.665914,0.652860,0.479344,0.587584,-0.056041,-0.059750,-0.033485,February
0,0.290752,0.608152,0.618782,0.109871,0.168267,-0.029720,-0.005370,0.042069,May
1,0.306296,0.486650,0.611955,0.174517,0.293837,-0.037609,-0.013141,0.004566,May
2,0.296661,0.573394,0.570508,0.248967,0.397991,-0.053419,-0.014853,-0.019458,May
3,0.278417,0.651158,0.585976,0.164862,0.361514,-0.055740,-0.014277,-0.021749,May
4,0.269988,0.816824,0.577302,0.251468,0.381509,-0.043777,0.048469,-0.014530,May
5,0.269553,0.794570,0.616931,0.412659,0.442857,0.060493,0.265315,0.103967,May
6,0.277139,0.783336,0.618867,0.368773,0.446228,0.051205,0.254054,0.071386,May
7,0.328996,0.691753,0.619431,0.200163,0.291441,0.195247,0.307394,0.048646,May
8,0.469422,0.590985,0.614146,0.228689,0.154540,0.403879,0.563764,0.143267,May
9,0.511083,0.475807,0.613819,0.161084,0.137368,0.680544,0.702139,0.501537,May
10,0.584546,0.338478,0.600143,0.226740,0.208065,0.847519,0.593407,0.647356,May
11,0.588833,0.336618,0.579104,0.350764,0.306677,0.773837,0.522776,0.649798,May
12,0.562859,0.363550,0.548614,0.471315,0.416960,0.803675,0.665754,0.388939,May
13,0.546651,0.335476,0.495063,0.471920,0.436246,0.612739,0.679470,0.415114,May
14,0.571111,0.328880,0.488632,0.427084,0.407683,0.472858,0.567717,0.582336,May
15,0.581142,0.314359,0.474739,0.338575,0.324472,0.413008,0.486844,0.673145,May
16,0.572142,0.335957,0.475860,0.289178,0.233178,0.181580,0.214873,0.333671,May
17,0.505840,0.427053,0.473077,0.220378,0.216333,0.082684,0.120931,0.351255,May
18,0.470221,0.443964,0.473598,0.271277,0.286975,-0.053678,-0.001716,-0.017539,May
19,0.403814,0.670437,0.480086,0.272852,0.371577,-0.056881,-0.011756,-0.023621,May
20,0.373629,0.693282,0.485340,0.321917,0.387883,-0.055326,-0.013562,-0.023510,May
21,0.310983,0.791137,0.478456,0.336516,0.421265,-0.054043,-0.014059,-0.022567,May
22,0.285482,0.920576,0.474330,0.311630,0.425445,-0.052550,-0.013645,-0.022762,May
23,0.275773,0.936727,0.472131,0.223915,0.413229,-0.053149,-0.010978,-0.021233,May
0,0.536173,0.836096,0.630249,0.195046,0.291630,-0.005757,-0.032612,-0.089608,June
1,0.545783,0.776325,0.627885,0.196121,0.319650,-0.004919,-0.036067,-0.088430,June
2,0.540903,0.673316,0.625227,0.189432,0.308565,-0.004100,-0.036851,-0.071575,June
3,0.533142,0.721521,0.626934,0.193864,0.345871,0.017783,-0.037019,-0.034495,June
4,0.509008,0.817886,0.649948,0.302017,0.499796,0.000232,0.018120,-0.064123,June
5,0.542652,0.674946,0.654369,0.263668,0.508631,0.089830,0.380518,0.070496,June
6,0.608993,0.332654,0.662183,0.338259,0.390413,0.389394,0.523242,0.460197,June
7,0.733248,0.237437,0.661037,0.422373,0.424948,0.536476,0.564597,0.843825,June
8,0.756699,0.228635,0.674965,0.532905,0.489497,0.679991,0.539522,0.761763,June
9,0.772959,0.236692,0.674328,0.527880,0.442701,0.961371,0.564322,0.952559,June
10,0.778306,0.195838,0.674159,0.543360,0.493808,1.053750,0.570300,0.971232,June
11,0.779652,0.183558,0.667436,0.604104,0.558053,1.049293,0.548104,0.963454,June
12,0.788101,0.157864,0.652199,0.623798,0.548765,0.995923,0.554733,0.960604,June
13,0.770017,0.158768,0.648923,0.629841,0.585204,0.993975,0.429099,0.969617,June
14,0.716916,0.237605,0.644798,0.622302,0.580101,0.764364,0.482465,0.866140,June
15,0.674253,0.250445,0.639378,0.597053,0.573823,0.516037,0.410257,0.801075,June
16,0.700700,0.380197,0.626321,0.563967,0.561203,0.146727,0.218480,0.293831,June
17,0.661809,0.422748,0.633743,0.499275,0.548881,0.061737,0.181046,0.222265,June
18,0.644174,0.474537,0.637284,0.242235,0.458674,-0.007499,-0.013802,0.013699,June
19,0.583044,0.437859,0.639346,0.205405,0.366456,0.011965,-0.036055,-0.055087,June
20,0.548715,0.762773,0.661122,0.217310,0.386253,0.006990,-0.036348,0.031445,June
21,0.506918,0.798999,0.667612,0.243241,0.386359,-0.001602,-0.034913,-0.055615,June
22,0.496720,0.854041,0.671044,0.219588,0.326496,-0.001191,-0.034024,-0.086729,June
23,0.500220,0.837232,0.671771,0.217506,0.350637,0.003122,-0.030638,-0.070827,June
0,0.515306,0.992860,0.439184,0.599987,0.736873,-0.032404,-0.045245,-0.055941,May
1,0.514604,0.993997,0.436993,0.671984,0.679308,-0.034376,-0.048644,-0.056031,May
2,0.514213,0.996022,0.429166,0.683441,0.680089,-0.036858,-0.049674,-0.056066,May
3,0.512329,0.995986,0.430516,0.617625,0.617786,-0.036598,-0.049374,-0.055952,May
4,0.512256,0.997005,0.424893,0.489985,0.547551,-0.030505,0.016545,-0.050110,May
5,0.517877,0.989791,0.431158,0.621251,0.628661,0.268823,0.246798,0.144495,May
6,0.537448,0.959851,0.429265,0.622291,0.502217,0.359303,0.598916,0.366839,May
7,0.566562,0.908018,0.432488,0.369599,0.447831,0.452163,0.757444,0.374285,May
8,0.564513,0.827896,0.408601,0.434128,0.353458,0.565799,0.888125,0.502007,May
9,0.573018,0.754017,0.409938,0.618974,0.404640,0.648717,0.809803,0.503936,May
10,0.582577,0.743173,0.408712,0.594661,0.455940,0.731708,0.923684,0.395751,May
11,0.578279,0.761649,0.402102,0.636035,0.486367,0.745346,0.994065,0.397465,May
12,0.587591,0.689044,0.393143,0.568931,0.413099,0.668060,0.882100,0.434578,May
13,0.591038,0.633026,0.392382,0.489796,0.439055,0.649440,0.926241,0.464795,May
14,0.591815,0.632098,0.388881,0.375582,0.429360,0.447906,0.711864,0.423367,May
15,0.591977,0.648791,0.385322,0.268167,0.387271,0.392277,0.697020,0.439987,May
16,0.585155,0.648398,0.386311,0.427547,0.508324,0.193558,0.224319,0.151246,May
17,0.570658,0.689240,0.387041,0.580168,0.691919,0.037614,0.104084,0.098099,May
18,0.558877,0.739729,0.387687,0.544779,0.698442,-0.034012,-0.028175,-0.053992,May
19,0.544634,0.812593,0.391727,0.497617,0.710916,-0.036801,-0.044128,-0.056031,May
20,0.554086,0.741771,0.394500,0.583609,0.755026,-0.034725,-0.049197,-0.055784,May
21,0.537834,0.814732,0.391533,0.758556,0.769127,-0.032474,-0.049021,-0.054157,May
22,0.524399,0.919431,0.393413,0.721570,0.772018,-0.032298,-0.047754,-0.055534,May
23,0.521562,0.921014,0.393151,0.460672,0.738956,-0.028748,-0.044296,-0.054002,May
0,0.146635,0.743627,0.662644,0.303502,0.314160,-0.039892,-0.034966,-0.062940,March
1,0.119142,0.737167,0.659929,0.367375,0.379391,-0.040699,-0.035126,-0.063031,March
2,0.121314,0.740118,0.649235,0.462436,0.430112,-0.040803,-0.035115,-0.063031,March
3,0.149089,0.706977,0.649602,0.476755,0.457881,-0.040537,-0.035133,-0.062802,March
4,0.142736,0.733384,0.645600,0.406584,0.511645,-0.039238,-0.034060,-0.060899,March
5,0.123358,0.749829,0.651991,0.399207,0.454380,-0.029178,-0.019972,-0.036895,March
6,0.177589,0.712258,0.673010,0.449583,0.525309,0.017052,0.116012,0.208496,March
7,0.247446,0.496210,0.710065,0.527702,0.498070,0.201099,0.330159,0.541808,March
8,0.292939,0.509497,0.697750,0.680895,0.577939,0.577884,0.462504,0.826271,March
9,0.300241,0.439093,0.739243,0.685480,0.569889,0.622334,0.469734,0.765237,March
10,0.336815,0.515286,0.753929,0.664554,0.505513,0.727391,0.478303,0.638875,March
11,0.346663,0.412711,0.730763,0.637791,0.436945,0.786622,0.477508,0.878991,March
12,0.365315,0.311386,0.701780,0.602672,0.456122,0.776448,0.390212,0.889875,March
13,0.363713,0.243436,0.673252,0.617421,0.431011,0.690336,0.413199,0.881224,March
14,0.358325,0.249739,0.667949,0.571331,0.430014,0.472304,0.296262,0.818443,March
15,0.338772,0.280893,0.668329,0.468512,0.346020,0.260754,0.260508,0.810095,March
16,0.319478,0.417036,0.666701,0.416328,0.379887,0.116389,0.105953,0.716180,March
17,0.264819,0.513287,0.710480,0.551859,0.457617,-0.028693,-0.022697,0.017703,March
18,0.247825,0.654993,0.753278,0.480448,0.501694,-0.038611,-0.033159,-0.060809,March
19,0.238649,0.565024,0.760843,0.456323,0.526143,-0.039049,-0.035109,-0.062155,March
20,0.211591,0.608952,0.770716,0.448071,0.556034,-0.039678,-0.035203,-0.061428,March
21,0.221303,0.417816,0.781744,0.495774,0.565076,-0.039732,-0.035143,-0.062515,March
22,0.232124,0.377738,0.788397,0.544162,0.566046,-0.035827,-0.034671,-0.060410,March
23,0.222803,0.365721,0.789813,0.453565,0.547204,-0.021866,-0.033994,-0.051904,March
0,0.586059,0.675160,0.541681,0.212799,0.289654,-0.010273,-0.054743,-0.057887,June
1,0.572440,0.560111,0.543353,0.154884,0.269299,-0.012266,-0.060031,-0.057607,June
2,0.534531,0.571379,0.524301,0.172610,0.263978,-0.018393,-0.061860,-0.058103,June
3,0.497719,0.450958,0.544985,0.168858,0.312464,-0.017840,-0.062832,-0.057094,June
4,0.457488,0.614993,0.578015,0.327120,0.408314,-0.017038,-0.053677,-0.057102,June
5,0.472196,0.549609,0.595365,0.206104,0.326441,0.017451,0.004692,-0.008313,June
6,0.486607,0.438452,0.604357,0.136084,0.143194,0.131400,0.228695,0.430882,June
7,0.661397,0.226027,0.607708,0.135168,0.132668,0.420181,0.506612,0.436784,June
8,0.723929,0.389776,0.602324,0.187168,0.144438,0.609146,0.613822,0.617746,June
9,0.739233,0.418203,0.605874,0.262122,0.232409,0.678162,0.519982,0.718036,June
10,0.761258,0.370548,0.605237,0.330282,0.304943,0.895231,0.680349,0.551395,June
11,0.757613,0.394090,0.592974,0.403772,0.387227,0.981855,0.609075,0.777402,June
12,0.812457,0.236212,0.574175,0.458500,0.428813,1.010452,0.530228,0.879491,June
13,0.792687,0.198940,0.579880,0.544710,0.511981,0.982643,0.420371,0.918172,June
14,0.717165,0.237175,0.556438,0.537654,0.521344,0.625176,0.249629,0.809345,June
15,0.632369,0.318435,0.570982,0.540755,0.504820,0.396007,0.260156,0.657372,June
16,0.598125,0.635704,0.520464,0.533523,0.540305,0.085386,0.135161,0.190410,June
17,0.599651,0.618724,0.530702,0.527278,0.534336,0.015468,-0.021306,0.128234,June
18,0.537554,0.623151,0.538922,0.381655,0.477335,-0.016334,-0.057563,-0.008286,June
19,0.480330,0.650444,0.542385,0.290660,0.454103,-0.013708,-0.062275,-0.047952,June
20,0.473367,0.776507,0.570528,0.245291,0.391601,-0.014505,-0.061149,-0.025267,June
21,0.454704,0.780219,0.585257,0.256951,0.357649,-0.009322,-0.053456,-0.029826,June
22,0.442510,0.804594,0.593253,0.206350,0.247607,-0.010513,-0.057659,-0.056672,June
23,0.444977,0.879645,0.591724,0.153043,0.188524,-0.003584,-0.047855,-0.041623,June
0,0.519035,0.869507,0.492949,0.484520,0.464194,-0.028224,-0.067367,-0.025231,June
1,0.506558,0.853851,0.499308,0.204219,0.427154,-0.028442,-0.067144,-0.025232,June
2,0.495307,0.848668,0.494423,0.163654,0.339956,-0.029332,-0.069460,-0.025222,June
3,0.487211,0.931033,0.493465,0.164646,0.326674,-0.028949,-0.069862,-0.024121,June
4,0.485680,0.992056,0.510173,0.293014,0.437613,-0.026779,-0.033126,-0.015561,June
5,0.503484,0.993163,0.520599,0.379466,0.416227,0.037432,0.193712,0.248581,June
6,0.534366,0.871704,0.533765,0.401543,0.283918,0.229922,0.700125,0.558359,June
7,0.572205,0.773994,0.538279,0.251120,0.159004,0.377799,0.911575,0.763995,June
8,0.675299,0.677487,0.538567,0.111777,0.122296,0.609141,0.858806,0.775314,June
9,0.686966,0.622014,0.540436,0.192707,0.157322,0.659409,0.895197,0.810207,June
10,0.720007,0.523076,0.534674,0.171239,0.212797,0.911588,1.073495,0.823115,June
11,0.728729,0.415303,0.505145,0.162127,0.177366,0.921829,1.095182,0.825922,June
12,0.739635,0.365634,0.482846,0.123810,0.145351,0.914407,0.981169,0.836057,June
13,0.734796,0.354716,0.487314,0.127295,0.143283,0.834604,0.970652,0.811692,June
14,0.724045,0.381538,0.478648,0.069541,0.108562,0.466903,0.932736,0.574837,June
15,0.697340,0.423193,0.479020,0.068789,0.092734,0.353059,0.981599,0.340630,June
16,0.678675,0.704249,0.476970,0.133658,0.122778,0.097253,0.329814,0.064991,June
17,0.677273,0.710993,0.475204,0.203758,0.203073,0.025841,0.169283,0.067653,June
18,0.618349,0.756228,0.480778,0.204167,0.251453,-0.027953,-0.034650,-0.021205,June
19,0.542418,0.785553,0.483358,0.231161,0.322543,-0.028540,-0.065732,-0.025047,June
20,0.514709,0.964195,0.512056,0.424525,0.424707,-0.027897,-0.068841,-0.024612,June
21,0.496191,0.979313,0.519756,0.464099,0.391050,-0.024435,-0.068678,-0.023618,June
22,0.498969,0.990506,0.524759,0.458957,0.378506,-0.016582,-0.067175,-0.020263,June
23,0.493338,0.970252,0.524902,0.504967,0.416224,0.013503,-0.058994,-0.015448,June
0,0.540506,0.956362,0.579264,0.307686,0.404791,-0.022803,-0.058244,-0.082776,June
1,0.514934,0.922039,0.571694,0.210500,0.313681,-0.023554,-0.062581,-0.082715,June
2,0.475125,0.965440,0.557018,0.141754,0.222010,-0.025443,-0.063411,-0.082782,June
3,0.453428,0.964899,0.541667,0.144337,0.211644,-0.025121,-0.063113,-0.082209,June
4,0.466158,0.892253,0.542928,0.142485,0.219948,-0.020731,-0.022215,-0.064222,June
5,0.503269,0.765914,0.556684,0.138049,0.211210,0.112583,0.296703,0.454996,June
6,0.610394,0.636274,0.572214,0.116321,0.164950,0.358013,0.811807,0.774694,June
7,0.646127,0.402587,0.574562,0.278020,0.219679,0.524593,0.849842,0.778386,June
8,0.737863,0.302655,0.579958,0.402963,0.297779,0.752454,0.882809,0.850935,June
9,0.758525,0.275931,0.585201,0.506321,0.406314,0.858178,0.906552,0.868830,June
10,0.771191,0.264238,0.584095,0.527280,0.433800,0.935895,0.922547,0.876050,June
11,0.779622,0.229422,0.575583,0.525211,0.441937,0.950047,0.919983,0.878668,June
12,0.786375,0.246583,0.563343,0.429920,0.373812,0.928242,0.834832,0.879019,June
13,0.780496,0.233013,0.546121,0.418924,0.344766,0.870668,0.823518,0.855183,June
14,0.775975,0.229670,0.529073,0.366954,0.356115,0.762357,0.754019,0.835447,June
15,0.778531,0.231270,0.514417,0.204503,0.270194,0.618451,0.732524,0.806825,June
16,0.755859,0.301116,0.503965,0.271771,0.216496,0.301032,0.494843,0.726900,June
17,0.698959,0.414215,0.504739,0.148356,0.222262,0.069063,0.131388,0.350935,June
18,0.638213,0.535980,0.505566,0.114553,0.196301,-0.021614,-0.040893,-0.039952,June
19,0.569492,0.599032,0.512595,0.078076,0.190270,-0.024318,-0.062489,-0.081457,June
20,0.553913,0.674757,0.527612,0.091928,0.225428,-0.023892,-0.063448,-0.080682,June
21,0.513309,0.683322,0.537604,0.086187,0.184034,-0.021574,-0.063400,-0.078723,June
22,0.485229,0.808204,0.534189,0.081058,0.206941,-0.015887,-0.061343,-0.079943,June
23,0.481134,0.837686,0.539370,0.045625,0.141812,-0.016735,-0.058771,-0.072197,June
0,0.420826,0.864491,0.534867,0.419850,0.543178,-0.021591,-0.019556,-0.030383,June
1,0.401525,0.877373,0.520690,0.378911,0.542126,-0.023804,-0.019320,-0.030420,June
2,0.373348,0.887690,0.506500,0.310569,0.499204,-0.025084,-0.019030,-0.030445,June
3,0.361612,0.910811,0.490974,0.293634,0.461394,-0.024928,-0.017953,-0.030397,June
4,0.397086,0.866122,0.492186,0.163720,0.421933,-0.019499,0.006247,-0.024317,June
5,0.451826,0.844709,0.511915,0.292549,0.484916,0.200598,0.075943,0.565159,June
6,0.545088,0.721950,0.527541,0.384177,0.331934,0.380610,0.280362,0.594279,June
7,0.697481,0.519056,0.547006,0.475204,0.327880,0.590922,0.335396,0.812924,June
8,0.774709,0.478877,0.502249,0.330117,0.276056,0.724828,0.347951,0.879678,June
9,0.833915,0.210797,0.513885,0.336957,0.186481,0.932821,0.398325,0.949986,June
10,0.847814,0.154489,0.513893,0.243249,0.065340,1.001500,0.437650,0.961760,June
11,0.846178,0.149732,0.518247,0.202358,0.051256,1.003648,0.417396,0.959446,June
12,0.807818,0.300762,0.520249,0.138590,0.050827,0.861966,0.564607,0.857338,June
13,0.788622,0.282109,0.539590,0.398983,0.178644,0.693453,0.550755,0.629182,June
14,0.729658,0.341105,0.543443,0.533290,0.419302,0.539937,0.521179,0.322638,June
15,0.727431,0.440539,0.535330,0.541768,0.477731,0.421805,0.478653,0.419068,June
16,0.582635,0.712803,0.532339,0.331943,0.222249,0.138720,0.176193,0.259400,June
17,0.570316,0.703046,0.559163,0.211487,0.124313,0.011717,0.058813,0.135534,June
18,0.560042,0.740859,0.582680,0.084767,0.067348,-0.022274,-0.014587,-0.012447,June
19,0.501078,0.753019,0.592930,0.081881,0.058209,-0.022368,-0.019907,-0.026786,June
20,0.408598,0.899903,0.626935,0.133070,0.102197,-0.023424,-0.019496,-0.027112,June
21,0.384531,0.877685,0.633437,0.121981,0.137192,-0.022409,-0.017916,-0.027010,June
22,0.378506,0.881621,0.636967,0.130719,0.102571,-0.015706,-0.016090,-0.027420,June
23,0.389466,0.836221,0.637336,0.115861,0.161292,0.004603,-0.015185,-0.013630,June
0,0.491613,0.900672,0.525536,0.488632,0.606900,-0.013259,-0.047998,-0.051795,June
1,0.479631,0.894748,0.525905,0.409346,0.608765,-0.013991,-0.049393,-0.052105,June
2,0.474452,0.885466,0.521194,0.378501,0.609883,-0.016583,-0.051315,-0.052354,June
3,0.467654,0.870197,0.518223,0.366214,0.627209,-0.016348,-0.051153,-0.052027,June
4,0.478249,0.696511,0.511877,0.270171,0.510846,-0.004102,-0.016539,-0.039311,June
5,0.536321,0.716586,0.514515,0.294496,0.574071,0.129546,0.282657,0.211130,June
6,0.571344,0.709166,0.510818,0.396634,0.568357,0.221946,0.440717,0.306953,June
7,0.642804,0.631853,0.516131,0.506145,0.491100,0.522335,0.610886,0.593599,June
8,0.683695,0.510338,0.490446,0.590483,0.502861,0.683489,0.689154,0.736406,June
9,0.694246,0.467929,0.504298,0.649254,0.642011,0.745600,0.691858,0.739045,June
10,0.701214,0.439901,0.509081,0.638586,0.640354,0.854818,0.756546,0.729656,June
11,0.712889,0.438760,0.489229,0.632971,0.654697,0.921807,0.754554,0.757580,June
12,0.716006,0.442867,0.482952,0.614319,0.570276,0.882120,0.626895,0.765080,June
13,0.702296,0.424935,0.467128,0.560508,0.534394,0.838863,0.688583,0.740859,June
14,0.696481,0.439815,0.457749,0.491585,0.437108,0.576567,0.496126,0.642917,June
15,0.708230,0.436951,0.445111,0.308600,0.384537,0.445538,0.497863,0.654670,June
16,0.690423,0.485630,0.439105,0.355128,0.282048,0.370512,0.236874,0.633915,June
17,0.645963,0.602611,0.442997,0.209388,0.231346,0.083270,0.121743,0.138129,June
18,0.580558,0.679593,0.444213,0.133705,0.183690,-0.013579,0.015588,-0.044911,June
19,0.531609,0.746501,0.444950,0.138302,0.199243,-0.016279,-0.047122,-0.052095,June
20,0.513657,0.814345,0.447488,0.248456,0.417344,-0.011994,-0.050824,-0.051027,June
21,0.481755,0.893948,0.453026,0.273886,0.369021,-0.005852,-0.051462,-0.046864,June
22,0.471451,0.926835,0.455890,0.235260,0.289262,-0.003491,-0.048999,-0.050037,June
23,0.467430,0.919677,0.458100,0.197533,0.237470,-0.009483,-0.047235,-0.046014,June
0,0.695265,1.011161,0.290557,0.018126,0.015478,-0.032682,-0.138044,-0.001094,September
1,0.690395,1.020595,0.290615,0.002932,-0.016492,-0.033333,-0.149054,-0.001170,September
2,0.689827,1.024981,0.290921,0.031905,0.025722,-0.033413,-0.151989,-0.001174,September
3,0.690853,1.024629,0.291664,0.032742,0.032620,-0.033425,-0.152483,-0.001172,September
4,0.689901,1.019324,0.291790,0.031344,0.002429,-0.033212,-0.142202,-0.001090,September
5,0.691365,1.013549,0.294885,-0.000724,-0.013844,-0.029562,-0.090841,-0.000041,September
6,0.697045,0.982610,0.297868,-0.006847,-0.016159,-0.010524,0.362717,0.009972,September
7,0.702567,0.932981,0.302215,0.005452,-0.021563,0.018946,0.600765,0.018507,September
8,0.706899,0.822631,0.308187,0.070025,0.058050,0.106492,1.149302,0.034622,September
9,0.709880,0.782099,0.308490,0.050908,0.026754,0.128392,1.139417,0.033590,September
10,0.714174,0.762098,0.307690,0.013321,-0.001613,0.140242,1.239642,0.034359,September
11,0.716077,0.688456,0.302055,0.031253,0.016001,0.140502,1.220805,0.033500,September
12,0.718007,0.650511,0.299209,0.130492,0.128850,0.138057,1.049107,0.032809,September
13,0.716489,0.661511,0.294587,0.129520,0.156391,0.115453,0.987300,0.033356,September
14,0.717163,0.650993,0.294541,0.120253,0.110139,0.079546,0.587511,0.032130,September
15,0.714086,0.640812,0.292760,0.136742,0.185562,0.022284,0.322227,0.024131,September
16,0.715058,0.683245,0.301528,0.120459,0.213665,0.017626,0.449157,0.029568,September
17,0.707140,0.808176,0.295740,0.082667,0.162026,-0.024689,-0.105817,0.003103,September
18,0.701732,0.963236,0.296492,0.108195,0.219249,-0.032307,-0.136986,-0.001165,September
19,0.697324,1.003022,0.298497,0.117360,0.228474,-0.033460,-0.145710,-0.001176,September
20,0.704900,0.948037,0.294792,0.119208,0.225950,-0.033288,-0.152670,-0.001174,September
21,0.701049,0.964726,0.296751,0.138129,0.232773,-0.033099,-0.153173,-0.001138,September
22,0.695461,0.996469,0.295763,0.136343,0.238172,-0.032968,-0.152749,-0.001113,September
23,0.690952,1.011993,0.293555,0.140569,0.236900,-0.032861,-0.151753,-0.001150,September
0,0.537811,0.391397,0.530518,0.624443,0.647032,-0.056766,-0.062818,-0.007296,August
1,0.519328,0.357790,0.525333,0.606874,0.649650,-0.057096,-0.063181,-0.006830,August
2,0.524780,0.449050,0.517240,0.413199,0.636852,-0.059245,-0.063565,-0.007366,August
3,0.502651,0.588752,0.506472,0.444810,0.625944,-0.059544,-0.063504,-0.007261,August
4,0.516341,0.480365,0.532620,0.659082,0.654787,-0.055848,-0.041880,0.000314,August
5,0.525109,0.591842,0.553243,0.614685,0.648597,0.023753,0.187063,0.388990,August
6,0.610415,0.472201,0.559561,0.506645,0.568634,0.109363,0.463712,0.515995,August
7,0.691860,0.368548,0.561080,0.519716,0.504177,0.374255,0.580577,0.791701,August
8,0.739468,0.343523,0.562576,0.724758,0.537105,0.598063,0.633454,0.807595,August
9,0.775982,0.332229,0.565353,0.619497,0.419900,0.742401,0.663321,0.841952,August
10,0.810716,0.241704,0.565122,0.447349,0.388557,0.901158,0.651608,0.908649,August
11,0.824219,0.184280,0.552665,0.556811,0.441607,0.910706,0.671656,0.916575,August
12,0.837740,0.165083,0.528330,0.741928,0.561968,0.907082,0.660773,0.916661,August
13,0.811089,0.169254,0.518437,0.749734,0.607985,0.799935,0.641983,0.895484,August
14,0.809846,0.189077,0.499856,0.532188,0.474285,0.544385,0.609221,0.707455,August
15,0.801886,0.190976,0.492035,0.300538,0.312927,0.388638,0.551451,0.731645,August
16,0.752289,0.302012,0.476655,0.226964,0.278040,0.067367,0.370322,0.419291,August
17,0.689780,0.498357,0.480725,0.169408,0.262725,-0.034986,0.149237,0.151788,August
18,0.591247,0.643705,0.489410,0.174774,0.267110,-0.059147,-0.057066,0.003180,August
19,0.521293,0.693042,0.503146,0.230361,0.305037,-0.059743,-0.063200,-0.006750,August
20,0.503672,0.724170,0.505636,0.245781,0.306057,-0.059727,-0.063665,-0.006439,August
21,0.495011,0.735793,0.504147,0.293648,0.350995,-0.058878,-0.063634,-0.006378,August
22,0.489368,0.771286,0.500995,0.241061,0.319057,-0.058145,-0.063008,-0.006541,August
23,0.478304,0.817693,0.498602,0.213444,0.336441,-0.056503,-0.061610,-0.002922,August
0,0.245312,0.804141,0.429283,0.671424,0.602335,-0.052576,-0.029028,-0.029837,January
1,0.276794,0.770288,0.432506,0.701215,0.625383,-0.054961,-0.029862,-0.031470,January
2,0.285122,0.748941,0.431882,0.730460,0.624185,-0.054632,-0.029961,-0.031557,January
3,0.276029,0.732429,0.447396,0.724163,0.637785,-0.055206,-0.030003,-0.031544,January
4,0.254781,0.689378,0.445766,0.711688,0.616340,-0.054795,-0.029418,-0.031402,January
5,0.236291,0.447370,0.454363,0.711738,0.602602,-0.047962,-0.028470,-0.024427,January
6,0.188148,0.638407,0.474131,0.696747,0.590250,-0.033514,-0.019804,0.001125,January
7,0.189056,0.707728,0.494830,0.679376,0.567258,0.007515,0.097428,0.431002,January
8,0.249600,0.657606,0.520110,0.548833,0.541318,0.202440,0.367844,0.498561,January
9,0.300225,0.497137,0.494287,0.630536,0.510428,0.436534,0.420644,0.784290,January
10,0.325343,0.448308,0.515775,0.619761,0.493597,0.495796,0.451191,0.775842,January
11,0.320747,0.417721,0.534010,0.613024,0.524613,0.475072,0.446972,0.618747,January
12,0.336670,0.364958,0.559208,0.663115,0.578414,0.443225,0.441781,0.563442,January
13,0.334522,0.316657,0.526402,0.642160,0.549991,0.446470,0.398611,0.765362,January
14,0.297667,0.333034,0.544676,0.601878,0.551709,0.270350,0.325673,0.710894,January
15,0.277338,0.382498,0.522776,0.392909,0.525678,0.147883,0.172583,0.540570,January
16,0.233257,0.496760,0.608862,0.418951,0.465703,-0.048023,-0.018319,-0.016929,January
17,0.226262,0.485500,0.657882,0.460218,0.409170,-0.053569,-0.028648,-0.030208,January
18,0.244654,0.547409,0.660555,0.289037,0.281694,-0.055330,-0.029249,-0.031580,January
19,0.196157,0.585988,0.657045,0.237885,0.267215,-0.055391,-0.029963,-0.031661,January
20,0.167486,0.713760,0.663195,0.243107,0.264967,-0.054817,-0.029983,-0.031531,January
21,0.142720,0.732693,0.676913,0.275737,0.267939,-0.054475,-0.030032,-0.031480,January
22,0.124063,0.735220,0.681806,0.235158,0.260719,-0.054202,-0.029511,-0.031107,January
23,0.119588,0.787576,0.682676,0.225173,0.263449,-0.052004,-0.026861,-0.029632,January
0,0.434773,0.925763,0.308208,0.668594,0.759471,-0.036181,-0.057593,-0.018086,April
1,0.430014,0.928751,0.304170,0.694624,0.833694,-0.038165,-0.061658,-0.018244,April
2,0.432049,0.929278,0.300715,0.966050,0.893220,-0.038722,-0.061170,-0.018250,April
3,0.435083,0.927468,0.302110,0.891328,0.894262,-0.038716,-0.062230,-0.018246,April
4,0.433536,0.929121,0.302442,0.985412,1.004887,-0.037245,-0.055837,-0.018124,April
5,0.438023,0.919546,0.306355,0.925254,0.894994,-0.010252,-0.035273,-0.012638,April
6,0.445517,0.872057,0.306297,1.110168,0.990671,0.128690,0.278290,0.228157,April
7,0.446113,0.820830,0.307502,1.165543,1.003779,0.351748,0.647245,0.267105,April
8,0.441830,0.887115,0.314711,1.173997,1.037776,0.406277,0.738414,0.081967,April
9,0.440715,0.853765,0.320094,1.167096,1.028940,0.446775,0.893024,0.111631,April
10,0.445158,0.866749,0.322706,1.114845,0.943704,0.419649,1.061899,0.009922,April
11,0.444738,0.844852,0.326197,0.959688,0.807035,0.629518,1.025231,0.127611,April
12,0.447845,0.800164,0.320263,1.046474,0.903097,0.690633,0.804097,0.317443,April
13,0.448529,0.713397,0.316322,0.829310,0.741517,0.661897,0.790267,0.414216,April
14,0.446346,0.708389,0.311507,0.774801,0.728723,0.501565,0.416401,0.382182,April
15,0.442280,0.707035,0.310480,0.909791,0.738632,0.451007,0.538055,0.377594,April
16,0.436016,0.786184,0.338097,0.999671,0.817077,0.113367,0.079965,0.208656,April
17,0.432463,0.808401,0.336075,0.739159,0.703134,0.010069,-0.030999,0.004442,April
18,0.432094,0.787121,0.336094,0.631846,0.815434,-0.036492,-0.040138,-0.017494,April
19,0.429308,0.761319,0.338947,0.572497,0.830845,-0.038596,-0.058554,-0.018139,April
20,0.425040,0.815459,0.341386,0.470930,0.702845,-0.036037,-0.060287,-0.017886,April
21,0.423987,0.869230,0.343699,0.442147,0.618905,-0.036736,-0.059970,-0.018184,April
22,0.423686,0.875882,0.344233,0.431718,0.617968,-0.035211,-0.060363,-0.018175,April
23,0.423251,0.883423,0.344441,0.441646,0.610851,-0.032127,-0.060971,-0.018016,April
0,0.346158,0.898557,0.489872,0.297383,0.219278,-0.018502,0.032299,0.000896,October
1,0.336275,0.903530,0.468155,0.365383,0.375973,-0.019382,0.031688,-0.000910,October
2,0.321520,0.902480,0.499471,0.450820,0.444635,-0.019774,0.031666,-0.001205,October
3,0.324525,0.923929,0.499137,0.472735,0.460926,-0.019794,0.031738,-0.001161,October
4,0.371412,0.907124,0.502918,0.461862,0.459023,-0.019144,0.034574,0.000381,October
5,0.385246,0.833545,0.532406,0.384447,0.423094,-0.002367,0.052557,0.075534,October
6,0.449757,0.667479,0.548104,0.250137,0.325211,0.055402,0.114732,0.334690,October
7,0.517748,0.712744,0.567675,0.127253,0.097648,0.309484,0.347551,0.524621,October
8,0.505006,0.636480,0.554643,0.330799,0.069421,0.370096,0.410843,0.585221,October
9,0.540767,0.446645,0.570083,0.257966,0.093493,0.471295,0.459238,0.768409,October
10,0.565407,0.388669,0.561464,0.233099,0.106961,0.531229,0.497069,0.769380,October
11,0.584968,0.380316,0.543057,0.207218,0.059058,0.535462,0.495295,0.800061,October
12,0.594188,0.380529,0.513037,0.354290,0.108848,0.535014,0.508348,0.793785,October
13,0.562631,0.376239,0.496720,0.382551,0.165680,0.415389,0.476656,0.769662,October
14,0.501252,0.468852,0.484427,0.268101,0.135798,0.172974,0.387811,0.294625,October
15,0.465304,0.695272,0.486384,0.076485,0.064663,0.081038,0.323195,0.204323,October
16,0.371797,0.898041,0.467113,0.069928,0.071457,-0.013704,0.042247,0.009727,October
17,0.356228,0.904434,0.496807,0.032149,0.081780,-0.019236,0.032347,-0.000594,October
18,0.350209,0.912634,0.516286,0.047311,0.095350,-0.019843,0.031594,-0.001193,October
19,0.321805,0.920380,0.529132,0.071412,0.131261,-0.019871,0.031547,-0.001212,October
20,0.327559,0.951853,0.548458,0.152776,0.197030,-0.019739,0.031594,-0.001194,October
21,0.321353,0.947728,0.549605,0.356863,0.347223,-0.019741,0.031817,-0.001201,October
22,0.316969,0.949228,0.554695,0.308397,0.336554,-0.019353,0.032229,-0.001200,October
23,0.317929,0.951985,0.552257,0.161534,0.194386,-0.017886,0.036928,-0.000944,October
0,0.635644,0.496118,0.600272,0.558580,0.595508,-0.055371,-0.021634,-0.000171,September
1,0.626650,0.443940,0.596154,0.559186,0.597698,-0.053657,-0.034199,-0.005746,September
2,0.570869,0.538791,0.595670,0.553375,0.585469,-0.062722,-0.035742,-0.008085,September
3,0.544131,0.727035,0.595334,0.530196,0.598128,-0.063328,-0.035724,-0.008113,September
4,0.526694,0.794739,0.597220,0.421337,0.499035,-0.063227,-0.033243,-0.007214,September
5,0.532664,0.791550,0.595325,0.421167,0.495197,-0.060288,-0.026548,-0.000421,September
6,0.562747,0.714450,0.600884,0.455924,0.527635,0.034281,0.011259,0.356818,September
7,0.601211,0.525686,0.597291,0.543032,0.569608,0.352566,0.141453,0.793209,September
8,0.681846,0.415935,0.598689,0.656771,0.675517,0.616156,0.244688,0.765523,September
9,0.687155,0.417672,0.600265,0.662902,0.698472,0.663774,0.233074,0.397168,September
10,0.703573,0.402266,0.601290,0.607943,0.654867,0.788997,0.304334,0.275882,September
11,0.693916,0.503097,0.600372,0.571927,0.634111,0.600874,0.312765,0.050965,September
12,0.661155,0.578963,0.610840,0.554962,0.602680,0.723782,0.297321,0.154998,September
13,0.683553,0.508898,0.604481,0.562481,0.616128,0.597010,0.292309,0.394640,September
14,0.691998,0.536254,0.613163,0.579100,0.606147,0.305892,0.212446,0.250217,September
15,0.662388,0.526589,0.611821,0.587643,0.642168,0.187234,0.186446,0.356075,September
16,0.650154,0.656344,0.628012,0.605301,0.649688,0.006897,0.009342,0.187703,September
17,0.635785,0.682477,0.631646,0.630430,0.666736,-0.058177,-0.032375,0.003407,September
18,0.596123,0.730825,0.634601,0.578017,0.647334,-0.062606,-0.034401,-0.008274,September
19,0.565994,0.767807,0.643089,0.489217,0.619244,-0.063542,-0.036359,-0.008369,September
20,0.557189,0.774720,0.646835,0.548843,0.669875,-0.063073,-0.036411,-0.008322,September
21,0.558108,0.739567,0.646772,0.550297,0.663283,-0.061062,-0.036423,-0.007407,September
22,0.539945,0.783977,0.648066,0.561557,0.642249,-0.060176,-0.035959,-0.007279,September
23,0.534673,0.786518,0.648188,0.512339,0.651011,-0.046385,-0.033254,-0.000569,September
0,0.239934,0.845750,0.587262,0.081795,0.125537,-0.085006,-0.013253,-0.070395,April
1,0.231351,0.865409,0.585817,0.022894,0.071907,-0.091448,-0.015201,-0.072292,April
2,0.230150,0.873160,0.585401,0.081756,0.087692,-0.092006,-0.015100,-0.072342,April
3,0.234782,0.893820,0.585612,0.087847,0.120507,-0.092366,-0.015526,-0.072367,April
4,0.230446,0.858169,0.586266,0.132868,0.152280,-0.090672,0.000453,-0.071902,April
5,0.242355,0.844441,0.589416,0.068299,0.105590,-0.042665,0.135345,-0.038692,April
6,0.269434,0.784366,0.590281,0.058536,0.066164,0.062255,0.602327,0.239863,April
7,0.287023,0.780881,0.595235,0.125116,0.070432,0.077077,0.892124,0.195669,April
8,0.324295,0.780850,0.598412,0.154771,0.097155,0.467818,1.035311,0.499817,April
9,0.342451,0.591046,0.599556,0.153606,0.116008,0.583431,1.110612,0.627846,April
10,0.355661,0.569377,0.598995,0.153837,0.070475,0.625522,1.136824,0.648659,April
11,0.354297,0.535935,0.598969,0.134212,0.051333,0.642851,1.055375,0.648263,April
12,0.328300,0.655286,0.598017,0.071459,0.002178,0.593753,1.109309,0.588154,April
13,0.353495,0.637462,0.594555,0.058039,-0.007066,0.389034,1.148236,0.325220,April
14,0.341322,0.597073,0.594707,0.109494,0.045431,0.349201,0.955114,0.296934,April
15,0.320928,0.621185,0.592370,0.134098,0.046796,0.256395,0.814381,0.371092,April
16,0.293992,0.848914,0.592328,0.097579,0.046734,-0.000706,0.446193,0.113824,April
17,0.280293,0.884779,0.592589,0.020894,0.001973,-0.079754,0.091120,-0.025404,April
18,0.272226,0.918357,0.595918,0.016889,0.002073,-0.091673,-0.009839,-0.071393,April
19,0.250213,0.928146,0.599703,0.006484,-0.001310,-0.092043,-0.015400,-0.072140,April
20,0.225581,0.944398,0.600546,-0.002086,-0.009010,-0.092010,-0.015615,-0.072217,April
21,0.242231,0.943901,0.600181,0.000710,-0.006362,-0.092184,-0.015249,-0.072373,April
22,0.238526,0.936522,0.599399,0.005592,0.028608,-0.090825,-0.015308,-0.072276,April
23,0.235799,0.939787,0.598395,0.005649,0.016665,-0.088130,-0.013983,-0.071733,April
0,0.256900,0.887102,0.607789,0.068629,0.078149,-0.058123,-0.016589,-0.064975,April
1,0.253845,0.885973,0.598623,0.039093,0.073043,-0.060426,-0.018855,-0.065218,April
2,0.250219,0.945692,0.599047,0.052012,0.084014,-0.061400,-0.019967,-0.065361,April
3,0.250458,0.940103,0.598772,0.085744,0.124376,-0.061371,-0.019843,-0.064965,April
4,0.254014,0.832743,0.600074,0.167722,0.171971,-0.058934,0.002002,-0.056079,April
5,0.275630,0.751443,0.610842,0.185614,0.198740,0.017509,0.280900,0.225279,April
6,0.343047,0.695219,0.611394,0.146192,0.150546,0.145637,0.566479,0.299550,April
7,0.416971,0.662273,0.613731,0.178037,0.100295,0.309424,0.667838,0.460009,April
8,0.465913,0.591480,0.625643,0.192804,0.097528,0.476239,0.893844,0.632400,April
9,0.479542,0.431870,0.626698,0.201761,0.132515,0.647453,0.974366,0.739631,April
10,0.525215,0.370424,0.625608,0.218151,0.151661,0.743993,0.810893,0.762308,April
11,0.527071,0.358560,0.624124,0.212377,0.156042,0.760670,0.750894,0.766083,April
12,0.509731,0.405090,0.614552,0.243983,0.170063,0.717456,0.842308,0.756734,April
13,0.496090,0.441311,0.604383,0.249791,0.178905,0.499936,0.974368,0.603134,April
14,0.517267,0.434195,0.596189,0.253539,0.217028,0.530039,0.833876,0.667312,April
15,0.510860,0.429743,0.591099,0.260272,0.222353,0.360302,0.809254,0.691684,April
16,0.484082,0.539552,0.592264,0.246228,0.192256,0.131316,0.486662,0.339360,April
17,0.437807,0.609449,0.590497,0.129789,0.113167,0.007183,0.088542,0.170912,April
18,0.361874,0.787954,0.594643,0.183571,0.158772,-0.058923,-0.012169,-0.063981,April
19,0.341367,0.919227,0.604294,0.175141,0.184167,-0.061576,-0.018251,-0.065393,April
20,0.314834,0.939128,0.604649,0.125345,0.122824,-0.061357,-0.019544,-0.065355,April
21,0.326401,0.936472,0.600310,0.104605,0.124225,-0.061220,-0.019597,-0.065235,April
22,0.314451,0.935097,0.597016,0.108011,0.168554,-0.060005,-0.019855,-0.065051,April
23,0.295807,0.951177,0.593017,0.123838,0.158008,-0.056681,-0.018516,-0.063760,April
0,0.383239,0.980091,0.612359,0.152900,0.212128,0.013697,-0.016550,-0.065562,October
1,0.373351,0.946118,0.608341,0.175121,0.239687,0.012370,-0.016790,-0.066340,October
2,0.357338,0.982569,0.607462,0.205989,0.333375,0.012221,-0.016824,-0.066381,October
3,0.367073,0.960257,0.607511,0.214701,0.322773,0.012179,-0.016821,-0.066377,October
4,0.372169,0.924975,0.607298,0.265565,0.381138,0.012366,-0.015389,-0.065932,October
5,0.356211,0.823638,0.616500,0.240258,0.366313,0.021626,-0.005522,-0.014686,October
6,0.374297,0.888976,0.625814,0.198207,0.288478,0.095881,0.165157,0.070186,October
7,0.472930,0.800666,0.645668,0.192031,0.217685,0.260240,0.388909,0.244839,October
8,0.553277,0.564544,0.658903,0.318419,0.202895,0.374847,0.461642,0.739051,October
9,0.611086,0.283885,0.664719,0.308012,0.220741,0.577941,0.498611,0.848823,October
10,0.624908,0.245258,0.662891,0.372190,0.246706,0.660434,0.506905,0.913542,October
11,0.632876,0.218976,0.647591,0.390977,0.257350,0.676290,0.502464,0.924274,October
12,0.634065,0.241401,0.634906,0.422096,0.340125,0.641875,0.494803,0.914399,October
13,0.620100,0.273369,0.616065,0.429441,0.368806,0.424060,0.476941,0.806165,October
14,0.601632,0.298504,0.615350,0.394630,0.327382,0.334297,0.355540,0.694797,October
15,0.586345,0.331471,0.611778,0.253609,0.210232,0.209636,0.298847,0.463212,October
16,0.494699,0.789977,0.618670,0.165140,0.161725,0.026473,0.020450,-0.047276,October
17,0.470137,0.842852,0.634804,0.139224,0.159587,0.014730,-0.014688,-0.063370,October
18,0.435965,0.914477,0.654496,0.141645,0.136442,0.012262,-0.016456,-0.066333,October
19,0.397393,0.895995,0.661514,0.149536,0.180986,0.012192,-0.016804,-0.066375,October
20,0.388245,0.971401,0.669509,0.163575,0.188071,0.012317,-0.016789,-0.066331,October
21,0.375826,0.983099,0.671208,0.158568,0.146038,0.012419,-0.016672,-0.066301,October
22,0.367880,0.956428,0.672157,0.128630,0.112672,0.013754,-0.016253,-0.065918,October
23,0.359266,0.966431,0.672553,0.121626,0.102121,0.015533,-0.015225,-0.064870,October
0,0.324236,0.934239,0.561603,0.147945,0.200135,-0.046535,-0.033776,-0.032061,May
1,0.320643,0.936179,0.535552,0.168272,0.176678,-0.048157,-0.033632,-0.032191,May
2,0.314861,0.943795,0.519901,0.141096,0.152059,-0.049666,-0.034876,-0.032199,May
3,0.307010,0.938268,0.515829,0.142386,0.153058,-0.049601,-0.034278,-0.032159,May
4,0.307084,0.948174,0.518412,0.162926,0.153906,-0.046877,-0.006934,-0.028948,May
5,0.356869,0.919578,0.540346,0.166562,0.179592,0.090370,0.118700,0.080624,May
6,0.474702,0.872102,0.549842,0.206247,0.189168,0.373642,0.376323,0.405194,May
7,0.540580,0.739208,0.562076,0.282835,0.238430,0.583193,0.355168,0.535608,May
8,0.616182,0.456214,0.577056,0.267827,0.283189,0.710851,0.470664,0.522143,May
9,0.621160,0.434166,0.564069,0.268123,0.266059,0.890535,0.593477,0.709884,May
10,0.624179,0.423594,0.592313,0.362649,0.290107,0.953604,0.653718,0.309696,May
11,0.588973,0.565293,0.574132,0.441483,0.371300,0.379092,0.686148,-0.007187,May
12,0.635765,0.305866,0.562332,0.448456,0.354062,0.704550,0.678921,-0.003719,May
13,0.668361,0.247697,0.538640,0.438144,0.376865,0.813525,0.656898,0.481312,May
14,0.653428,0.263653,0.550267,0.414543,0.304402,0.604004,0.564778,0.423697,May
15,0.646481,0.260383,0.540557,0.332245,0.251298,0.585264,0.394947,0.608862,May
16,0.608794,0.358498,0.556413,0.307381,0.312737,0.128544,0.106851,0.411664,May
17,0.563147,0.469067,0.571674,0.202164,0.214742,0.046772,0.045904,0.392551,May
18,0.523064,0.486846,0.575948,0.230701,0.293406,-0.037982,-0.029683,-0.007748,May
19,0.469320,0.683477,0.584713,0.280457,0.358910,-0.047405,-0.034205,-0.031273,May
20,0.410837,0.768212,0.618375,0.330611,0.419361,-0.047842,-0.034137,-0.031128,May
21,0.344245,0.875515,0.614264,0.351354,0.401925,-0.046879,-0.032366,-0.030704,May
22,0.353858,0.886690,0.614156,0.259392,0.370795,-0.040383,-0.029734,-0.028940,May
23,0.355094,0.895185,0.617567,0.183830,0.300384,-0.038857,-0.024165,-0.023968,May
0,0.338271,0.940952,0.758758,0.237216,0.344330,-0.004306,0.005300,-0.005357,December
1,0.322983,0.938691,0.740009,0.206721,0.275972,-0.009011,-0.002080,-0.005554,December
2,0.295141,0.945611,0.707528,0.200823,0.288420,-0.011182,-0.003583,-0.005787,December
3,0.274779,0.940474,0.692375,0.195777,0.261021,-0.011121,-0.007161,-0.005754,December
4,0.337444,0.901340,0.697683,0.266025,0.368651,-0.010036,-0.007779,-0.005423,December
5,0.306381,0.892079,0.719642,0.306111,0.406425,-0.008726,-0.008005,-0.001046,December
6,0.261099,0.923765,0.737573,0.215884,0.402614,-0.005430,-0.004427,0.001297,December
7,0.247380,0.880842,0.755972,0.254871,0.455121,0.027458,0.028767,0.002248,December
8,0.325516,0.888008,0.683516,0.293465,0.483322,0.085083,0.247578,0.004131,December
9,0.317316,0.869034,0.688981,0.237646,0.432373,0.137837,0.317456,0.008983,December
10,0.333789,0.823253,0.682077,0.301372,0.488043,0.196968,0.381477,0.009080,December
11,0.333510,0.759816,0.680780,0.380013,0.470959,0.240088,0.394173,0.044209,December
12,0.345576,0.605643,0.670340,0.390563,0.513950,0.273461,0.387293,0.051366,December
13,0.334167,0.587783,0.666912,0.502082,0.547649,0.225390,0.149173,0.138248,December
14,0.286916,0.649607,0.660754,0.493301,0.554756,0.122715,0.185688,0.046697,December
15,0.265215,0.654065,0.682611,0.433837,0.530328,0.015085,0.039435,0.021107,December
16,0.252131,0.843666,0.663522,0.400510,0.527878,-0.007302,0.006442,-0.002523,December
17,0.278475,0.738537,0.691596,0.290786,0.436469,-0.009433,-0.000184,-0.003965,December
18,0.248482,0.570543,0.701992,0.341443,0.461974,-0.010552,-0.006629,-0.004488,December
19,0.236509,0.526561,0.733866,0.421590,0.505790,-0.010639,-0.007723,-0.002846,December
20,0.210983,0.517052,0.756124,0.507224,0.541365,-0.010729,-0.006461,-0.004843,December
21,0.201804,0.508711,0.771112,0.498033,0.533918,-0.010172,-0.006774,-0.004972,December
22,0.182298,0.520971,0.776591,0.430578,0.476583,-0.009146,-0.004290,-0.005115,December
23,0.177687,0.552936,0.779192,0.268581,0.324630,-0.007430,-0.004017,-0.002071,December
0,0.434418,0.883928,0.607540,0.283186,0.175755,-0.031219,-0.033339,-0.038925,June
1,0.403445,0.865457,0.574014,0.336874,0.251869,-0.034435,-0.034106,-0.039251,June
2,0.406937,0.883751,0.551870,0.188493,0.175498,-0.035769,-0.034166,-0.039351,June
3,0.398440,0.899785,0.520081,0.180300,0.204589,-0.035485,-0.034147,-0.038963,June
4,0.397321,0.897282,0.515415,0.163524,0.150396,-0.033010,-0.026343,-0.034952,June
5,0.462019,0.841900,0.511848,0.123213,0.207596,0.052300,0.209300,0.100072,June
6,0.647689,0.520096,0.528806,0.109295,0.176867,0.326564,0.296048,0.507111,June
7,0.667888,0.174782,0.514449,0.156774,0.099144,0.401407,0.374382,0.901127,June
8,0.750908,0.209780,0.575326,0.079530,0.109526,0.666405,0.316344,0.737681,June
9,0.778469,0.153333,0.567151,0.157867,0.172175,0.775906,0.337341,0.871672,June
10,0.820890,0.100561,0.546271,0.186509,0.211815,0.940314,0.413712,0.949869,June
11,0.826605,0.096351,0.530766,0.236136,0.334400,0.948997,0.347585,0.898742,June
12,0.771592,0.169766,0.518651,0.211056,0.255321,0.809845,0.438845,0.691689,June
13,0.711395,0.317977,0.519065,0.333449,0.386159,0.597108,0.476998,0.386803,June
14,0.678094,0.437420,0.519172,0.456595,0.405494,0.376132,0.464506,0.239124,June
15,0.672501,0.396947,0.512498,0.537519,0.496983,0.329490,0.425678,0.294829,June
16,0.561677,0.608966,0.510900,0.529893,0.489763,0.080849,0.171387,0.104062,June
17,0.552984,0.650897,0.521160,0.476989,0.498418,0.037009,0.023774,0.163573,June
18,0.546740,0.601421,0.533789,0.327163,0.414354,-0.031187,-0.029748,0.019799,June
19,0.468561,0.651897,0.522032,0.322713,0.483082,-0.028847,-0.033860,-0.033118,June
20,0.432118,0.811896,0.542003,0.387583,0.477474,-0.030754,-0.030675,-0.029056,June
21,0.417920,0.829381,0.535418,0.280857,0.389578,-0.029559,-0.015759,-0.029465,June
22,0.428979,0.888110,0.539391,0.263592,0.237796,-0.015476,-0.024151,-0.029224,June
23,0.423738,0.841772,0.529582,0.358628,0.399352,-0.012420,-0.019504,0.007739,June
0,0.409994,0.834304,0.636997,0.500330,0.516119,-0.049615,-0.040467,-0.058906,August
1,0.422623,0.826552,0.631465,0.537395,0.545670,-0.054107,-0.041035,-0.058975,August
2,0.416123,0.833789,0.625836,0.389098,0.335524,-0.057015,-0.041029,-0.059303,August
3,0.393880,0.847065,0.626196,0.345721,0.317204,-0.055854,-0.040761,-0.057924,August
4,0.392048,0.848681,0.631268,0.242304,0.263548,-0.044582,-0.026627,-0.047225,August
5,0.402179,0.836635,0.635031,0.250182,0.291083,0.058997,0.083914,0.137262,August
6,0.421721,0.764955,0.637423,0.237443,0.340996,0.244970,0.205830,0.305534,August
7,0.562244,0.549089,0.638247,0.232561,0.271738,0.424381,0.303622,0.620432,August
8,0.642153,0.265331,0.638169,0.220486,0.237380,0.682897,0.327889,0.808326,August
9,0.718945,0.164919,0.637141,0.214279,0.225489,0.870437,0.308563,0.887598,August
10,0.745321,0.144128,0.632946,0.218863,0.228709,0.891037,0.319214,0.894578,August
11,0.754047,0.138219,0.627791,0.223206,0.249601,0.880988,0.373645,0.884949,August
12,0.734709,0.160961,0.616686,0.289108,0.245696,0.834579,0.443621,0.706094,August
13,0.706430,0.225840,0.613574,0.304799,0.286049,0.665671,0.428268,0.385348,August
14,0.667174,0.250205,0.610910,0.394442,0.313213,0.475293,0.383248,0.297774,August
15,0.685460,0.239077,0.598622,0.436306,0.391387,0.423683,0.279112,0.284895,August
16,0.602397,0.206462,0.590621,0.588511,0.505488,0.050729,0.142008,0.059563,August
17,0.561412,0.351749,0.585094,0.596197,0.592170,-0.024513,0.020852,-0.023735,August
18,0.560715,0.344460,0.583800,0.567077,0.593358,-0.055609,-0.033314,-0.056123,August
19,0.534754,0.516850,0.580786,0.578720,0.607799,-0.054427,-0.040469,-0.055773,August
20,0.486550,0.635638,0.582241,0.588610,0.611302,-0.049162,-0.040660,-0.048116,August
21,0.463168,0.725243,0.578754,0.543038,0.602318,-0.054300,-0.040417,-0.056492,August
22,0.488810,0.692471,0.578380,0.573443,0.596830,-0.049148,-0.039982,-0.049900,August
23,0.478647,0.646822,0.577884,0.586187,0.611992,-0.041808,-0.031526,-0.007742,August
0,0.358454,0.631341,0.588673,0.197413,0.271708,-0.044898,-0.028691,-0.076439,May
1,0.349858,0.517253,0.576584,0.233584,0.358919,-0.047732,-0.028892,-0.077188,May
2,0.311122,0.389324,0.573283,0.261280,0.343591,-0.048095,-0.028873,-0.077235,May
3,0.269494,0.426253,0.576760,0.179909,0.293793,-0.048027,-0.028903,-0.077088,May
4,0.261751,0.491120,0.595258,0.207766,0.352058,-0.044834,-0.026062,-0.075777,May
5,0.269445,0.591844,0.647133,0.236943,0.256742,-0.020622,-0.013285,-0.045070,May
6,0.346899,0.470629,0.675977,0.144122,0.239806,0.251667,0.332680,0.400213,May
7,0.483406,0.157796,0.687646,0.165839,0.159463,0.424893,0.502233,0.500920,May
8,0.560857,0.235207,0.679312,0.224530,0.136600,0.527165,0.574575,0.675605,May
9,0.627374,0.156978,0.692315,0.286245,0.216239,0.798811,0.544555,0.818807,May
10,0.619077,0.154184,0.692623,0.367138,0.236875,0.951771,0.564951,0.698268,May
11,0.605137,0.184905,0.675860,0.428753,0.313894,1.007665,0.607123,0.885064,May
12,0.695904,0.051782,0.650461,0.469213,0.326690,1.014049,0.597552,0.931380,May
13,0.676659,0.041722,0.629291,0.492615,0.419948,0.934368,0.582101,0.939073,May
14,0.628913,0.065946,0.600307,0.423608,0.351829,0.607766,0.374707,0.769887,May
15,0.587844,0.109093,0.598783,0.282452,0.197387,0.337480,0.414131,0.688497,May
16,0.431849,0.255909,0.599100,0.194871,0.263483,0.041040,0.127834,0.152329,May
17,0.441499,0.322202,0.606877,0.146082,0.269147,-0.013237,0.059666,0.141455,May
18,0.365719,0.462092,0.617552,0.260217,0.395899,-0.046369,-0.025206,-0.072029,May
19,0.295750,0.625134,0.640353,0.290328,0.464011,-0.047929,-0.028277,-0.077053,May
20,0.271235,0.899122,0.667586,0.213466,0.461275,-0.047709,-0.028509,-0.076715,May
21,0.257308,0.958103,0.654706,0.296842,0.444130,-0.047626,-0.027849,-0.076672,May
22,0.261154,0.948070,0.646095,0.251323,0.441405,-0.046071,-0.027432,-0.075822,May
23,0.252875,0.955137,0.625234,0.258010,0.398055,-0.041639,-0.022757,-0.073042,May
0,0.469077,1.025116,0.655961,0.344828,0.411608,-0.022932,-0.009776,-0.037827,October
1,0.491989,1.015194,0.627599,0.507703,0.494365,-0.023325,-0.010541,-0.038068,October
2,0.524411,1.001602,0.600652,0.556334,0.548705,-0.023493,-0.010617,-0.038069,October
3,0.513957,0.961616,0.611685,0.573612,0.565737,-0.023397,-0.010638,-0.037319,October
4,0.466287,1.000178,0.592128,0.535258,0.563545,-0.022703,-0.009217,-0.036018,October
5,0.456282,0.979206,0.612296,0.520051,0.549824,-0.019075,0.018265,-0.029300,October
6,0.488864,0.972513,0.650301,0.524665,0.561452,0.050756,0.428516,0.147630,October
7,0.560744,0.758217,0.662421,0.501037,0.515577,0.257435,0.576129,0.357608,October
8,0.617740,0.750016,0.647519,0.548253,0.420966,0.451336,0.595284,0.705686,October
9,0.664929,0.536430,0.662005,0.513293,0.380255,0.628895,0.622543,0.841056,October
10,0.689931,0.459745,0.658078,0.468780,0.336182,0.686633,0.610412,0.869827,October
11,0.695681,0.423018,0.635383,0.415538,0.313782,0.709340,0.566218,0.874380,October
12,0.694737,0.476291,0.615795,0.472227,0.331048,0.666738,0.512007,0.871158,October
13,0.685204,0.466412,0.582083,0.437075,0.313764,0.497427,0.512477,0.818151,October
14,0.669345,0.479516,0.562514,0.361042,0.304217,0.357056,0.334292,0.772059,October
15,0.653471,0.655098,0.554246,0.270863,0.300555,0.116958,0.152431,0.695893,October
16,0.567784,0.915570,0.557259,0.237650,0.291428,-0.010113,0.002088,-0.005318,October
17,0.514129,0.951895,0.560301,0.299528,0.359026,-0.022236,-0.009723,-0.037362,October
18,0.500666,0.978826,0.571997,0.281963,0.353175,-0.023495,-0.010370,-0.038073,October
19,0.482620,0.980285,0.566141,0.300432,0.335858,-0.023547,-0.010615,-0.038089,October
20,0.469137,1.015705,0.577829,0.311982,0.348010,-0.023294,-0.010601,-0.038030,October
21,0.451660,1.012477,0.597638,0.351046,0.382460,-0.023048,-0.010556,-0.038012,October
22,0.448317,1.010623,0.626921,0.400007,0.390313,-0.021702,-0.009742,-0.037886,October
23,0.449034,1.000262,0.631159,0.378183,0.383474,-0.019201,-0.008379,-0.037100,October
0,0.507739,0.846188,0.495676,0.643148,0.668166,-0.045925,-0.033215,-0.037758,August
1,0.499799,0.818318,0.463681,0.525100,0.552321,-0.046814,-0.035172,-0.038029,August
2,0.476218,0.848925,0.443084,0.457250,0.552359,-0.047732,-0.035168,-0.038062,August
3,0.482167,0.862629,0.430176,0.423222,0.491990,-0.047431,-0.035160,-0.037635,August
4,0.499789,0.849146,0.439825,0.428891,0.495030,-0.042541,-0.022746,-0.027388,August
5,0.519899,0.814900,0.453124,0.344799,0.406706,0.130967,0.173732,0.276335,August
6,0.614237,0.718074,0.497161,0.388353,0.350572,0.250077,0.372543,0.824019,August
7,0.645250,0.473398,0.496498,0.540879,0.382170,0.485240,0.417977,0.715035,August
8,0.730090,0.296144,0.547778,0.682742,0.556363,0.813824,0.525132,0.927668,August
9,0.744432,0.225402,0.559885,0.667326,0.493996,0.903641,0.537240,0.962245,August
10,0.764351,0.240401,0.552988,0.610703,0.492749,0.924193,0.535901,0.965708,August
11,0.769505,0.184510,0.528074,0.553897,0.471067,0.939476,0.526523,0.967396,August
12,0.768764,0.211222,0.522245,0.608287,0.513287,0.931727,0.464500,0.967040,August
13,0.758651,0.185610,0.499455,0.616157,0.483204,0.867861,0.461491,0.952342,August
14,0.751264,0.179519,0.486669,0.658557,0.591768,0.730174,0.349812,0.945928,August
15,0.737079,0.189774,0.464399,0.713292,0.678835,0.564955,0.302137,0.913806,August
16,0.731305,0.243922,0.436733,0.720094,0.690914,0.238200,0.234766,0.560992,August
17,0.688047,0.340674,0.456796,0.681771,0.680299,0.047831,0.052442,0.396950,August
18,0.634669,0.467605,0.467962,0.570207,0.682275,-0.046322,-0.030994,-0.032234,August
19,0.595001,0.591053,0.510772,0.513275,0.648568,-0.047545,-0.035061,-0.037835,August
20,0.597027,0.556248,0.540025,0.570041,0.652744,-0.046918,-0.035215,-0.036969,August
21,0.563478,0.534364,0.549532,0.532353,0.665273,-0.046166,-0.035188,-0.036540,August
22,0.510808,0.682680,0.556690,0.488353,0.637634,-0.045648,-0.035114,-0.037654,August
23,0.514431,0.760273,0.559186,0.323316,0.567750,-0.041385,-0.034040,-0.035210,August
0,0.191122,0.956640,0.623890,0.111670,0.080088,0.005861,-0.006345,-0.063107,December
1,0.171848,0.974897,0.623610,0.168645,0.182878,0.004699,-0.006876,-0.063287,December
2,0.211569,0.992024,0.623248,0.201181,0.221003,0.004279,-0.006904,-0.063328,December
3,0.199758,0.969338,0.617776,0.207239,0.268657,0.004263,-0.006429,-0.063300,December
4,0.204122,0.994853,0.611259,0.131872,0.184440,0.006250,-0.006071,-0.062911,December
5,0.223604,0.942258,0.608713,0.121886,0.129785,0.007360,-0.005478,-0.062060,December
6,0.204040,0.968038,0.602182,0.153677,0.169400,0.012652,0.004435,-0.048371,December
7,0.200027,0.976826,0.603799,0.303871,0.233072,0.109127,0.106149,0.092399,December
8,0.364196,0.691593,0.593392,0.272441,0.186867,0.269441,0.239440,0.140405,December
9,0.422161,0.562482,0.589949,0.195709,0.148371,0.434766,0.375838,0.321097,December
10,0.436688,0.480032,0.574407,0.270194,0.183483,0.395960,0.388638,0.217202,December
11,0.453555,0.480195,0.548473,0.323306,0.184057,0.459045,0.395781,0.392368,December
12,0.401045,0.539659,0.530842,0.358604,0.352527,0.408225,0.399649,0.126111,December
13,0.388618,0.683435,0.523283,0.349979,0.295600,0.326899,0.270382,0.102273,December
14,0.411637,0.582342,0.516253,0.343907,0.330673,0.377343,0.221257,0.533787,December
15,0.393325,0.638520,0.513642,0.319790,0.238213,0.137409,0.057694,0.459525,December
16,0.274329,0.855080,0.515741,0.229388,0.175775,0.008530,-0.000658,-0.057964,December
17,0.259737,0.925796,0.519271,0.176393,0.216777,0.005178,-0.006801,-0.062978,December
18,0.301352,0.918441,0.516291,0.171990,0.181449,0.004306,-0.007135,-0.063245,December
19,0.263225,0.940541,0.515636,0.159576,0.163644,0.004273,-0.007298,-0.063253,December
20,0.205500,0.984834,0.515740,0.163816,0.177550,0.004575,-0.007239,-0.063213,December
21,0.183454,1.001161,0.517202,0.129473,0.132205,0.004374,-0.007253,-0.063312,December
22,0.182144,0.991733,0.514842,0.117861,0.139755,0.004984,-0.006980,-0.063206,December
23,0.154520,1.012580,0.513533,0.118967,0.148429,0.005245,-0.005414,-0.062596,December
0,0.424435,0.773361,0.552736,0.329578,0.452310,-0.039554,-0.038871,-0.058853,August
1,0.411265,0.797588,0.552401,0.138512,0.332605,-0.041392,-0.040930,-0.059289,August
2,0.406134,0.810486,0.541525,0.115778,0.229505,-0.041878,-0.041360,-0.059227,August
3,0.408838,0.823216,0.546411,0.109403,0.242725,-0.039989,-0.041196,-0.057585,August
4,0.408878,0.781593,0.547550,0.145235,0.272991,-0.026229,0.015019,-0.046002,August
5,0.467146,0.738905,0.549358,0.126019,0.267350,0.071307,0.367884,0.078506,August
6,0.581361,0.418392,0.555819,0.148163,0.144269,0.216583,0.442419,0.420697,August
7,0.691579,0.269633,0.562125,0.210922,0.122425,0.344788,0.476196,0.730430,August
8,0.675406,0.224733,0.567927,0.370814,0.215868,0.632840,0.569195,0.786538,August
9,0.714104,0.163671,0.569075,0.445240,0.290143,0.785404,0.574350,0.860063,August
10,0.753311,0.128732,0.568069,0.433257,0.334476,0.856534,0.563011,0.872085,August
11,0.767290,0.116536,0.561709,0.465972,0.385395,0.870386,0.546832,0.872655,August
12,0.770206,0.129497,0.557312,0.538720,0.448967,0.861354,0.540767,0.872108,August
13,0.724406,0.155414,0.544357,0.539960,0.456474,0.774668,0.549649,0.855350,August
14,0.729550,0.151735,0.537122,0.536263,0.476881,0.640498,0.490098,0.823182,August
15,0.714329,0.170718,0.522873,0.537721,0.489944,0.503210,0.450549,0.785767,August
16,0.669515,0.247187,0.515034,0.528027,0.458557,0.272007,0.310804,0.699888,August
17,0.584008,0.309284,0.511234,0.433380,0.450160,0.041355,0.134974,0.394593,August
18,0.549905,0.336865,0.508463,0.403336,0.471849,-0.041269,-0.026939,-0.046484,August
19,0.495745,0.543799,0.513275,0.299939,0.461721,-0.042360,-0.040608,-0.058864,August
20,0.476804,0.708974,0.515616,0.281119,0.411467,-0.040333,-0.041229,-0.056776,August
21,0.450030,0.753753,0.512924,0.223547,0.356085,-0.040478,-0.041335,-0.057044,August
22,0.429525,0.816531,0.509379,0.197576,0.443020,-0.039771,-0.041354,-0.058160,August
23,0.424246,0.833143,0.506630,0.172472,0.347564,-0.039349,-0.038608,-0.054511,August
0,0.415006,0.999432,0.696266,0.129187,0.202142,0.027055,-0.045417,-0.030932,October
1,0.400672,0.999756,0.677723,0.247592,0.270413,0.026479,-0.046097,-0.030999,October
2,0.388814,1.001144,0.657243,0.269588,0.298975,0.026305,-0.046022,-0.031007,October
3,0.393166,1.002182,0.652262,0.261486,0.286722,0.026344,-0.046193,-0.030945,October
4,0.390231,0.993560,0.642139,0.152183,0.279643,0.028716,-0.041379,-0.028627,October
5,0.383029,0.989688,0.657019,0.136173,0.228322,0.048114,-0.019848,0.032640,October
6,0.431454,0.972104,0.681530,0.206411,0.287438,0.097160,0.409691,0.325077,October
7,0.509183,0.742371,0.696058,0.395105,0.318235,0.342915,0.601353,0.478424,October
8,0.618044,0.592562,0.698594,0.324723,0.255757,0.475984,0.654178,0.608462,October
9,0.617805,0.480945,0.698828,0.177858,0.208907,0.547697,0.668311,0.669686,October
10,0.650558,0.446989,0.694406,0.239176,0.236148,0.613692,0.741485,0.394716,October
11,0.670558,0.377387,0.676051,0.171408,0.183271,0.551689,0.744157,0.294260,October
12,0.681673,0.214332,0.647441,0.158778,0.166764,0.621468,0.677974,0.693087,October
13,0.679366,0.204295,0.643262,0.332399,0.231142,0.604027,0.495121,0.807809,October
14,0.663631,0.275827,0.635633,0.342155,0.310915,0.366564,0.289892,0.664530,October
15,0.590205,0.616823,0.640510,0.279127,0.279188,0.146087,0.120143,0.338853,October
16,0.580088,0.885367,0.626878,0.306947,0.229179,0.035615,-0.034711,-0.022491,October
17,0.530560,0.858225,0.644109,0.164376,0.197222,0.028787,-0.045486,-0.029523,October
18,0.450532,0.895276,0.656791,0.076185,0.113827,0.026327,-0.046137,-0.030988,October
19,0.421849,0.945843,0.652297,0.054611,0.102627,0.026303,-0.046254,-0.030998,October
20,0.423083,0.962811,0.660190,0.184584,0.142058,0.026610,-0.046227,-0.030969,October
21,0.399148,0.969506,0.672524,0.197704,0.166849,0.027041,-0.045975,-0.030807,October
22,0.392849,0.957960,0.678710,0.182460,0.110317,0.028427,-0.045638,-0.030510,October
23,0.393287,0.971593,0.683452,0.135989,0.125572,0.029476,-0.043371,-0.029644,October
0,0.196161,1.047406,0.732412,0.230011,0.232081,-0.004605,-0.034656,-0.047342,February
1,0.163699,1.048672,0.722453,0.167539,0.149395,-0.005783,-0.040404,-0.047907,February
2,0.158406,1.057920,0.724044,0.108144,0.193443,-0.005847,-0.039751,-0.048027,February
3,0.163552,1.056259,0.730649,0.051722,0.144299,-0.005278,-0.039244,-0.047438,February
4,0.161584,1.059267,0.730892,0.013965,0.152827,-0.002445,-0.027636,-0.042192,February
5,0.163027,1.057915,0.729797,0.020490,0.088012,-0.001220,-0.030465,-0.042516,February
6,0.147470,1.052930,0.736933,0.091733,0.090604,0.005705,0.052973,-0.025564,February
7,0.163994,0.999672,0.740429,0.313519,0.182279,0.167428,0.699834,0.277555,February
8,0.278712,0.957232,0.741194,0.264041,0.124904,0.239575,0.674110,0.394494,February
9,0.307397,0.814290,0.743049,0.305335,0.117461,0.398854,0.726287,0.555377,February
10,0.326989,0.575701,0.742383,0.310254,0.151889,0.462802,0.760146,0.541873,February
11,0.340397,0.468302,0.737846,0.324829,0.147778,0.501439,0.757292,0.592966,February
12,0.353509,0.433371,0.724355,0.336348,0.194283,0.470014,0.766700,0.577114,February
13,0.345758,0.417446,0.704823,0.303049,0.157025,0.424695,0.712074,0.519195,February
14,0.330096,0.422594,0.699314,0.288365,0.127525,0.314110,0.576611,0.455833,February
15,0.302216,0.524154,0.690546,0.231519,0.099434,0.198273,0.603391,0.434908,February
16,0.300593,0.554356,0.679693,0.243879,0.215915,0.026964,0.067512,0.163921,February
17,0.232875,0.753475,0.682248,0.228462,0.198749,-0.000957,-0.031077,-0.037656,February
18,0.206436,0.727280,0.682762,0.258244,0.277858,-0.005841,-0.038541,-0.047920,February
19,0.179179,0.854153,0.681711,0.235259,0.292406,-0.005965,-0.040662,-0.048099,February
20,0.171786,0.860124,0.678296,0.215568,0.261633,-0.005790,-0.040808,-0.048046,February
21,0.161531,0.838177,0.675958,0.098568,0.162441,-0.005501,-0.041008,-0.047972,February
22,0.141112,0.933461,0.674774,0.056414,0.132666,-0.004917,-0.040885,-0.047895,February
23,0.135684,1.028060,0.674229,0.036588,0.139735,-0.004353,-0.038423,-0.046976,February
0,0.077010,0.928310,0.733751,0.034514,0.063688,-0.032258,-0.041436,-0.018856,January
1,0.084972,0.848654,0.712089,0.147555,0.131897,-0.033991,-0.041633,-0.019336,January
2,0.076008,0.825830,0.685924,0.070849,0.196992,-0.034491,-0.041696,-0.019562,January
3,0.078885,0.838030,0.674946,0.055223,0.180856,-0.034501,-0.041694,-0.019544,January
4,0.081292,0.857004,0.675884,0.119882,0.141949,-0.034165,-0.041308,-0.019339,January
5,0.076235,0.759031,0.705518,0.029065,0.122943,-0.029721,-0.040563,-0.014378,January
6,0.072276,0.858482,0.723958,0.048413,0.158716,-0.026454,-0.036505,-0.012121,January
7,0.090707,0.851254,0.731160,0.061337,0.183743,0.078994,0.017752,0.104408,January
8,0.285871,0.682577,0.733999,0.123055,0.126041,0.218679,0.077835,0.326101,January
9,0.320227,0.553187,0.733501,0.150345,0.155922,0.334313,0.275614,0.464188,January
10,0.321348,0.534879,0.724377,0.224745,0.256110,0.280792,0.473825,0.048781,January
11,0.338876,0.532794,0.717032,0.229340,0.206876,0.137505,0.505498,0.003003,January
12,0.360830,0.531496,0.686345,0.409356,0.400913,0.345375,0.476593,0.031720,January
13,0.335849,0.552315,0.669894,0.387369,0.361293,0.317644,0.364923,0.246053,January
14,0.301540,0.618377,0.667650,0.190252,0.211890,0.161893,0.204670,0.270391,January
15,0.281698,0.700908,0.662582,0.039369,0.089691,0.022307,0.052192,0.118763,January
16,0.198658,0.816580,0.670539,0.105818,0.194505,-0.027936,-0.037810,-0.017955,January
17,0.208651,0.830720,0.674875,0.205501,0.304019,-0.032602,-0.040860,-0.019202,January
18,0.231040,0.854303,0.673658,0.107940,0.198326,-0.034421,-0.041114,-0.019566,January
19,0.146181,0.877078,0.670257,0.059071,0.140890,-0.034500,-0.041345,-0.019572,January
20,0.146718,0.847468,0.671837,0.094173,0.211153,-0.034326,-0.041539,-0.019568,January
21,0.158889,0.784821,0.672869,0.135963,0.229882,-0.033874,-0.041630,-0.019495,January
22,0.157700,0.777058,0.664553,0.136206,0.291673,-0.032994,-0.041266,-0.019295,January
23,0.102850,0.805297,0.659710,0.127318,0.320619,-0.030785,-0.040470,-0.017430,January
0,0.515375,0.852561,0.598788,0.638136,0.630253,-0.007188,-0.026925,-0.064618,July
1,0.529505,0.849481,0.596043,0.685600,0.649958,-0.008921,-0.028965,-0.064810,July
2,0.535300,0.853552,0.580343,0.681576,0.652825,-0.010064,-0.029062,-0.064990,July
3,0.517654,0.849658,0.587336,0.662747,0.651286,-0.004911,-0.029316,-0.063686,July
4,0.521579,0.852270,0.589728,0.608395,0.639817,0.017793,-0.017023,-0.005110,July
5,0.549917,0.828213,0.594395,0.568570,0.625452,0.226159,0.151562,0.381697,July
6,0.588354,0.738563,0.597466,0.614815,0.590495,0.226104,0.227499,0.616998,July
7,0.650413,0.550800,0.598643,0.662574,0.601495,0.558835,0.306468,0.729970,July
8,0.643594,0.491621,0.602981,0.682743,0.592175,0.784045,0.314908,0.865114,July
9,0.681742,0.342091,0.603029,0.671431,0.508069,0.930778,0.328398,0.900088,July
10,0.698802,0.255826,0.603135,0.648040,0.505562,0.956482,0.331149,0.913366,July
11,0.707198,0.225310,0.601501,0.654931,0.501205,0.963110,0.318846,0.911399,July
12,0.705631,0.232408,0.594144,0.627337,0.401746,0.912439,0.334444,0.897242,July
13,0.700245,0.228099,0.587529,0.453024,0.373222,0.865424,0.310452,0.802347,July
14,0.691876,0.226624,0.582420,0.474373,0.380098,0.791285,0.274639,0.858273,July
15,0.681416,0.231094,0.567297,0.479544,0.401480,0.702131,0.164312,0.792158,July
16,0.687906,0.290987,0.554374,0.564968,0.429823,0.375811,0.082564,0.666521,July
17,0.657131,0.345036,0.553686,0.441511,0.411125,0.196949,0.034712,0.419474,July
18,0.604242,0.318270,0.553064,0.438340,0.417279,-0.007323,-0.021980,-0.033382,July
19,0.574726,0.421682,0.553147,0.478169,0.495176,-0.010670,-0.028919,-0.062907,July
20,0.520210,0.549239,0.553627,0.560714,0.574197,-0.008324,-0.028336,-0.063639,July
21,0.508011,0.715647,0.553723,0.469309,0.513847,-0.004837,-0.029098,-0.060989,July
22,0.508498,0.678387,0.553744,0.459690,0.539827,0.003822,-0.026653,-0.056092,July
23,0.506513,0.668005,0.553837,0.432621,0.483512,-0.003948,-0.025122,-0.034978,July
0,0.503800,0.943558,0.564773,0.216390,0.299686,-0.064147,-0.034770,-0.023985,August
1,0.509866,0.935310,0.557464,0.236948,0.331991,-0.066004,-0.035199,-0.024036,August
2,0.513973,0.919647,0.540630,0.201351,0.288118,-0.067991,-0.034708,-0.024024,August
3,0.507502,0.922027,0.499488,0.201796,0.288802,-0.065445,-0.034188,-0.022552,August
4,0.503589,0.940881,0.515629,0.203095,0.270244,-0.043695,0.005414,-0.011160,August
5,0.521490,0.920062,0.534321,0.200607,0.287531,0.035040,0.256649,0.040826,August
6,0.582396,0.735660,0.544811,0.206588,0.280942,0.234187,0.363455,0.346449,August
7,0.648152,0.452158,0.549267,0.282499,0.282730,0.543391,0.334742,0.531196,August
8,0.681770,0.362458,0.544275,0.407365,0.348430,0.571010,0.529422,0.427158,August
9,0.716231,0.311661,0.539732,0.541717,0.476760,0.743713,0.544646,0.707744,August
10,0.739913,0.282367,0.524305,0.482940,0.486243,0.770039,0.478819,0.889299,August
11,0.745138,0.276435,0.497205,0.508967,0.478476,0.884059,0.442669,0.907776,August
12,0.719684,0.289284,0.502161,0.477602,0.375813,0.827856,0.478991,0.884976,August
13,0.678614,0.337885,0.498196,0.411832,0.392660,0.712771,0.574310,0.594367,August
14,0.671193,0.368057,0.491000,0.431700,0.349626,0.422541,0.448989,0.389683,August
15,0.689988,0.366065,0.482457,0.501882,0.406703,0.342936,0.370489,0.449921,August
16,0.685377,0.404036,0.486774,0.449728,0.407903,0.124870,0.116694,0.248924,August
17,0.644841,0.533828,0.484262,0.385155,0.459510,-0.011141,0.050353,0.060088,August
18,0.610032,0.545325,0.486554,0.375793,0.549658,-0.067387,-0.014008,-0.023222,August
19,0.580841,0.670764,0.491660,0.394376,0.574874,-0.068306,-0.033595,-0.024046,August
20,0.588650,0.646759,0.497174,0.469612,0.588484,-0.065962,-0.035472,-0.023610,August
21,0.537525,0.802281,0.495429,0.414455,0.578107,-0.063868,-0.035977,-0.019776,August
22,0.521338,0.927043,0.495855,0.347139,0.559052,-0.061641,-0.035143,-0.021699,August
23,0.515329,0.908808,0.498971,0.353840,0.541110,-0.058434,-0.031699,-0.011624,August
0,0.167391,0.860926,0.583911,0.554255,0.415749,-0.067367,-0.035183,-0.012683,March
1,0.135372,0.864730,0.585465,0.464594,0.469953,-0.068440,-0.038595,-0.012707,March
2,0.128121,0.865173,0.583825,0.153648,0.296767,-0.069476,-0.039475,-0.012726,March
3,0.126320,0.860051,0.581944,0.085913,0.173302,-0.068559,-0.039885,-0.012596,March
4,0.162391,0.859119,0.586516,0.439074,0.445162,-0.058394,-0.026936,-0.010502,March
5,0.138977,0.850017,0.593606,0.277432,0.369725,-0.055158,-0.008758,0.005532,March
6,0.146925,0.834521,0.596701,0.422437,0.443732,0.019839,0.177650,0.068219,March
7,0.171761,0.737468,0.602903,0.556843,0.477763,0.091485,0.626122,0.266867,March
8,0.237833,0.728036,0.624687,0.631815,0.521322,0.302035,0.694947,0.380561,March
9,0.246555,0.658840,0.641332,0.607072,0.386744,0.444078,0.687038,0.433453,March
10,0.270870,0.628662,0.649836,0.453104,0.280794,0.500898,0.829267,0.372331,March
11,0.272299,0.535535,0.644504,0.401086,0.231740,0.528146,0.815392,0.425588,March
12,0.284952,0.474692,0.638303,0.603183,0.437207,0.509505,0.763739,0.405548,March
13,0.280759,0.449319,0.632844,0.560157,0.367574,0.461961,0.642967,0.457341,March
14,0.267471,0.442522,0.628733,0.506079,0.366909,0.369189,0.371729,0.418490,March
15,0.237241,0.452737,0.621712,0.438241,0.298280,0.278272,0.432496,0.353098,March
16,0.237547,0.498606,0.630990,0.425444,0.416158,0.040174,0.150811,0.301809,March
17,0.182102,0.617724,0.643823,0.114746,0.204827,-0.053408,-0.016274,0.009068,March
18,0.162840,0.706593,0.654173,0.085083,0.207123,-0.068742,-0.029579,-0.012544,March
19,0.139803,0.734854,0.647651,0.092699,0.243122,-0.069482,-0.039080,-0.012720,March
20,0.145566,0.686137,0.649094,0.092423,0.298957,-0.068486,-0.040379,-0.012692,March
21,0.121240,0.708718,0.658878,0.099908,0.215241,-0.068366,-0.040795,-0.012565,March
22,0.111093,0.653244,0.660803,0.069157,0.215476,-0.066280,-0.040515,-0.012164,March
23,0.098293,0.688898,0.662102,0.088693,0.181870,-0.064731,-0.040103,-0.011590,March
0,0.211311,0.506367,0.677256,0.167749,0.361283,-0.023370,-0.064771,-0.000707,February
1,0.209231,0.512967,0.678858,0.248218,0.386442,-0.025181,-0.065572,-0.002211,February
2,0.182093,0.540782,0.683908,0.159558,0.395489,-0.026645,-0.066077,-0.002340,February
3,0.158311,0.673485,0.692270,0.120459,0.352317,-0.026769,-0.066170,-0.002341,February
4,0.154321,0.895928,0.714783,0.056453,0.283536,-0.026681,-0.065223,-0.002333,February
5,0.161649,0.885035,0.725363,0.253759,0.322114,-0.025870,-0.065488,-0.002145,February
6,0.167190,0.873598,0.739444,0.104393,0.237071,-0.022116,-0.058792,0.000354,February
7,0.173167,0.861373,0.740670,0.037565,0.139130,0.008479,-0.020143,0.031408,February
8,0.191071,0.840317,0.743847,0.047400,0.122165,0.127477,0.344835,0.060980,February
9,0.221308,0.703837,0.744219,0.106344,0.188263,0.218606,0.625816,0.084602,February
10,0.238055,0.605215,0.743270,0.221937,0.254109,0.289633,0.864194,0.026173,February
11,0.236112,0.651653,0.739950,0.192318,0.280497,0.315626,0.777805,0.051620,February
12,0.244560,0.789513,0.732973,0.322543,0.355209,0.330291,0.814048,0.073316,February
13,0.256235,0.685464,0.721056,0.385813,0.383555,0.300621,0.832151,0.084829,February
14,0.260235,0.615921,0.713793,0.374622,0.401018,0.264206,0.379621,0.165720,February
15,0.257993,0.621039,0.709013,0.345652,0.362212,0.145529,0.159605,0.128841,February
16,0.234400,0.878905,0.706505,0.262266,0.280984,-0.013210,-0.040435,0.023125,February
17,0.215491,0.905593,0.712970,0.160081,0.250762,-0.023898,-0.065163,-0.001286,February
18,0.203035,0.904542,0.706747,0.187219,0.272889,-0.026379,-0.066024,-0.002309,February
19,0.175055,0.946086,0.700380,0.130372,0.178636,-0.026773,-0.065792,-0.002341,February
20,0.200313,0.935472,0.693354,0.238895,0.182252,-0.026444,-0.065102,-0.002336,February
21,0.195204,0.929736,0.690224,0.157209,0.185109,-0.026264,-0.065769,-0.002329,February
22,0.177604,0.956540,0.678864,0.071578,0.183511,-0.025817,-0.065430,-0.002334,February
23,0.172565,0.972225,0.676759,0.024448,0.101321,-0.025314,-0.051290,-0.002269,February
0,0.405136,0.877865,0.562227,0.289760,0.260936,-0.000039,-0.004109,-0.039934,September
1,0.368348,0.890790,0.559851,0.291519,0.368469,-0.001012,-0.004096,-0.040329,September
2,0.349427,0.860232,0.554957,0.305812,0.469057,-0.001054,-0.004147,-0.040357,September
3,0.356000,0.880056,0.550337,0.344131,0.510059,-0.001562,-0.002733,-0.040305,September
4,0.346090,0.891003,0.557056,0.376398,0.472113,0.001726,0.026817,-0.036321,September
5,0.347160,0.884616,0.561319,0.284283,0.427843,0.034864,0.057307,0.006455,September
6,0.386732,0.855398,0.580504,0.245838,0.254612,0.104031,0.241317,0.196969,September
7,0.491141,0.767930,0.594502,0.255695,0.223840,0.404802,0.327152,0.715446,September
8,0.547685,0.378642,0.588850,0.334231,0.175733,0.524413,0.267485,0.722329,September
9,0.609114,0.206890,0.606282,0.344021,0.156038,0.815852,0.322312,0.917340,September
10,0.620441,0.185561,0.589536,0.360834,0.186810,0.843670,0.317494,0.923364,September
11,0.621634,0.181102,0.601914,0.354885,0.190692,0.845820,0.319100,0.922866,September
12,0.588526,0.236221,0.596539,0.403601,0.171758,0.709736,0.347710,0.894856,September
13,0.563681,0.290267,0.583406,0.377422,0.197535,0.571299,0.339836,0.697404,September
14,0.565532,0.253012,0.573767,0.430790,0.258127,0.510457,0.294252,0.655856,September
15,0.544901,0.302221,0.562922,0.350854,0.259405,0.322292,0.236458,0.803929,September
16,0.530607,0.419206,0.558246,0.254685,0.206850,0.074343,0.053906,0.429004,September
17,0.483225,0.563732,0.562886,0.233107,0.152137,0.005045,-0.000919,-0.009744,September
18,0.455537,0.619816,0.579907,0.281239,0.218131,-0.000441,-0.004297,-0.039641,September
19,0.410546,0.751668,0.604939,0.301313,0.276644,-0.001730,-0.004470,-0.040283,September
20,0.362014,0.834956,0.610583,0.354198,0.316080,-0.001758,-0.004444,-0.040327,September
21,0.381666,0.775258,0.613685,0.413117,0.431929,-0.001442,-0.004397,-0.040354,September
22,0.402182,0.733450,0.617444,0.421490,0.487437,0.000911,-0.004172,-0.039654,September
23,0.418201,0.756771,0.618366,0.378128,0.471403,0.014107,-0.002605,-0.036420,September
0,0.315415,0.858425,0.585275,0.137492,0.302810,-0.001380,-0.049185,-0.038541,May
1,0.313971,0.809866,0.578734,0.136653,0.294264,-0.002992,-0.051165,-0.039016,May
2,0.311240,0.905558,0.572785,0.133750,0.238287,-0.004798,-0.052053,-0.039442,May
3,0.310542,0.924646,0.556685,0.158321,0.238528,-0.005066,-0.052008,-0.039180,May
4,0.311126,0.829821,0.565053,0.182671,0.300784,-0.000848,0.036199,-0.031104,May
5,0.338370,0.739502,0.569232,0.254553,0.309541,0.116253,0.425833,0.296608,May
6,0.369299,0.521547,0.572173,0.248191,0.234313,0.210971,0.595476,0.256045,May
7,0.435010,0.485737,0.577542,0.284681,0.252413,0.478227,0.761358,0.576777,May
8,0.526556,0.395290,0.584756,0.219034,0.156350,0.417308,0.581149,0.410595,May
9,0.531463,0.377209,0.585943,0.190287,0.150563,0.583857,0.609915,0.513900,May
10,0.544668,0.381197,0.580888,0.332026,0.271998,0.688139,0.470012,0.311570,May
11,0.540300,0.443583,0.554784,0.435328,0.339884,0.476400,0.693615,0.244001,May
12,0.562777,0.365205,0.521347,0.431501,0.290610,0.658157,0.630917,0.463246,May
13,0.548858,0.366257,0.512730,0.474408,0.355912,0.563687,0.606593,0.518319,May
14,0.549233,0.390265,0.503062,0.354669,0.326765,0.347105,0.605288,0.418879,May
15,0.541802,0.402084,0.498625,0.211398,0.169970,0.260067,0.672674,0.356708,May
16,0.539992,0.469184,0.501163,0.204411,0.177003,0.259480,0.257320,0.299350,May
17,0.494685,0.526879,0.496398,0.122338,0.183060,0.302201,0.194526,0.456748,May
18,0.494751,0.499418,0.494032,0.153125,0.244166,0.013907,-0.030827,-0.001512,May
19,0.449716,0.609465,0.496549,0.182025,0.311089,-0.004688,-0.042344,-0.039516,May
20,0.401189,0.749733,0.497639,0.386697,0.366118,-0.002025,-0.043868,-0.039591,May
21,0.383393,0.839056,0.493918,0.363052,0.376982,-0.002410,-0.044883,-0.039019,May
22,0.372542,0.887662,0.491822,0.313256,0.376372,0.004655,-0.046194,-0.038382,May
23,0.372113,0.870303,0.490626,0.254977,0.363296,0.000386,-0.039367,-0.034583,May
0,0.552806,0.752014,0.595199,0.401464,0.577652,-0.026988,-0.022992,-0.085631,July
1,0.557323,0.732400,0.590692,0.358186,0.529651,-0.033886,-0.026820,-0.087350,July
2,0.591907,0.768147,0.586862,0.476511,0.528503,-0.037131,-0.028133,-0.087511,July
3,0.531550,0.768946,0.604326,0.522042,0.639764,-0.036945,-0.028920,-0.087455,July
4,0.515362,0.796691,0.609506,0.546536,0.657626,-0.035433,-0.014778,-0.085394,July
5,0.568437,0.762667,0.620879,0.628215,0.666218,0.124839,0.099184,0.179578,July
6,0.598626,0.721193,0.631268,0.597704,0.584172,0.348689,0.248833,0.713792,July
7,0.687196,0.653583,0.639006,0.561227,0.436017,0.426355,0.309018,0.845336,July
8,0.744889,0.417113,0.629732,0.491717,0.335514,0.720853,0.368246,0.882066,July
9,0.786413,0.266548,0.642531,0.552604,0.360643,0.914452,0.377013,0.974090,July
10,0.800908,0.170831,0.648634,0.633409,0.524049,1.015023,0.368244,0.986785,July
11,0.807557,0.099625,0.647137,0.648769,0.629865,1.025682,0.337792,0.985051,July
12,0.810143,0.113727,0.638008,0.611212,0.498776,0.942059,0.366778,0.975716,July
13,0.793650,0.076739,0.638581,0.567481,0.458143,0.822135,0.353947,0.908369,July
14,0.759942,0.109595,0.623100,0.549528,0.525387,0.617323,0.317775,0.733415,July
15,0.736803,0.178903,0.612172,0.539304,0.544964,0.528512,0.290878,0.774275,July
16,0.726963,0.210172,0.580228,0.575703,0.437457,0.185140,0.123965,0.559152,July
17,0.706612,0.276663,0.583673,0.406948,0.357941,0.049955,0.028339,0.496545,July
18,0.595991,0.370827,0.588869,0.340011,0.375158,-0.035773,-0.025738,-0.025925,July
19,0.521409,0.495544,0.598926,0.363623,0.433202,-0.036699,-0.029131,-0.074554,July
20,0.521151,0.551074,0.614584,0.386100,0.514188,-0.036031,-0.028594,-0.076642,July
21,0.497539,0.497912,0.616505,0.379272,0.501771,-0.031756,-0.028086,-0.059535,July
22,0.485841,0.642741,0.620788,0.311460,0.383721,-0.031707,-0.026560,-0.084767,July
23,0.485021,0.721391,0.626772,0.252293,0.290039,-0.030529,-0.022774,-0.058516,July
0,0.592894,1.054953,0.483720,0.039048,0.115312,-0.030845,-0.077662,-0.074970,June
1,0.591436,1.047550,0.468826,0.051907,0.144111,-0.030965,-0.080671,-0.075054,June
2,0.588903,1.025817,0.457979,0.038051,0.120728,-0.031998,-0.081174,-0.075084,June
3,0.588170,1.016744,0.454342,0.039962,0.119074,-0.031865,-0.081347,-0.074358,June
4,0.589498,0.953202,0.470766,0.071131,0.139950,-0.029511,-0.039342,-0.069997,June
5,0.611647,0.799587,0.486176,0.084421,0.185771,0.056539,0.369885,0.143219,June
6,0.655553,0.694503,0.488808,0.064331,0.164361,0.268310,0.692781,0.181095,June
7,0.689210,0.573095,0.488527,0.073389,0.131225,0.310986,0.706171,0.478734,June
8,0.738669,0.445642,0.489044,0.155425,0.155013,0.495844,0.721232,0.676142,June
9,0.749182,0.417206,0.490665,0.351123,0.258385,0.655844,0.478084,0.733206,June
10,0.753099,0.426695,0.490283,0.431123,0.291631,0.771822,0.770077,0.731554,June
11,0.746948,0.436924,0.478984,0.439377,0.318377,0.782407,1.177964,0.709511,June
12,0.754713,0.411162,0.460626,0.131819,0.131745,0.720212,1.148187,0.736455,June
13,0.757249,0.413160,0.454722,0.244061,0.173971,0.680918,1.168320,0.640677,June
14,0.742128,0.451073,0.450126,0.281309,0.192171,0.496524,0.991946,0.367507,June
15,0.737171,0.484201,0.446584,0.241762,0.162015,0.463720,1.073984,0.507988,June
16,0.723902,0.596986,0.446615,0.262206,0.176789,0.134211,0.530250,0.260292,June
17,0.702602,0.660391,0.445817,0.299254,0.252693,0.031994,0.119514,0.053332,June
18,0.676340,0.769028,0.447863,0.253120,0.292694,-0.029475,-0.061240,-0.059008,June
19,0.646288,0.841411,0.452140,0.226383,0.307635,-0.031421,-0.079486,-0.074713,June
20,0.634975,0.934568,0.465119,0.219889,0.304444,-0.031099,-0.080298,-0.073494,June
21,0.622564,0.940810,0.468543,0.234029,0.300931,-0.029453,-0.079776,-0.072301,June
22,0.612034,1.042061,0.469628,0.345981,0.338417,-0.025435,-0.077017,-0.073916,June
23,0.614883,1.042907,0.467801,0.417565,0.358143,-0.013378,-0.067109,-0.069618,June
0,0.567216,0.798281,0.637224,0.313547,0.376460,0.107454,0.241996,0.292074,July
1,0.566073,0.759666,0.638884,0.311791,0.365739,0.047815,0.160483,0.131377,July
2,0.559464,0.796955,0.646546,0.302710,0.345233,0.159522,0.307214,0.130644,July
3,0.576196,0.669064,0.639986,0.341401,0.409436,0.738154,0.322226,0.465755,July
4,0.734753,0.547991,0.597986,0.390087,0.402843,0.550883,0.218654,0.752638,July
5,0.772229,0.341074,0.575609,0.302789,0.381246,0.439107,0.238671,0.813448,July
6,0.739735,0.341374,0.564761,0.283572,0.346829,0.413695,0.351875,0.861591,July
7,0.745459,0.346973,0.555152,0.355057,0.368313,0.169034,0.317277,0.871526,July
8,0.679879,0.553202,0.549893,0.544620,0.477940,0.082665,0.227818,0.227874,July
9,0.714401,0.424981,0.550086,0.713300,0.622253,0.059949,0.075293,0.320585,July
10,0.703382,0.451715,0.549038,0.672953,0.635373,-0.011922,-0.008788,0.406699,July
11,0.644813,0.436552,0.550923,0.698904,0.698484,0.181563,-0.011573,0.377943,July
12,0.578212,0.547743,0.557644,0.587065,0.649454,0.008051,0.000985,0.437063,July
13,0.555444,0.474825,0.560171,0.658035,0.667986,0.020984,0.071685,0.106870,July
14,0.537613,0.577465,0.569328,0.673851,0.668204,0.017917,0.074208,-0.009663,July
15,0.556590,0.536949,0.559780,0.673079,0.689959,0.030602,0.157492,0.057659,July
16,0.563023,0.647688,0.587939,0.713707,0.629306,0.024948,0.159482,0.113948,July
17,0.593464,0.618626,0.596595,0.705265,0.659703,0.064239,0.129765,0.206520,July
18,0.604393,0.533603,0.611746,0.595260,0.629638,0.021080,0.046628,0.039876,July
19,0.553590,0.637539,0.624617,0.583629,0.682809,0.036305,0.025811,0.094047,July
20,0.562678,0.663087,0.639869,0.518301,0.609658,0.055317,0.153253,0.268965,July
21,0.610190,0.324829,0.638366,0.439986,0.628371,0.198603,0.215966,0.540187,July
22,0.548580,0.452346,0.644610,0.443266,0.538845,0.093474,0.107062,0.148323,July
23,0.587745,0.390480,0.643311,0.322115,0.432243,0.467905,0.297736,0.754151,July
0,0.366919,0.874123,0.305808,0.380440,0.438220,-0.001440,-0.025003,0.017766,November
1,0.408550,0.845117,0.316043,0.381816,0.463838,-0.003511,-0.025917,0.016659,November
2,0.431073,0.850865,0.274305,0.311556,0.423775,-0.004054,-0.025893,0.016051,November
3,0.460387,0.832709,0.282674,0.241169,0.367640,-0.005047,-0.025650,0.015940,November
4,0.493360,0.751160,0.282685,0.189316,0.343254,-0.004016,-0.023881,0.016979,November
5,0.439840,0.664086,0.286503,0.234400,0.442949,0.000307,-0.024104,0.021688,November
6,0.444925,0.615897,0.310386,0.252720,0.402512,0.012356,-0.000546,0.060584,November
7,0.500702,0.624088,0.315314,0.235457,0.474481,0.108901,0.269965,0.142505,November
8,0.501855,0.534282,0.293265,0.540916,0.514246,0.205487,0.373477,0.396818,November
9,0.516251,0.562683,0.288854,0.559921,0.585510,0.349829,0.383664,0.506801,November
10,0.522938,0.623731,0.293819,0.551918,0.561447,0.448354,0.408922,0.714033,November
11,0.528292,0.529730,0.270249,0.557494,0.576294,0.475402,0.409706,0.800616,November
12,0.542549,0.445345,0.267739,0.538462,0.566949,0.452500,0.364409,0.812598,November
13,0.513229,0.495110,0.268782,0.498913,0.540299,0.339954,0.193292,0.756591,November
14,0.488382,0.511017,0.276402,0.357685,0.518129,0.155380,0.237833,0.577638,November
15,0.441870,0.510881,0.284631,0.249140,0.483448,0.049855,0.078473,0.237262,November
16,0.289368,0.670523,0.394144,0.358219,0.444069,-0.001947,-0.020907,0.030062,November
17,0.293232,0.599097,0.422474,0.237136,0.291895,-0.004638,-0.025809,0.017160,November
18,0.249721,0.629765,0.391153,0.192498,0.187622,-0.005194,-0.025878,0.016547,November
19,0.217021,0.627192,0.441549,0.162665,0.227779,-0.005193,-0.026022,0.017206,November
20,0.202725,0.565778,0.461359,0.146171,0.201580,-0.004780,-0.025898,0.016934,November
21,0.193750,0.724193,0.496831,0.196672,0.188367,-0.004905,-0.025762,0.016111,November
22,0.192655,0.713741,0.516549,0.170139,0.201001,-0.004830,-0.023642,0.016258,November
23,0.190530,0.660736,0.518866,0.155160,0.148795,-0.004283,-0.022265,0.018144,November
0,0.140827,0.863874,0.759622,0.215305,0.196075,-0.088110,-0.039291,-0.056774,March
1,0.118277,0.866610,0.743915,0.205207,0.193109,-0.088768,-0.040136,-0.056993,March
2,0.081646,0.860680,0.741589,0.158271,0.225934,-0.089470,-0.040401,-0.057018,March
3,0.082868,0.863455,0.743981,0.203377,0.214405,-0.089227,-0.039970,-0.056807,March
4,0.090562,0.862525,0.753497,0.308161,0.303155,-0.081676,-0.003547,-0.054427,March
5,0.077236,0.856579,0.775852,0.360524,0.362016,-0.044446,0.010979,-0.009202,March
6,0.080016,0.853013,0.800005,0.418024,0.365059,0.040981,0.307420,0.017074,March
7,0.160731,0.763182,0.810426,0.394425,0.276430,0.323914,0.513239,0.365942,March
8,0.273235,0.610745,0.811092,0.260800,0.155769,0.406384,0.582868,0.539116,March
9,0.293178,0.420239,0.810376,0.173992,0.120689,0.667770,0.681071,0.738074,March
10,0.310693,0.212678,0.805474,0.181853,0.135174,0.727873,0.610994,0.773682,March
11,0.313538,0.175721,0.787446,0.303744,0.134744,0.731138,0.658519,0.778206,March
12,0.316366,0.176021,0.757577,0.461073,0.212449,0.703101,0.701497,0.731952,March
13,0.296286,0.186344,0.743538,0.470003,0.304530,0.549721,0.640012,0.576770,March
14,0.254352,0.265309,0.735663,0.437501,0.252158,0.299058,0.577813,0.191666,March
15,0.248636,0.271307,0.731891,0.360825,0.171303,0.195069,0.505859,0.230725,March
16,0.276182,0.371125,0.727099,0.233598,0.147304,0.032210,0.092248,0.387197,March
17,0.198261,0.548219,0.726293,0.161023,0.126530,-0.069344,-0.034301,0.020437,March
18,0.197725,0.560285,0.729702,0.164814,0.157099,-0.088788,-0.040720,-0.054565,March
19,0.145331,0.639187,0.731444,0.244883,0.188389,-0.089685,-0.041300,-0.056955,March
20,0.161174,0.422149,0.732001,0.330205,0.203398,-0.089330,-0.041340,-0.056937,March
21,0.090502,0.532157,0.742724,0.218238,0.178408,-0.088861,-0.041348,-0.056844,March
22,0.072163,0.729461,0.748764,0.174231,0.178481,-0.088285,-0.040977,-0.056860,March
23,0.062156,0.770616,0.753747,0.193679,0.191498,-0.086252,-0.038696,-0.056634,March
0,0.065495,1.089892,0.820985,0.060536,0.029418,-0.015415,-0.024686,-0.026025,December
1,0.050968,1.089577,0.821302,0.095423,0.060266,-0.015920,-0.024911,-0.026196,December
2,0.065155,1.088752,0.816212,0.108781,0.093212,-0.015957,-0.025066,-0.026213,December
3,0.069500,1.085316,0.808144,0.082362,0.057471,-0.015926,-0.024998,-0.026096,December
4,0.083862,1.075931,0.804621,0.068389,0.028247,-0.015387,-0.024412,-0.025248,December
5,0.065808,1.042730,0.812680,0.055907,0.051851,-0.014486,-0.024280,-0.024670,December
6,0.062709,1.044861,0.820240,0.071676,0.118624,-0.011182,-0.008593,-0.021503,December
7,0.090217,1.031975,0.825415,0.065451,0.077788,0.035038,0.127195,0.077384,December
8,0.213145,0.857619,0.830622,0.085832,0.141354,0.188072,0.322833,0.524725,December
9,0.270258,0.749665,0.832497,0.081704,0.069669,0.369457,0.331634,0.793556,December
10,0.318918,0.663407,0.832570,0.115049,0.064143,0.431342,0.345913,0.804969,December
11,0.331412,0.517140,0.813510,0.134511,0.104111,0.424348,0.367097,0.758088,December
12,0.345430,0.445310,0.806911,0.102322,0.034530,0.389064,0.326336,0.713022,December
13,0.344689,0.445535,0.803868,0.103371,0.055333,0.316624,0.279756,0.761444,December
14,0.328243,0.454841,0.803003,0.131882,0.075269,0.121109,0.084547,0.479951,December
15,0.204782,0.526766,0.802692,0.187749,0.185996,0.040861,0.008970,0.152612,December
16,0.190847,0.703542,0.804467,0.219213,0.242982,-0.007363,-0.018153,-0.005158,December
17,0.178754,0.807839,0.813462,0.247251,0.278495,-0.014483,-0.024663,-0.025328,December
18,0.177444,0.897285,0.820217,0.243833,0.272703,-0.015902,-0.025018,-0.026201,December
19,0.115545,0.936363,0.823896,0.232094,0.260855,-0.015938,-0.025109,-0.026202,December
20,0.109324,0.919428,0.828216,0.227050,0.262136,-0.015796,-0.025109,-0.026184,December
21,0.126079,0.880778,0.833130,0.222227,0.244641,-0.015842,-0.025086,-0.026196,December
22,0.116763,0.806114,0.833174,0.216207,0.276921,-0.015129,-0.024993,-0.025959,December
23,0.084335,0.885509,0.832414,0.223260,0.283517,-0.013325,-0.024303,-0.024894,December
0,0.461195,0.957034,0.536854,0.263598,0.223330,-0.019795,-0.018861,-0.048701,June
1,0.462872,0.950954,0.523844,0.216744,0.213920,-0.023376,-0.022102,-0.049155,June
2,0.450731,0.954983,0.522906,0.184921,0.273413,-0.024120,-0.025492,-0.049485,June
3,0.442382,0.949442,0.522321,0.241144,0.403348,-0.024262,-0.024919,-0.049224,June
4,0.468358,0.943517,0.544076,0.252639,0.325434,-0.020256,0.008890,-0.042366,June
5,0.598114,0.792580,0.576259,0.354389,0.470705,0.077555,0.105375,0.160707,June
6,0.678303,0.665176,0.583952,0.315770,0.407799,0.222043,0.135510,0.161206,June
7,0.771354,0.475873,0.594576,0.361588,0.384744,0.647951,0.496451,0.768942,June
8,0.755700,0.421107,0.609260,0.340726,0.288241,0.775287,0.183713,0.898839,June
9,0.804962,0.267268,0.629889,0.588986,0.446065,0.936808,0.421937,0.959217,June
10,0.814284,0.191881,0.617771,0.577906,0.452004,1.028763,0.515183,0.960722,June
11,0.808477,0.215947,0.594814,0.544578,0.477107,1.036644,0.444047,0.912100,June
12,0.638501,0.770905,0.601766,0.595210,0.552889,0.682702,0.498938,0.500520,June
13,0.601780,0.709054,0.580041,0.533674,0.485497,0.537117,0.487474,0.119574,June
14,0.687999,0.536985,0.559204,0.558563,0.436522,0.543511,0.345620,0.289889,June
15,0.727577,0.468402,0.533298,0.463057,0.478144,0.430316,0.378427,0.722174,June
16,0.731233,0.511223,0.513502,0.575119,0.558665,0.177814,0.241600,0.099755,June
17,0.665743,0.677242,0.521425,0.582475,0.586497,0.073592,0.047619,0.061805,June
18,0.569880,0.893451,0.530111,0.491382,0.584761,-0.023901,-0.007312,-0.048338,June
19,0.510039,0.902822,0.519767,0.451572,0.603162,-0.025704,-0.021873,-0.049506,June
20,0.560675,0.800115,0.525191,0.263907,0.517269,-0.022590,-0.027144,-0.048420,June
21,0.501048,0.823129,0.515134,0.229326,0.418668,-0.019387,-0.027276,-0.035427,June
22,0.460639,0.917398,0.511111,0.206412,0.330244,-0.016582,-0.027361,-0.046565,June
23,0.450005,0.902137,0.508787,0.233382,0.447558,-0.016600,-0.026679,-0.038664,June
0,0.132061,0.981708,0.624805,0.134180,0.198304,-0.064759,-0.032041,-0.028958,April
1,0.129006,0.975222,0.610872,0.164707,0.194854,-0.066481,-0.032136,-0.028993,April
2,0.115725,0.976925,0.600120,0.103563,0.154307,-0.067196,-0.032146,-0.029102,April
3,0.112003,0.988898,0.563119,0.098643,0.100997,-0.067204,-0.032129,-0.029020,April
4,0.112644,0.963410,0.556555,0.100086,0.157834,-0.066350,-0.024257,-0.028101,April
5,0.126610,0.931614,0.613853,0.070532,0.117725,-0.014880,0.073035,0.087056,April
6,0.221553,0.810249,0.624357,0.083069,0.151034,0.199202,0.354695,0.131488,April
7,0.329247,0.687171,0.632058,0.079170,0.095575,0.415908,0.389825,0.565202,April
8,0.475340,0.296404,0.618410,0.099461,0.092904,0.555514,0.364932,0.646551,April
9,0.502412,0.152637,0.629847,0.247221,0.195888,0.739580,0.523510,0.830346,April
10,0.525124,0.117690,0.617552,0.200323,0.229244,0.804719,0.579465,0.767043,April
11,0.533872,0.082684,0.568064,0.188714,0.156374,0.872763,0.557290,0.879831,April
12,0.539477,0.089096,0.504115,0.391986,0.420738,0.847501,0.411547,0.886762,April
13,0.522640,0.133072,0.478971,0.469291,0.472835,0.807663,0.304555,0.891931,April
14,0.508740,0.190086,0.461676,0.464200,0.474057,0.652822,0.214903,0.869924,April
15,0.481191,0.307760,0.456781,0.418491,0.462509,0.394407,0.158892,0.823210,April
16,0.423244,0.680625,0.454192,0.258845,0.332299,0.089347,0.123374,0.402916,April
17,0.362450,0.772996,0.458410,0.086032,0.209683,-0.020298,0.007593,0.161136,April
18,0.305436,0.736764,0.464628,0.101743,0.242016,-0.062730,-0.027762,-0.023467,April
19,0.228055,0.813086,0.487569,0.110343,0.245743,-0.066870,-0.031538,-0.028813,April
20,0.241241,0.796346,0.509376,0.295591,0.479472,-0.066227,-0.031508,-0.028841,April
21,0.207745,0.807932,0.535077,0.281405,0.468768,-0.066164,-0.030252,-0.028674,April
22,0.204519,0.823324,0.553396,0.151507,0.429425,-0.062382,-0.030677,-0.028605,April
23,0.196436,0.783458,0.551969,0.075544,0.194499,-0.056541,-0.025234,-0.027502,April
0,0.319767,0.881226,0.624253,0.055759,0.007039,0.008503,-0.019227,-0.035029,December
1,0.297844,0.962290,0.618325,0.034559,0.019122,0.005587,-0.022060,-0.038503,December
2,0.300367,0.938580,0.603236,0.044931,0.048698,0.004136,-0.023227,-0.038666,December
3,0.276950,0.825769,0.597184,0.048111,0.051710,0.004141,-0.020448,-0.038580,December
4,0.242845,0.919467,0.599347,0.072757,0.075788,0.006008,-0.022233,-0.038505,December
5,0.231352,0.977069,0.598901,0.063401,0.040579,0.004179,-0.023744,-0.038658,December
6,0.266963,0.990685,0.586438,0.040801,0.057522,0.011214,-0.019435,-0.036159,December
7,0.227031,0.991566,0.586627,0.049386,0.041772,0.015928,-0.006600,-0.031422,December
8,0.235224,1.013778,0.622315,0.183769,0.175846,0.086891,0.184008,-0.019092,December
9,0.246993,0.995207,0.630015,0.197279,0.215174,0.163963,0.278864,-0.024000,December
10,0.310537,0.777522,0.619781,0.281756,0.273558,0.221915,0.389307,-0.018931,December
11,0.371999,0.571030,0.605864,0.297894,0.291726,0.411058,0.399629,0.258535,December
12,0.372133,0.409032,0.585978,0.284316,0.264618,0.410420,0.361234,0.305975,December
13,0.374769,0.408711,0.580512,0.210587,0.193032,0.343274,0.249589,0.245711,December
14,0.368382,0.398560,0.581553,0.176789,0.183319,0.287099,0.188824,0.470083,December
15,0.301944,0.458738,0.585860,0.165953,0.146601,0.062624,0.028670,0.289082,December
16,0.188713,0.823035,0.616426,0.212823,0.169873,0.008916,-0.010732,-0.019787,December
17,0.200212,0.738800,0.640412,0.152362,0.101090,0.005445,-0.021794,-0.036581,December
18,0.204822,0.635651,0.639343,0.198042,0.197188,0.004139,-0.023556,-0.036867,December
19,0.173886,0.488513,0.650089,0.224866,0.237739,0.004461,-0.023868,-0.030784,December
20,0.143856,0.442265,0.663733,0.196736,0.217614,0.005283,-0.023528,-0.034510,December
21,0.117411,0.476057,0.679642,0.178634,0.166008,0.004448,-0.022908,-0.038236,December
22,0.103357,0.601974,0.692670,0.140655,0.158157,0.004885,-0.021015,-0.038134,December
23,0.099637,0.682682,0.697178,0.101568,0.120887,0.006494,-0.016291,-0.036482,December
0,0.314770,0.990078,0.651737,0.260717,0.312262,-0.049999,-0.043939,-0.034200,May
1,0.297942,0.999847,0.650403,0.255222,0.303824,-0.052353,-0.049720,-0.034355,May
2,0.289523,1.008390,0.649408,0.265976,0.281931,-0.053003,-0.050063,-0.034532,May
3,0.287505,1.011863,0.648212,0.260774,0.293313,-0.052737,-0.050176,-0.034155,May
4,0.290075,0.979404,0.637258,0.149871,0.233835,-0.042018,-0.020361,-0.005644,May
5,0.301049,0.927485,0.636311,0.186937,0.234270,0.149728,0.423043,0.396965,May
6,0.327194,0.899155,0.641572,0.112265,0.126984,0.201879,0.942281,0.542074,May
7,0.369712,0.634002,0.648042,0.137264,0.050757,0.338312,0.948941,0.584387,May
8,0.407461,0.547176,0.627410,0.285212,0.152203,0.609375,1.111663,0.635745,May
9,0.411167,0.472239,0.628362,0.337079,0.220879,0.615916,1.030781,0.624803,May
10,0.427949,0.536991,0.630097,0.380387,0.222671,0.685714,1.127913,0.598898,May
11,0.434059,0.529091,0.620009,0.370016,0.251362,0.708455,1.148790,0.608904,May
12,0.473382,0.383469,0.608498,0.289244,0.163716,0.706010,1.068390,0.639070,May
13,0.474820,0.338217,0.606632,0.396094,0.237409,0.674189,1.112569,0.633726,May
14,0.470165,0.348367,0.600976,0.361344,0.302432,0.441800,0.807911,0.546294,May
15,0.472455,0.352059,0.595362,0.339002,0.249342,0.420431,0.827883,0.484230,May
16,0.435798,0.411082,0.593028,0.198123,0.192940,0.108587,0.353994,0.323869,May
17,0.399685,0.496072,0.594416,0.119151,0.217165,-0.017596,0.280163,0.079273,May
18,0.373809,0.504701,0.595999,0.151139,0.253078,-0.051287,-0.018565,-0.029551,May
19,0.372081,0.615306,0.604891,0.148145,0.271418,-0.052396,-0.048549,-0.034332,May
20,0.343603,0.786442,0.612218,0.190235,0.319066,-0.051701,-0.050347,-0.033566,May
21,0.327831,0.922135,0.604967,0.248008,0.311657,-0.051880,-0.050245,-0.034068,May
22,0.337812,0.947058,0.605858,0.213170,0.315302,-0.049261,-0.048725,-0.033247,May
23,0.328515,0.959865,0.602720,0.158961,0.279259,-0.048620,-0.046214,-0.031566,May
0,0.517377,0.954225,0.517610,0.206462,0.338796,-0.013525,-0.047783,-0.045148,June
1,0.510964,0.950753,0.507446,0.169329,0.307148,-0.014060,-0.050216,-0.045266,June
2,0.508394,0.974645,0.491085,0.175216,0.297402,-0.015233,-0.050338,-0.045233,June
3,0.506285,0.957500,0.485209,0.162335,0.278941,-0.015147,-0.050315,-0.045079,June
4,0.514152,0.841876,0.494622,0.155313,0.269964,-0.011715,0.007417,-0.039642,June
5,0.558357,0.739386,0.516258,0.154641,0.266741,0.131859,0.353509,0.288763,June
6,0.632443,0.523048,0.521213,0.177699,0.275732,0.162558,0.554642,0.406384,June
7,0.677333,0.424007,0.524163,0.363275,0.305807,0.485419,0.550548,0.648853,June
8,0.729423,0.374293,0.522450,0.543227,0.449203,0.702055,0.641767,0.782238,June
9,0.735063,0.385831,0.535633,0.631085,0.502143,0.845507,0.685183,0.846065,June
10,0.732895,0.404206,0.532716,0.643431,0.550475,0.925909,0.700442,0.847678,June
11,0.737275,0.365548,0.512389,0.662484,0.573743,0.954084,0.690941,0.859556,June
12,0.749033,0.338635,0.498567,0.699440,0.589770,0.938419,0.582520,0.862568,June
13,0.727801,0.336950,0.495907,0.706263,0.590732,0.900818,0.403154,0.859589,June
14,0.716742,0.350739,0.470502,0.667082,0.584027,0.721671,0.412129,0.836968,June
15,0.713845,0.350788,0.462659,0.619993,0.568364,0.585355,0.445861,0.817728,June
16,0.704846,0.578289,0.429008,0.549333,0.555535,0.184951,0.337750,0.512853,June
17,0.674102,0.683797,0.439618,0.498530,0.565317,0.021806,0.155152,0.288927,June
18,0.661865,0.768773,0.443358,0.353465,0.511371,-0.011288,-0.029058,0.140679,June
19,0.613885,0.638063,0.447409,0.216184,0.455893,0.001356,-0.049679,-0.025415,June
20,0.603498,0.710588,0.473311,0.192917,0.460540,-0.009628,-0.050343,0.000440,June
21,0.554838,0.780097,0.485434,0.210471,0.373557,-0.012537,-0.050015,-0.038708,June
22,0.533586,0.856913,0.478901,0.190145,0.400487,-0.011029,-0.048564,-0.043686,June
23,0.525746,0.850107,0.481340,0.177192,0.374257,-0.008142,-0.045250,-0.038516,June
0,0.137683,1.003304,0.793111,0.034704,0.045629,-0.015636,-0.014023,-0.054492,February
1,0.132882,1.000134,0.793151,0.001272,0.044274,-0.016367,-0.015092,-0.054747,February
2,0.124123,1.002830,0.790491,0.011459,0.056298,-0.016498,-0.015456,-0.054802,February
3,0.127393,0.993061,0.784579,0.021033,0.097377,-0.016499,-0.015503,-0.054751,February
4,0.137956,0.982547,0.768129,0.139746,0.172138,-0.015958,-0.014822,-0.054424,February
5,0.147980,0.938491,0.771398,0.106742,0.163551,-0.014311,-0.014397,-0.052570,February
6,0.144082,0.980207,0.773263,0.160344,0.137797,-0.007904,-0.004239,-0.045726,February
7,0.209035,0.942794,0.777458,0.249724,0.188424,0.089402,0.340896,0.071685,February
8,0.267834,0.885587,0.750212,0.288767,0.217274,0.331356,0.316268,0.553452,February
9,0.323422,0.644040,0.761488,0.298028,0.201099,0.374539,0.340142,0.542269,February
10,0.385453,0.360550,0.764659,0.301632,0.200169,0.503268,0.493368,0.609112,February
11,0.397645,0.309556,0.744347,0.272719,0.162475,0.565227,0.641264,0.639454,February
12,0.390959,0.322146,0.733140,0.293198,0.198522,0.515663,0.487810,0.622185,February
13,0.377031,0.342916,0.727305,0.160739,0.082189,0.294177,0.768349,0.179869,February
14,0.386249,0.335405,0.724149,0.061603,0.063156,0.296797,0.394640,0.418759,February
15,0.327983,0.415972,0.722703,0.097486,0.075063,0.074210,0.285057,0.213369,February
16,0.284897,0.547854,0.721433,0.190543,0.156085,-0.002573,0.037589,-0.002169,February
17,0.190538,0.788589,0.724164,0.202866,0.223036,-0.015420,-0.014101,-0.053164,February
18,0.174528,0.730364,0.728757,0.252622,0.246047,-0.016475,-0.015276,-0.054708,February
19,0.154075,0.724947,0.730591,0.216999,0.247469,-0.016486,-0.015593,-0.054689,February
20,0.163028,0.589369,0.728266,0.189339,0.229419,-0.016246,-0.015529,-0.054693,February
21,0.165538,0.564790,0.733676,0.091454,0.174604,-0.016198,-0.015332,-0.054657,February
22,0.142896,0.655926,0.735423,0.064194,0.151095,-0.015001,-0.015180,-0.054569,February
23,0.132382,0.728189,0.738367,0.016707,0.099585,-0.012791,-0.011309,-0.052775,February
0,0.474238,0.729885,0.470526,0.287023,0.232806,-0.031846,-0.036989,-0.051443,September
1,0.465555,0.744624,0.463527,0.272429,0.266429,-0.033370,-0.038138,-0.054196,September
2,0.435630,0.825523,0.461722,0.249909,0.281571,-0.034759,-0.038031,-0.054570,September
3,0.429902,0.871102,0.460349,0.263762,0.377879,-0.034879,-0.038227,-0.054561,September
4,0.428756,0.858813,0.466565,0.269145,0.313274,-0.034677,-0.036054,-0.054337,September
5,0.438805,0.778345,0.484499,0.223074,0.276356,-0.017057,-0.032738,0.028330,September
6,0.462120,0.715881,0.508222,0.205455,0.212980,0.133982,0.055192,0.357380,September
7,0.554564,0.480135,0.523469,0.207909,0.174592,0.375756,0.267105,0.782949,September
8,0.584702,0.295937,0.532767,0.342389,0.310679,0.597976,0.329581,0.845260,September
9,0.626991,0.202144,0.533467,0.478988,0.470232,0.684895,0.233749,0.840241,September
10,0.634657,0.183092,0.522942,0.495418,0.480853,0.751708,0.245630,0.854064,September
11,0.626155,0.200884,0.498862,0.461951,0.443753,0.744021,0.369952,0.806772,September
12,0.541211,0.334167,0.496900,0.286845,0.244587,0.655618,0.439474,0.704329,September
13,0.542657,0.476320,0.478507,0.508777,0.368622,0.476755,0.451116,0.258822,September
14,0.516220,0.618121,0.488489,0.570663,0.502449,0.246587,0.371033,0.011755,September
15,0.495068,0.605267,0.485809,0.513333,0.469069,0.156159,0.250231,0.030307,September
16,0.575635,0.582058,0.489833,0.436223,0.355726,0.007348,0.005392,-0.014190,September
17,0.534467,0.709704,0.481893,0.227193,0.214129,-0.027396,-0.032950,-0.049633,September
18,0.482964,0.807287,0.476299,0.313662,0.422052,-0.034555,-0.036651,-0.054533,September
19,0.478118,0.876233,0.498387,0.394747,0.564044,-0.034905,-0.037785,-0.054571,September
20,0.507202,0.826601,0.486341,0.448826,0.601416,-0.034256,-0.038203,-0.054484,September
21,0.462283,0.868606,0.471454,0.498163,0.587411,-0.033897,-0.038237,-0.054141,September
22,0.456549,0.893253,0.478690,0.385742,0.591072,-0.032981,-0.037990,-0.053280,September
23,0.448876,0.892944,0.478078,0.326183,0.535590,-0.030982,-0.033944,-0.052544,September
0,0.134339,0.877140,0.742371,0.340765,0.500610,-0.018045,-0.060199,0.012142,January
1,0.133290,0.878367,0.754672,0.338515,0.492940,-0.018978,-0.060302,0.012102,January
2,0.111965,0.880861,0.747733,0.353314,0.483588,-0.019077,-0.060715,0.012100,January
3,0.102495,0.857637,0.730029,0.284811,0.478074,-0.019085,-0.060256,0.012101,January
4,0.114010,0.858410,0.706401,0.357160,0.475755,-0.017241,-0.057752,0.012135,January
5,0.105657,0.862682,0.737086,0.412691,0.478158,-0.013868,-0.060235,0.012587,January
6,0.090000,0.845909,0.729160,0.378796,0.477378,-0.013082,-0.052092,0.013445,January
7,0.098073,0.871441,0.746629,0.353648,0.452625,0.025662,0.049304,0.021012,January
8,0.201417,0.836343,0.735032,0.319430,0.466183,0.083271,0.364324,0.066830,January
9,0.273283,0.721570,0.750204,0.220618,0.204076,0.204490,0.475724,0.124826,January
10,0.284266,0.690021,0.756506,0.189701,0.172382,0.223495,0.545249,0.106916,January
11,0.264359,0.652879,0.738617,0.243524,0.186986,0.213734,0.562113,0.068148,January
12,0.295598,0.597760,0.724292,0.277198,0.190584,0.175665,0.569174,0.055054,January
13,0.303424,0.584497,0.712046,0.352412,0.227305,0.168819,0.463107,0.114436,January
14,0.295157,0.576844,0.698567,0.305188,0.373974,0.135898,0.252759,0.107902,January
15,0.242666,0.613714,0.691908,0.166077,0.269948,0.060898,0.021282,0.092151,January
16,0.146461,0.767382,0.698671,0.129800,0.270056,-0.016848,-0.055384,0.012529,January
17,0.138801,0.823337,0.719881,0.099559,0.210059,-0.018473,-0.059360,0.012157,January
18,0.139724,0.822627,0.729438,0.053013,0.193952,-0.019080,-0.060267,0.012101,January
19,0.102971,0.846072,0.738672,0.031523,0.206451,-0.019100,-0.060769,0.012100,January
20,0.102708,0.869137,0.744196,0.028816,0.174569,-0.019040,-0.060829,0.012102,January
21,0.101723,0.857121,0.746134,0.061743,0.275687,-0.018984,-0.060908,0.012105,January
22,0.095974,0.840958,0.735397,0.063143,0.295921,-0.018731,-0.060690,0.012116,January
23,0.090981,0.860460,0.734843,0.028611,0.263553,-0.018017,-0.059921,0.012225,January
0,0.218031,0.526498,0.811520,0.659601,0.613451,-0.087967,-0.036358,-0.012573,January
1,0.212154,0.482717,0.811695,0.680499,0.618591,-0.090326,-0.036849,-0.015281,January
2,0.206994,0.519947,0.811881,0.592606,0.626750,-0.090748,-0.036887,-0.015337,January
3,0.200419,0.524078,0.813494,0.461123,0.482896,-0.090702,-0.036881,-0.015227,January
4,0.192894,0.618631,0.814521,0.470013,0.457479,-0.088718,-0.036785,-0.014883,January
5,0.157500,0.558204,0.828114,0.459210,0.458938,-0.087570,-0.036658,-0.013511,January
6,0.158740,0.582849,0.849712,0.449936,0.484941,-0.076152,-0.031594,0.019432,January
7,0.170157,0.533817,0.870465,0.410580,0.446560,-0.010582,0.021554,0.226604,January
8,0.209203,0.519179,0.884475,0.522061,0.489708,0.177739,0.278649,0.714592,January
9,0.226949,0.451978,0.885872,0.652195,0.537926,0.388574,0.225486,0.797143,January
10,0.242184,0.489654,0.890450,0.665919,0.529892,0.459335,0.349820,0.731127,January
11,0.245726,0.503359,0.877976,0.596654,0.542755,0.464867,0.343825,0.762924,January
12,0.252021,0.405912,0.865360,0.416140,0.406420,0.463859,0.312836,0.817460,January
13,0.251324,0.354631,0.854698,0.493318,0.431673,0.443828,0.290367,0.860815,January
14,0.240102,0.373480,0.870326,0.599724,0.541867,0.261717,0.120551,0.846813,January
15,0.188759,0.493292,0.879297,0.623293,0.632900,0.026988,0.006634,0.584213,January
16,0.147636,0.511761,0.891702,0.551786,0.591701,-0.085860,-0.034636,0.033304,January
17,0.148278,0.466775,0.893745,0.576929,0.570467,-0.090122,-0.036933,-0.012803,January
18,0.147020,0.443253,0.892609,0.470836,0.549749,-0.090911,-0.036936,-0.015192,January
19,0.145112,0.443599,0.891534,0.355303,0.474038,-0.090972,-0.036985,-0.015274,January
20,0.152733,0.455828,0.884406,0.349433,0.452196,-0.090338,-0.036908,-0.015111,January
21,0.127627,0.450559,0.888753,0.348412,0.418501,-0.090222,-0.036658,-0.015130,January
22,0.114934,0.550689,0.894334,0.346773,0.386850,-0.089679,-0.035904,-0.014841,January
23,0.108317,0.573417,0.895629,0.340800,0.379156,-0.088017,-0.031680,-0.013983,January
0,0.537924,0.827806,0.606264,0.733822,0.687937,-0.044199,-0.003142,-0.021673,October
1,0.535379,0.847708,0.606062,0.733507,0.687200,-0.045961,-0.003368,-0.022409,October
2,0.542111,0.847007,0.606046,0.726482,0.690766,-0.047172,-0.003508,-0.022709,October
3,0.533396,0.873369,0.607761,0.706746,0.680735,-0.047553,-0.003475,-0.022711,October
4,0.514296,0.872318,0.612080,0.715620,0.675159,-0.047053,-0.000205,-0.021940,October
5,0.502031,0.830321,0.638807,0.704596,0.681583,-0.032575,0.004568,0.002988,October
6,0.527101,0.834413,0.654498,0.726845,0.684891,0.035683,0.094468,0.068146,October
7,0.575788,0.736090,0.680253,0.689166,0.665835,0.364606,0.350358,0.498486,October
8,0.586264,0.653005,0.688410,0.707694,0.531936,0.489068,0.377000,0.795280,October
9,0.599230,0.568776,0.694132,0.726189,0.543540,0.594866,0.387555,0.858206,October
10,0.618378,0.503173,0.702180,0.705945,0.534530,0.648761,0.416645,0.816419,October
11,0.625222,0.473779,0.698203,0.704914,0.534364,0.662772,0.408079,0.812264,October
12,0.628794,0.447715,0.689965,0.738977,0.634268,0.627329,0.363692,0.822795,October
13,0.624755,0.435840,0.684718,0.702643,0.549311,0.550887,0.327294,0.854220,October
14,0.616079,0.454269,0.679663,0.633423,0.503687,0.368694,0.190317,0.787944,October
15,0.591056,0.490250,0.672624,0.596851,0.513507,0.158693,0.125705,0.591275,October
16,0.553044,0.629844,0.648818,0.524028,0.577790,-0.029485,0.003102,0.082339,October
17,0.513909,0.612068,0.671866,0.603346,0.647633,-0.043291,-0.003018,-0.018143,October
18,0.520538,0.568552,0.674019,0.463206,0.653394,-0.047717,-0.003202,-0.022654,October
19,0.523332,0.537127,0.660309,0.414722,0.622465,-0.047791,-0.003580,-0.022734,October
20,0.505621,0.644864,0.668303,0.420803,0.609639,-0.045936,-0.003542,-0.022317,October
21,0.474925,0.674098,0.683291,0.404144,0.583661,-0.046401,-0.003254,-0.022442,October
22,0.470994,0.774109,0.694975,0.376597,0.497989,-0.045327,-0.002513,-0.022015,October
23,0.469818,0.701425,0.700432,0.378128,0.493208,-0.045166,-0.001638,-0.021556,October
0,0.274310,0.851843,0.398182,0.309947,0.393208,-0.006242,-0.024631,0.015817,November
1,0.284798,0.785135,0.397027,0.178172,0.255833,-0.007735,-0.027358,0.015495,November
2,0.319660,0.859841,0.393915,0.137040,0.251439,-0.008134,-0.027959,0.015444,November
3,0.315029,0.848797,0.395030,0.124452,0.196438,-0.008252,-0.027956,0.015485,November
4,0.317699,0.883254,0.394981,0.195220,0.270671,-0.007751,-0.026355,0.015635,November
5,0.283242,0.859298,0.397484,0.186678,0.319975,-0.006605,-0.022773,0.016582,November
6,0.267502,0.889335,0.394285,0.170715,0.248301,-0.003290,-0.015328,0.017523,November
7,0.293935,0.875715,0.394770,0.120404,0.202217,0.011686,0.204642,0.025274,November
8,0.379371,0.750971,0.395042,0.227821,0.340416,0.067578,0.289674,0.037651,November
9,0.397411,0.649822,0.394732,0.302070,0.406476,0.131158,0.341183,0.056191,November
10,0.408723,0.595445,0.395687,0.339878,0.467185,0.174488,0.402763,0.081415,November
11,0.416443,0.568341,0.398632,0.348150,0.485146,0.176745,0.365272,0.082951,November
12,0.407436,0.554685,0.410636,0.224605,0.301022,0.116522,0.303488,0.064142,November
13,0.405833,0.568254,0.410180,0.143016,0.211215,0.065744,0.262844,0.048653,November
14,0.389706,0.645057,0.444173,0.128544,0.237357,0.045665,0.218747,0.046345,November
15,0.347273,0.686268,0.452197,0.119132,0.262265,0.001943,0.016269,0.026199,November
16,0.323779,0.730617,0.441281,0.132165,0.156951,-0.005749,-0.018119,0.017192,November
17,0.329342,0.738126,0.441596,0.118687,0.171119,-0.008049,-0.027500,0.015557,November
18,0.286977,0.801461,0.456971,0.168914,0.166235,-0.008080,-0.027629,0.015440,November
19,0.274144,0.840022,0.496078,0.133872,0.190553,-0.008258,-0.028197,0.015484,November
20,0.263538,0.856621,0.512942,0.106310,0.199475,-0.008268,-0.028073,0.015406,November
21,0.276191,0.823599,0.514893,0.166924,0.291421,-0.008271,-0.028056,0.015382,November
22,0.285627,0.787251,0.519877,0.267388,0.451898,-0.007912,-0.025827,0.015516,November
23,0.268204,0.754256,0.520301,0.297633,0.483723,-0.006785,-0.024342,0.015681,November
0,0.476092,0.775361,0.523585,0.137905,0.133033,-0.010745,-0.052809,-0.033552,September
1,0.456695,0.871134,0.489894,0.165089,0.268684,-0.012883,-0.053840,-0.035967,September
2,0.454293,0.867620,0.480396,0.296538,0.425118,-0.013809,-0.053868,-0.036132,September
3,0.449129,0.913353,0.483819,0.326140,0.494006,-0.014048,-0.053933,-0.036111,September
4,0.444537,0.917529,0.475977,0.219180,0.323593,-0.012660,-0.037395,-0.034521,September
5,0.455402,0.894433,0.495648,0.211170,0.367496,0.069846,0.093782,0.062965,September
6,0.518289,0.775303,0.525445,0.167816,0.334424,0.269922,0.410764,0.416019,September
7,0.653138,0.616561,0.543063,0.167266,0.102537,0.383396,0.454609,0.569247,September
8,0.670847,0.429044,0.564302,0.281843,0.172074,0.516791,0.494955,0.668837,September
9,0.721927,0.244402,0.567318,0.284093,0.295910,0.675116,0.534739,0.805472,September
10,0.778023,0.162907,0.562675,0.304018,0.287667,0.722427,0.474216,0.831669,September
11,0.777799,0.160135,0.554120,0.369412,0.363957,0.724124,0.447059,0.829743,September
12,0.719285,0.313994,0.541086,0.500784,0.443695,0.702541,0.544914,0.778191,September
13,0.679166,0.368018,0.491964,0.530121,0.549322,0.500889,0.553940,0.494964,September
14,0.703323,0.408824,0.477229,0.536095,0.564598,0.408121,0.493582,0.336112,September
15,0.710537,0.277395,0.463157,0.534256,0.571217,0.342668,0.460673,0.568672,September
16,0.708436,0.551061,0.464646,0.483772,0.514428,0.055004,0.073691,0.228077,September
17,0.654242,0.557030,0.461017,0.348342,0.445695,-0.001325,-0.039965,-0.003850,September
18,0.626813,0.684172,0.462680,0.357901,0.488494,-0.013469,-0.052703,-0.035812,September
19,0.585999,0.869371,0.475025,0.283567,0.448803,-0.014145,-0.053797,-0.036154,September
20,0.562143,0.921797,0.481302,0.354696,0.496351,-0.013920,-0.053893,-0.036085,September
21,0.544361,0.903892,0.472703,0.322699,0.488766,-0.013817,-0.053952,-0.035989,September
22,0.541442,0.925966,0.466898,0.330456,0.527045,-0.012380,-0.053833,-0.035212,September
23,0.570010,0.935055,0.463176,0.326607,0.529263,-0.008963,-0.050095,-0.032065,September
0,0.184390,0.817643,0.601436,0.107498,0.113424,-0.046373,-0.035396,-0.036172,April
1,0.191109,0.873387,0.590023,0.048836,0.091489,-0.046439,-0.035452,-0.036372,April
2,0.185382,0.884835,0.583980,0.036948,0.060274,-0.052646,-0.034864,-0.036412,April
3,0.164993,0.917592,0.584317,0.034437,0.021589,-0.052837,-0.031978,-0.036397,April
4,0.162281,0.920214,0.586513,0.130961,0.087256,-0.051399,-0.003422,-0.035628,April
5,0.174027,0.921172,0.602791,0.092337,0.108731,0.038237,0.006674,-0.002420,April
6,0.276413,0.902686,0.609424,0.120242,0.077276,0.225270,0.399312,0.295780,April
7,0.376004,0.864360,0.610919,0.057000,0.028005,0.408078,0.514873,0.330884,April
8,0.400737,0.552527,0.616573,0.025465,0.006600,0.626191,0.552840,0.627151,April
9,0.425852,0.376243,0.621144,0.046124,0.006285,0.800586,0.800176,0.747941,April
10,0.432706,0.342941,0.621781,0.093137,0.025296,0.818236,0.859334,0.723239,April
11,0.431969,0.347225,0.619109,0.207039,0.108041,0.813920,0.861253,0.627957,April
12,0.408806,0.436546,0.604606,0.218503,0.114580,0.508547,0.776316,0.341746,April
13,0.418978,0.420835,0.595355,0.263823,0.175332,0.612970,0.632322,0.489244,April
14,0.425475,0.379348,0.590403,0.289038,0.217254,0.663180,0.484011,0.684801,April
15,0.420260,0.383846,0.585538,0.294231,0.222364,0.553635,0.265263,0.695831,April
16,0.359440,0.442992,0.583144,0.118562,0.105415,0.161833,0.223782,0.440009,April
17,0.302209,0.663414,0.586790,0.070628,0.071379,-0.013306,0.039826,0.110500,April
18,0.282064,0.680713,0.595314,0.081016,0.139020,-0.050290,-0.031372,-0.032418,April
19,0.237680,0.826116,0.612808,0.161998,0.234673,-0.051774,-0.037070,-0.035777,April
20,0.220334,0.836506,0.621998,0.227119,0.266832,-0.051834,-0.037977,-0.035125,April
21,0.197190,0.881649,0.627715,0.225399,0.256885,-0.050645,-0.037550,-0.035370,April
22,0.204056,0.902930,0.628137,0.164717,0.222380,-0.050423,-0.037450,-0.035693,April
23,0.197343,0.915570,0.629133,0.120201,0.237108,-0.048900,-0.036081,-0.035394,April
0,0.476421,0.570459,0.268556,0.750229,0.615926,-0.061632,-0.056673,-0.056445,November
1,0.453112,0.659420,0.269381,0.708871,0.631599,-0.062373,-0.057432,-0.056694,November
2,0.449354,0.668270,0.272568,0.536729,0.548596,-0.062570,-0.057528,-0.056726,November
3,0.424271,0.630303,0.272175,0.643815,0.663236,-0.062674,-0.057181,-0.056654,November
4,0.445868,0.458509,0.271770,0.756913,0.682327,-0.058763,-0.055465,-0.056267,November
5,0.440801,0.397590,0.285728,0.895016,0.796557,-0.058850,-0.055938,-0.052931,November
6,0.439473,0.368800,0.304903,0.870000,0.865127,-0.050913,0.005236,-0.026777,November
7,0.441789,0.337435,0.352182,0.954928,0.850037,0.063968,0.430876,0.295126,November
8,0.490946,0.460527,0.372764,1.070120,0.909773,0.149300,0.397804,0.173198,November
9,0.507322,0.434306,0.413184,1.046103,0.852133,0.345122,0.654402,0.406479,November
10,0.512169,0.307084,0.423183,0.972769,0.636968,0.443055,0.699010,0.442681,November
11,0.511287,0.269887,0.402307,1.027817,0.784248,0.490567,0.693589,0.623312,November
12,0.520679,0.254462,0.421019,1.096648,0.888635,0.466387,0.515737,0.578288,November
13,0.513321,0.268543,0.432602,1.093575,0.874860,0.392059,0.309138,0.550357,November
14,0.504341,0.255581,0.430483,1.031235,0.854184,0.270527,0.198524,0.526392,November
15,0.490924,0.303584,0.436469,0.894725,0.718831,0.038583,0.038270,0.348269,November
16,0.440294,0.651634,0.428500,0.551216,0.570680,-0.058855,-0.051145,-0.046513,November
17,0.435506,0.612780,0.436221,0.495485,0.559601,-0.062150,-0.057312,-0.056169,November
18,0.436284,0.493546,0.426984,0.397539,0.479293,-0.062631,-0.057321,-0.056656,November
19,0.422981,0.520480,0.430557,0.342066,0.475460,-0.062732,-0.057559,-0.056611,November
20,0.413240,0.590391,0.435508,0.483257,0.496107,-0.061584,-0.056987,-0.056539,November
21,0.412467,0.570053,0.441995,0.444569,0.523434,-0.061845,-0.055592,-0.056704,November
22,0.408978,0.558586,0.443879,0.386252,0.472288,-0.061400,-0.051333,-0.056532,November
23,0.406842,0.581114,0.444058,0.343821,0.448272,-0.058527,-0.035396,-0.056170,November
0,0.134800,0.869576,0.849039,0.131955,0.287489,-0.034416,-0.045455,0.001942,February
1,0.134070,0.879140,0.851257,0.077851,0.177273,-0.035706,-0.045858,0.001570,February
2,0.134733,0.882520,0.848330,0.029177,0.169830,-0.035835,-0.046331,0.001544,February
3,0.131551,0.902309,0.849312,0.004904,0.096166,-0.035838,-0.046261,0.001550,February
4,0.128843,0.911247,0.846305,0.067916,0.122825,-0.035539,-0.042927,0.001613,February
5,0.132839,0.911230,0.844017,0.097295,0.209158,-0.033757,-0.043374,0.001997,February
6,0.130826,0.911043,0.848174,0.087489,0.144873,-0.027007,-0.018517,0.003371,February
7,0.146523,0.908748,0.852219,0.011109,0.127592,0.064732,0.313108,0.053943,February
8,0.193948,0.882528,0.844425,-0.002626,0.094688,0.167436,0.493024,0.270709,February
9,0.237730,0.808360,0.847658,0.174110,0.174922,0.260209,0.525820,0.405318,February
10,0.278742,0.590392,0.843313,0.250020,0.196136,0.417765,0.543548,0.440970,February
11,0.295768,0.436172,0.829330,0.239624,0.215515,0.466844,0.497504,0.434558,February
12,0.305721,0.397069,0.808450,0.515172,0.407938,0.416400,0.592593,0.391399,February
13,0.303397,0.384675,0.800061,0.546016,0.470429,0.400115,0.626529,0.470660,February
14,0.297669,0.443018,0.790416,0.557272,0.517762,0.273397,0.480250,0.360969,February
15,0.286686,0.574307,0.781728,0.544263,0.511697,0.102208,0.178605,0.295971,February
16,0.267001,0.781047,0.794996,0.461361,0.445289,-0.025838,-0.012200,0.019075,February
17,0.205593,0.832074,0.801446,0.329155,0.442808,-0.034782,-0.042154,0.002187,February
18,0.201726,0.870166,0.794875,0.306267,0.480758,-0.035628,-0.045006,0.001558,February
19,0.204423,0.876107,0.776589,0.248466,0.480868,-0.035744,-0.045585,0.001593,February
20,0.250794,0.850893,0.753273,0.465792,0.526808,-0.033457,-0.045855,0.001731,February
21,0.267026,0.791480,0.747094,0.471922,0.531906,-0.034933,-0.046008,0.001835,February
22,0.256048,0.809310,0.745834,0.501494,0.535551,-0.030321,-0.044793,0.003291,February
23,0.258115,0.758042,0.744698,0.451210,0.511611,-0.028275,-0.031147,0.008549,February
0,0.174923,0.669347,0.635150,0.246925,0.352771,-0.029428,-0.035210,-0.041501,March
1,0.140740,0.616102,0.630612,0.445132,0.418093,-0.031776,-0.035751,-0.045426,March
2,0.150604,0.553311,0.632606,0.460309,0.438261,-0.032334,-0.035765,-0.045525,March
3,0.102966,0.583926,0.631514,0.489361,0.445290,-0.032920,-0.035732,-0.045606,March
4,0.049164,0.661083,0.632395,0.401266,0.424545,-0.032687,-0.034090,-0.045410,March
5,0.042475,0.702960,0.642744,0.398948,0.413466,-0.011170,-0.017740,-0.033657,March
6,0.094907,0.736921,0.671843,0.423515,0.385337,0.034692,0.180369,0.061948,March
7,0.161856,0.454913,0.697313,0.485368,0.357982,0.247262,0.311205,0.432241,March
8,0.300838,0.490196,0.709232,0.522948,0.310936,0.437268,0.538604,0.514993,March
9,0.363103,0.348005,0.718407,0.535765,0.323315,0.617744,0.632763,0.635059,March
10,0.397030,0.314644,0.719214,0.515093,0.253679,0.684239,0.709432,0.676940,March
11,0.387209,0.311302,0.713297,0.513948,0.261560,0.705975,0.739569,0.690429,March
12,0.347203,0.335046,0.710192,0.517893,0.219190,0.677963,0.794820,0.598432,March
13,0.312283,0.332845,0.705879,0.513130,0.232037,0.496061,0.787086,0.379442,March
14,0.299742,0.334601,0.697218,0.510963,0.349219,0.347903,0.466603,0.280134,March
15,0.265387,0.330949,0.687270,0.518763,0.355215,0.314451,0.402388,0.449872,March
16,0.231560,0.433467,0.700109,0.411556,0.339238,0.038834,0.062786,0.334500,March
17,0.128762,0.627892,0.691788,0.206780,0.240094,-0.026309,-0.032011,-0.032290,March
18,0.143633,0.651597,0.700726,0.179146,0.269998,-0.032676,-0.034970,-0.045477,March
19,0.088320,0.745858,0.699765,0.173214,0.255873,-0.033025,-0.035670,-0.045630,March
20,0.111820,0.764026,0.698081,0.144699,0.236428,-0.032192,-0.035615,-0.045597,March
21,0.050794,0.818133,0.698017,0.141529,0.218980,-0.032654,-0.035657,-0.045612,March
22,0.035738,0.850435,0.686618,0.132209,0.242494,-0.031699,-0.035473,-0.045574,March
23,0.019403,0.879722,0.676196,0.158230,0.201213,-0.031066,-0.033471,-0.045483,March
0,0.361298,0.795304,0.633359,0.503763,0.522511,-0.030197,-0.022251,-0.035474,May
1,0.358454,0.845393,0.620775,0.413019,0.510435,-0.030012,-0.023376,-0.035388,May
2,0.286126,0.896289,0.589515,0.296649,0.427753,-0.031584,-0.025025,-0.035425,May
3,0.274597,0.907886,0.546954,0.299356,0.351062,-0.029476,-0.023026,-0.032900,May
4,0.451821,0.588239,0.578301,0.207753,0.220203,0.010271,0.022062,0.130169,May
5,0.494169,0.540707,0.592739,0.304783,0.399857,0.117707,0.155438,0.748075,May
6,0.594927,0.393440,0.631343,0.276468,0.274187,0.201390,0.436100,0.717720,May
7,0.648020,0.327296,0.636403,0.378109,0.304974,0.440731,0.534343,0.764714,May
8,0.671166,0.198886,0.644948,0.475298,0.452352,0.808861,0.553790,0.955709,May
9,0.671079,0.209477,0.658282,0.439727,0.382064,0.977136,0.572746,1.002147,May
10,0.692699,0.160661,0.655662,0.379464,0.313419,1.025877,0.574935,1.007875,May
11,0.703244,0.149496,0.619718,0.399452,0.308177,1.025473,0.574136,1.002954,May
12,0.714719,0.108191,0.590650,0.465828,0.375776,1.013120,0.585879,0.989124,May
13,0.709862,0.101874,0.569420,0.460238,0.415332,0.941241,0.568865,0.976639,May
14,0.703634,0.102528,0.563677,0.411276,0.397996,0.749192,0.550201,0.899785,May
15,0.698999,0.113836,0.529602,0.326979,0.341454,0.541550,0.483768,0.807294,May
16,0.651539,0.163497,0.518448,0.211282,0.160908,0.273896,0.270616,0.667758,May
17,0.580510,0.295598,0.532434,0.131071,0.095746,0.115095,0.187433,0.387155,May
18,0.482700,0.505186,0.536240,0.095095,0.088189,-0.029471,0.007479,-0.026964,May
19,0.422973,0.692463,0.562857,0.098051,0.099479,-0.032353,-0.024389,-0.035274,May
20,0.447166,0.620456,0.591785,0.129246,0.173171,-0.030164,-0.025471,-0.034188,May
21,0.348609,0.716398,0.584687,0.175242,0.232141,-0.019877,-0.025579,-0.020354,May
22,0.302412,0.817108,0.600692,0.159533,0.222281,-0.023230,-0.023921,-0.029985,May
23,0.290803,0.851292,0.600281,0.105056,0.209419,-0.024130,-0.023179,-0.027750,May
0,0.186388,0.634105,0.474955,0.233356,0.240748,-0.023902,-0.008040,-0.047762,December
1,0.222333,0.595272,0.471808,0.318354,0.309640,-0.026191,-0.008524,-0.048381,December
2,0.255087,0.787070,0.459628,0.281342,0.274092,-0.026506,-0.008453,-0.048397,December
3,0.191642,0.845779,0.458470,0.244978,0.183284,-0.026450,-0.008642,-0.048265,December
4,0.189329,0.990174,0.463344,0.255739,0.255454,-0.025574,-0.008487,-0.047594,December
5,0.204597,0.951565,0.470188,0.248027,0.193105,-0.022692,-0.008330,-0.047002,December
6,0.159102,0.942654,0.460704,0.229563,0.189588,-0.014661,-0.005785,-0.029817,December
7,0.201080,0.929597,0.456501,0.282738,0.248511,0.012760,0.048870,-0.019961,December
8,0.288454,0.874206,0.472569,0.280595,0.260381,0.109962,0.245312,0.030367,December
9,0.308231,0.843650,0.481210,0.293193,0.222721,0.186558,0.302360,0.047462,December
10,0.357147,0.815585,0.488462,0.326839,0.287970,0.323143,0.345167,0.027204,December
11,0.403171,0.700581,0.486196,0.327993,0.270221,0.403371,0.348000,0.300606,December
12,0.439710,0.407621,0.467841,0.212398,0.128593,0.426076,0.260858,0.764681,December
13,0.438212,0.402899,0.475614,0.235662,0.124368,0.423616,0.181786,0.840678,December
14,0.422779,0.432246,0.481804,0.179850,0.158949,0.202677,0.120615,0.777850,December
15,0.326944,0.621686,0.500720,0.143964,0.149535,0.034734,0.007502,0.347684,December
16,0.224200,0.873068,0.495275,0.164505,0.156560,-0.019297,-0.003866,-0.015505,December
17,0.230228,0.844489,0.509090,0.212790,0.171864,-0.025365,-0.008165,-0.046191,December
18,0.205050,0.952554,0.520172,0.237639,0.181368,-0.026153,-0.008180,-0.048252,December
19,0.163084,0.968269,0.527630,0.139591,0.157106,-0.026368,-0.008614,-0.048277,December
20,0.158124,0.983155,0.538700,0.086023,0.114556,-0.025925,-0.008602,-0.048147,December
21,0.168643,0.887401,0.548421,0.125306,0.121245,-0.025742,-0.008402,-0.047966,December
22,0.167127,0.897304,0.554294,0.214982,0.222420,-0.024620,-0.007624,-0.046463,December
23,0.125796,0.893101,0.555198,0.302394,0.288570,-0.021118,-0.006527,-0.044172,December
0,0.564980,0.799182,0.524968,0.497935,0.348326,-0.049115,-0.028828,-0.046452,July
1,0.586447,0.688655,0.521091,0.528842,0.419571,-0.057317,-0.031111,-0.047581,July
2,0.544452,0.791914,0.521058,0.438331,0.316770,-0.061964,-0.031517,-0.047755,July
3,0.509859,0.796461,0.521474,0.404771,0.322652,-0.061615,-0.031405,-0.047456,July
4,0.555491,0.642979,0.520629,0.297783,0.334745,-0.059423,-0.029174,-0.042730,July
5,0.607089,0.415689,0.524637,0.369959,0.382704,0.022719,0.006090,0.207733,July
6,0.727177,0.389471,0.531483,0.445376,0.429771,0.289564,0.286231,0.359912,July
7,0.761832,0.253905,0.547107,0.231186,0.260579,0.476391,0.299308,0.686304,July
8,0.794806,0.110701,0.540994,0.333754,0.251892,0.585727,0.421174,0.852141,July
9,0.827581,0.093891,0.570303,0.471450,0.261774,0.865277,0.463816,0.936996,July
10,0.836511,0.061937,0.574674,0.450581,0.265977,0.956357,0.540067,0.942994,July
11,0.830385,0.110217,0.572715,0.521424,0.345966,0.986510,0.451275,0.964968,July
12,0.816559,0.120588,0.578286,0.517053,0.375768,0.804228,0.493459,0.902042,July
13,0.825297,0.066937,0.582057,0.548365,0.427861,0.783380,0.406175,0.855662,July
14,0.818374,0.073052,0.577812,0.552016,0.456881,0.704662,0.398139,0.864523,July
15,0.823885,0.098727,0.576681,0.451005,0.437152,0.540970,0.407301,0.904478,July
16,0.683204,0.402823,0.574448,0.505531,0.372969,0.165989,0.070451,0.669087,July
17,0.645450,0.386224,0.576553,0.528374,0.405859,0.010681,-0.014095,0.509825,July
18,0.609722,0.342721,0.577662,0.380744,0.402668,-0.052189,-0.030469,0.054975,July
19,0.541227,0.478445,0.582059,0.295295,0.370841,-0.058142,-0.031577,-0.040137,July
20,0.490173,0.730088,0.589106,0.218545,0.312904,-0.058934,-0.030837,-0.040438,July
21,0.491022,0.713625,0.588685,0.187181,0.272869,-0.058674,-0.025816,-0.044664,July
22,0.500808,0.662141,0.592913,0.189892,0.317431,-0.055198,-0.027591,-0.045453,July
23,0.493624,0.588043,0.590877,0.315029,0.385754,-0.050537,-0.024921,-0.024931,July
0,0.237203,0.932923,0.544370,0.210292,0.177659,-0.032431,-0.015837,-0.042204,December
1,0.236537,0.901752,0.525466,0.168042,0.162542,-0.033311,-0.016367,-0.042468,December
2,0.233747,0.912587,0.534531,0.176020,0.184086,-0.033414,-0.016431,-0.042519,December
3,0.235348,0.939412,0.504390,0.194106,0.234772,-0.033422,-0.016422,-0.042485,December
4,0.238173,0.940836,0.504243,0.191172,0.217092,-0.033211,-0.016116,-0.042298,December
5,0.239279,0.916969,0.505873,0.221334,0.258834,-0.032506,-0.015753,-0.040990,December
6,0.252987,0.932851,0.533156,0.342235,0.424356,-0.027758,-0.003928,-0.009089,December
7,0.264124,0.869345,0.539213,0.335861,0.466845,0.033977,0.131315,0.265434,December
8,0.326437,0.712341,0.542723,0.307939,0.395994,0.265802,0.250186,0.546304,December
9,0.391041,0.591468,0.530938,0.361327,0.286221,0.372597,0.283068,0.606311,December
10,0.407458,0.562447,0.520969,0.452536,0.317393,0.407367,0.311225,0.596980,December
11,0.412108,0.560649,0.496513,0.476137,0.321012,0.350007,0.359472,0.358602,December
12,0.414781,0.560248,0.506658,0.545458,0.417283,0.322033,0.370781,0.197501,December
13,0.404451,0.575644,0.502962,0.526492,0.390406,0.194436,0.331696,0.101365,December
14,0.367736,0.647049,0.498499,0.473546,0.341301,0.071271,0.201233,0.042557,December
15,0.331223,0.850932,0.489523,0.369601,0.380891,-0.010479,0.051171,-0.025297,December
16,0.347032,0.910296,0.472210,0.494555,0.445435,-0.028676,-0.012425,-0.041637,December
17,0.345139,0.892637,0.462940,0.431774,0.459106,-0.031543,-0.015817,-0.042411,December
18,0.355267,0.909219,0.457063,0.401292,0.452031,-0.033326,-0.016049,-0.042516,December
19,0.353085,0.928605,0.444898,0.394021,0.457621,-0.033391,-0.016183,-0.042514,December
20,0.341406,0.942222,0.440076,0.425246,0.477618,-0.032781,-0.016231,-0.042492,December
21,0.336442,0.941625,0.436022,0.399513,0.442948,-0.033019,-0.016295,-0.042482,December
22,0.341854,0.938267,0.435069,0.402569,0.495786,-0.031336,-0.016083,-0.041872,December
23,0.321946,0.939492,0.434465,0.435306,0.564839,-0.030755,-0.014636,-0.040495,December
0,0.193574,0.979327,0.605528,0.039234,-0.001352,-0.012597,-0.020575,-0.042344,December
1,0.182438,0.937245,0.571730,0.069718,0.044588,-0.012919,-0.020760,-0.042511,December
2,0.188917,0.926924,0.560769,0.046254,0.027520,-0.013091,-0.020682,-0.042519,December
3,0.178244,0.928343,0.543559,0.044000,0.046248,-0.013091,-0.020726,-0.042510,December
4,0.169710,1.003980,0.549786,0.047001,0.021085,-0.012820,-0.020084,-0.042408,December
5,0.178873,0.966575,0.561136,0.056225,0.066609,-0.009666,-0.019649,-0.040896,December
6,0.183119,0.967872,0.599779,0.100576,0.118157,0.002375,-0.000267,-0.027163,December
7,0.214761,0.856611,0.612157,0.224664,0.159775,0.124752,0.156801,0.288217,December
8,0.321406,0.680457,0.631460,0.208513,0.206825,0.194253,0.519698,0.367581,December
9,0.396577,0.558748,0.633873,0.155461,0.090039,0.331105,0.564503,0.474483,December
10,0.413347,0.542400,0.633124,0.167288,0.063577,0.345692,0.586004,0.415150,December
11,0.411987,0.475644,0.620286,0.145479,0.062989,0.413505,0.587303,0.704496,December
12,0.434962,0.442814,0.594270,0.053507,0.004561,0.402610,0.502294,0.727655,December
13,0.436139,0.460144,0.577591,0.138534,0.035642,0.290966,0.440794,0.612189,December
14,0.408220,0.540501,0.582567,0.121309,0.038864,0.147553,0.173092,0.412086,December
15,0.325105,0.761553,0.591132,0.094391,0.033109,0.036971,0.022966,0.078943,December
16,0.313807,0.842407,0.573517,0.181372,0.080439,-0.004075,-0.011504,-0.015017,December
17,0.275222,0.897770,0.583418,0.180499,0.106929,-0.011935,-0.020377,-0.041094,December
18,0.259916,0.943242,0.596610,0.227070,0.124068,-0.013013,-0.020763,-0.042504,December
19,0.214093,0.988025,0.582840,0.251939,0.189471,-0.013090,-0.020822,-0.042515,December
20,0.241665,0.960975,0.575472,0.253883,0.202928,-0.012912,-0.020846,-0.042505,December
21,0.251670,0.934262,0.586206,0.295482,0.260035,-0.012953,-0.020761,-0.042497,December
22,0.276600,0.927202,0.580114,0.303170,0.289695,-0.012335,-0.020533,-0.042368,December
23,0.218630,0.962414,0.562696,0.311568,0.295426,-0.011573,-0.019042,-0.042131,December
0,0.306656,0.663970,0.542099,0.378714,0.470125,0.004227,-0.016534,-0.035734,May
1,0.304831,0.622458,0.541161,0.429016,0.471083,-0.001824,-0.018366,-0.036340,May
2,0.290416,0.783400,0.535950,0.306196,0.435094,-0.006381,-0.018767,-0.037933,May
3,0.278999,0.853686,0.535342,0.318594,0.418281,-0.006630,-0.018428,-0.037923,May
4,0.282234,0.854784,0.546200,0.215206,0.425358,-0.003815,0.010430,-0.033579,May
5,0.317329,0.829141,0.566213,0.241188,0.399485,0.245040,0.309049,0.476878,May
6,0.331331,0.725030,0.569150,0.252855,0.223376,0.306539,0.323604,0.452477,May
7,0.458536,0.559762,0.574564,0.185456,0.181366,0.473772,0.628305,0.657776,May
8,0.533069,0.468016,0.554443,0.336698,0.228952,0.666135,0.531672,0.698766,May
9,0.579112,0.345790,0.600919,0.502765,0.292472,0.785177,0.728729,0.719940,May
10,0.594341,0.311931,0.602388,0.395207,0.248468,0.853050,0.753601,0.727556,May
11,0.587327,0.326508,0.593634,0.395890,0.239827,0.863939,0.594142,0.727325,May
12,0.492627,0.642010,0.609371,0.547540,0.371189,0.762725,0.696171,0.639620,May
13,0.465007,0.573923,0.597540,0.533292,0.336144,0.431731,0.838310,0.134390,May
14,0.536291,0.408717,0.587503,0.474159,0.320431,0.567535,0.631627,0.428902,May
15,0.564930,0.347578,0.561227,0.343162,0.270909,0.497838,0.709968,0.609818,May
16,0.492162,0.589824,0.578960,0.248362,0.279170,0.186248,0.269159,0.255997,May
17,0.454708,0.643027,0.591239,0.324606,0.352225,0.042831,0.090406,0.241970,May
18,0.426208,0.727203,0.600134,0.226631,0.334004,-0.005537,-0.016612,-0.034551,May
19,0.346675,0.805719,0.608148,0.179937,0.268088,-0.006876,-0.019519,-0.037952,May
20,0.316290,0.860714,0.626273,0.182949,0.289807,-0.006414,-0.019621,-0.037856,May
21,0.303701,0.841511,0.623691,0.242974,0.333894,-0.005994,-0.019410,-0.037596,May
22,0.291649,0.843029,0.615505,0.223299,0.386106,-0.005164,-0.019472,-0.037839,May
23,0.289947,0.862214,0.606506,0.171682,0.387614,-0.000697,-0.018579,-0.036381,May
0,0.086199,0.891973,0.871692,0.344124,0.348614,-0.051487,-0.015378,-0.043445,February
1,0.106487,0.760872,0.871308,0.341104,0.365406,-0.052811,-0.015776,-0.044126,February
2,0.077621,0.857712,0.869395,0.332509,0.380131,-0.053002,-0.015836,-0.044154,February
3,0.071328,0.770469,0.873714,0.345788,0.383256,-0.053000,-0.015835,-0.044082,February
4,0.076665,0.836520,0.876888,0.327820,0.378199,-0.052561,-0.015692,-0.043289,February
5,0.050352,0.920335,0.895766,0.271700,0.339091,-0.052010,-0.015458,-0.043060,February
6,0.041969,1.011825,0.901196,0.160779,0.285183,-0.046680,-0.006678,-0.036457,February
7,0.086345,0.958488,0.905389,0.222749,0.306370,0.020175,0.246241,0.004335,February
8,0.196943,0.839178,0.906680,0.154044,0.223201,0.263161,0.300203,0.566789,February
9,0.246811,0.658859,0.907836,0.192110,0.168488,0.476099,0.334887,0.694676,February
10,0.273712,0.566832,0.906019,0.173664,0.156382,0.559250,0.423449,0.687976,February
11,0.287890,0.525682,0.897198,0.134678,0.125844,0.575806,0.412608,0.661788,February
12,0.292284,0.515058,0.884277,0.253682,0.172459,0.526887,0.395477,0.651490,February
13,0.288339,0.514921,0.876928,0.246997,0.168366,0.510259,0.346595,0.684613,February
14,0.269865,0.543464,0.870092,0.178139,0.118623,0.267002,0.167079,0.602500,February
15,0.249228,0.726346,0.868503,0.117106,0.118355,0.076925,0.098743,0.306620,February
16,0.148316,0.964673,0.871961,0.104291,0.133266,-0.046569,-0.003583,-0.011187,February
17,0.089974,1.010410,0.877016,0.248098,0.273461,-0.052668,-0.015266,-0.043905,February
18,0.096007,1.008510,0.878958,0.201479,0.254855,-0.053012,-0.015681,-0.044160,February
19,0.072561,1.025680,0.870295,0.125214,0.173608,-0.053011,-0.015838,-0.044158,February
20,0.052934,1.047852,0.870563,0.154329,0.193833,-0.052766,-0.015831,-0.044121,February
21,0.048439,1.045409,0.867734,0.146712,0.185446,-0.052690,-0.015821,-0.044130,February
22,0.050646,1.042306,0.866270,0.218929,0.191949,-0.051053,-0.015625,-0.043739,February
23,0.050029,1.039396,0.864590,0.250423,0.257717,-0.049101,-0.013456,-0.041561,February
0,0.242872,0.830203,0.799930,0.428775,0.535943,-0.020474,-0.018534,-0.024265,February
1,0.186260,0.889717,0.799383,0.202129,0.477077,-0.023841,-0.021427,-0.025683,February
2,0.170917,0.893141,0.804336,0.225113,0.523387,-0.024630,-0.022195,-0.025966,February
3,0.185929,0.900316,0.751133,0.343448,0.533784,-0.024661,-0.022391,-0.025943,February
4,0.163392,0.899392,0.757117,0.361911,0.566856,-0.024188,-0.021407,-0.025799,February
5,0.168963,0.913070,0.756607,0.190616,0.400431,-0.021563,-0.020783,-0.024151,February
6,0.165684,0.909583,0.755071,0.160573,0.285149,0.001289,-0.010798,0.002590,February
7,0.187670,0.846972,0.784719,0.263579,0.243144,0.138602,0.088251,0.178018,February
8,0.215785,0.853640,0.822827,0.366549,0.323388,0.230291,0.325769,0.338210,February
9,0.254370,0.790769,0.825919,0.240366,0.153059,0.324117,0.252426,0.354870,February
10,0.298253,0.635352,0.827309,0.281861,0.111350,0.456786,0.265454,0.253306,February
11,0.288170,0.569572,0.814258,0.284202,0.099294,0.503737,0.441263,0.416604,February
12,0.328504,0.394717,0.763623,0.294028,0.096734,0.508449,0.570271,0.307771,February
13,0.342288,0.365552,0.740187,0.325713,0.101915,0.482774,0.521033,0.377225,February
14,0.334182,0.360106,0.716578,0.290341,0.172520,0.382153,0.373792,0.397172,February
15,0.299735,0.412940,0.715610,0.179806,0.088828,0.266810,0.258053,0.477621,February
16,0.250976,0.669433,0.699065,0.134951,0.071997,-0.002152,0.008611,0.173450,February
17,0.200002,0.744302,0.718897,0.088760,0.070872,-0.020834,-0.020910,-0.012778,February
18,0.205586,0.699396,0.729314,0.146708,0.091231,-0.024333,-0.022381,-0.025212,February
19,0.143246,0.788802,0.733405,0.098344,0.103852,-0.024704,-0.022456,-0.025955,February
20,0.119766,0.892207,0.731546,0.257858,0.209424,-0.024629,-0.022373,-0.025981,February
21,0.117608,0.854610,0.731287,0.263867,0.215086,-0.024533,-0.022129,-0.025977,February
22,0.122181,0.826892,0.715200,0.363622,0.354360,-0.022733,-0.022077,-0.025892,February
23,0.116990,0.882095,0.705514,0.377066,0.418861,-0.019057,-0.017143,-0.024588,February
0,0.474594,0.939040,0.509163,0.356091,0.531101,-0.013684,-0.059141,-0.049151,June
1,0.474353,0.931173,0.506898,0.294541,0.456685,-0.015390,-0.060406,-0.049292,June
2,0.474328,0.936087,0.496345,0.303671,0.456874,-0.016401,-0.060471,-0.049279,June
3,0.471956,0.955388,0.498156,0.317025,0.472753,-0.016563,-0.060513,-0.048764,June
4,0.478780,0.931190,0.505720,0.325177,0.487025,-0.008928,-0.016371,-0.036133,June
5,0.534747,0.829850,0.528670,0.304415,0.498043,0.116526,0.337091,0.260318,June
6,0.619066,0.691046,0.538769,0.328260,0.463160,0.217630,0.324990,0.320249,June
7,0.630201,0.662487,0.561138,0.335304,0.493526,0.231493,0.503158,0.358909,June
8,0.682778,0.505781,0.561419,0.490730,0.449513,0.623921,0.526883,0.677363,June
9,0.695207,0.487559,0.577439,0.656199,0.541676,0.847468,0.585869,0.800355,June
10,0.703431,0.473924,0.581516,0.662149,0.598681,0.952508,0.602351,0.804614,June
11,0.699720,0.457391,0.572729,0.687089,0.633205,1.002224,0.575321,0.831924,June
12,0.709950,0.443212,0.571955,0.702738,0.660362,0.942484,0.415823,0.835350,June
13,0.701203,0.432420,0.565602,0.689025,0.650919,0.872193,0.328145,0.821117,June
14,0.697274,0.432165,0.550443,0.649370,0.626959,0.760711,0.341364,0.821825,June
15,0.696085,0.430402,0.543791,0.621607,0.625336,0.612766,0.384143,0.799715,June
16,0.671450,0.541356,0.528993,0.584459,0.574104,0.309162,0.218113,0.620922,June
17,0.644902,0.598636,0.533751,0.498225,0.566019,0.115664,0.021733,0.404056,June
18,0.623079,0.661119,0.538070,0.490172,0.615798,-0.009592,-0.053015,-0.010316,June
19,0.569607,0.638974,0.537953,0.450203,0.624739,-0.015784,-0.059923,-0.048560,June
20,0.516873,0.735114,0.554689,0.422390,0.603535,-0.015074,-0.060096,-0.048014,June
21,0.492621,0.687393,0.561748,0.378062,0.520513,-0.015382,-0.060099,-0.048398,June
22,0.494367,0.690064,0.552294,0.316485,0.558346,-0.009329,-0.059324,-0.046816,June
23,0.478519,0.679514,0.551432,0.338110,0.532353,-0.005138,-0.057937,-0.040172,June
0,0.280653,0.910876,0.599083,0.419077,0.559031,-0.032243,-0.014259,-0.018535,December
1,0.283169,0.906020,0.600278,0.465232,0.572442,-0.032883,-0.014698,-0.018594,December
2,0.297979,0.908819,0.591518,0.413405,0.548169,-0.032971,-0.014787,-0.018603,December
3,0.294883,0.901695,0.568330,0.287085,0.426781,-0.032908,-0.014850,-0.018502,December
4,0.275990,0.913473,0.562415,0.256171,0.472922,-0.032539,-0.014571,-0.018227,December
5,0.271788,0.905754,0.571220,0.301086,0.411670,-0.030941,-0.013287,-0.017789,December
6,0.267930,0.899062,0.571515,0.344831,0.413071,-0.027725,-0.006772,-0.012766,December
7,0.270038,0.881717,0.576705,0.339606,0.398194,0.022670,0.082688,0.066108,December
8,0.319675,0.856854,0.582896,0.256731,0.367389,0.130219,0.470858,0.092640,December
9,0.346448,0.793126,0.581581,0.226023,0.317443,0.236418,0.486010,0.142780,December
10,0.366328,0.747886,0.573953,0.377208,0.365653,0.266573,0.577583,0.203148,December
11,0.376388,0.611016,0.521021,0.358478,0.415596,0.294521,0.613400,0.211475,December
12,0.380608,0.547334,0.494210,0.128582,0.184401,0.272852,0.563721,0.252667,December
13,0.378506,0.562996,0.491194,0.113097,0.162511,0.175049,0.500173,0.149189,December
14,0.365819,0.625959,0.496355,0.125498,0.176985,0.067409,0.278237,0.072196,December
15,0.339218,0.784422,0.515873,0.119248,0.213878,-0.010708,0.034141,0.006148,December
16,0.309009,0.855053,0.489485,0.283376,0.237129,-0.030124,-0.007529,-0.017675,December
17,0.290177,0.881956,0.490786,0.444385,0.492187,-0.032663,-0.013960,-0.018575,December
18,0.290841,0.891659,0.488532,0.387521,0.425907,-0.032980,-0.014143,-0.018602,December
19,0.277237,0.889997,0.481231,0.344461,0.320805,-0.032954,-0.014761,-0.018582,December
20,0.271862,0.893676,0.485852,0.233454,0.248877,-0.032701,-0.014832,-0.018482,December
21,0.266307,0.905011,0.488806,0.153676,0.212647,-0.032775,-0.014836,-0.018582,December
22,0.262837,0.904100,0.487101,0.190365,0.253051,-0.032586,-0.014338,-0.018566,December
23,0.261723,0.901866,0.482799,0.238129,0.360752,-0.032192,-0.012568,-0.018329,December
0,0.419799,0.908652,0.562477,0.332299,0.462068,0.033489,-0.026913,-0.045506,September
1,0.415433,0.918282,0.561793,0.441960,0.485881,0.026208,-0.028829,-0.049554,September
2,0.453312,0.849003,0.558765,0.345912,0.478645,0.026001,-0.028804,-0.049815,September
3,0.409497,0.802040,0.548515,0.362762,0.475832,0.024010,-0.026457,-0.049684,September
4,0.400597,0.662617,0.532921,0.422623,0.475949,0.065264,0.010903,-0.044613,September
5,0.427749,0.669177,0.518275,0.378925,0.459055,0.085527,0.148415,-0.007443,September
6,0.429977,0.569786,0.543135,0.275340,0.402945,0.151023,0.329162,0.073895,September
7,0.498185,0.284865,0.530962,0.334996,0.349943,0.375505,0.399512,0.584277,September
8,0.667744,0.297795,0.541602,0.395102,0.239725,0.547333,0.442330,0.779791,September
9,0.692159,0.234799,0.543376,0.375459,0.152075,0.665411,0.478669,0.803520,September
10,0.694054,0.202765,0.538934,0.400437,0.282708,0.711326,0.475451,0.840018,September
11,0.710256,0.206205,0.521769,0.434184,0.404397,0.705616,0.482584,0.843273,September
12,0.669154,0.260427,0.512197,0.449142,0.452672,0.657663,0.469627,0.776260,September
13,0.574414,0.284483,0.506930,0.435069,0.426259,0.474283,0.374127,0.408304,September
14,0.608035,0.283428,0.500818,0.413586,0.412851,0.419777,0.328579,0.496155,September
15,0.629399,0.305456,0.495887,0.367009,0.376242,0.233619,0.234976,0.561703,September
16,0.580160,0.524092,0.479933,0.291875,0.266974,0.052097,0.031010,0.129979,September
17,0.567287,0.610065,0.481275,0.150548,0.072219,0.026921,-0.028079,-0.039942,September
18,0.495920,0.646614,0.482408,0.147960,0.023867,0.022703,-0.029693,-0.049776,September
19,0.427500,0.790408,0.491254,0.136579,0.050770,0.022385,-0.029760,-0.050297,September
20,0.422915,0.798678,0.487886,0.200406,0.109691,0.022488,-0.029570,-0.050286,September
21,0.414620,0.812138,0.491995,0.197333,0.119030,0.022743,-0.029563,-0.050253,September
22,0.394892,0.920476,0.487789,0.140843,0.062902,0.023671,-0.028871,-0.050219,September
23,0.392625,0.977377,0.489724,0.108378,0.000073,0.024903,-0.021560,-0.048667,September
0,0.528379,0.852133,0.358680,0.128605,0.324775,-0.076904,-0.011078,-0.045107,November
1,0.537102,0.845240,0.362569,0.149089,0.301903,-0.078010,-0.013146,-0.045188,November
2,0.532113,0.847607,0.325122,0.130964,0.280344,-0.078084,-0.013462,-0.045125,November
3,0.529636,0.838967,0.309470,0.100458,0.273771,-0.077814,-0.013224,-0.044685,November
4,0.528413,0.828976,0.314064,0.121901,0.290456,-0.077543,-0.003518,-0.044542,November
5,0.542559,0.795962,0.326254,0.136700,0.300774,-0.074257,-0.002241,-0.042991,November
6,0.533852,0.760300,0.339532,0.134917,0.336412,-0.060335,0.076709,-0.034829,November
7,0.553612,0.764769,0.353533,0.139875,0.389936,0.069538,0.719052,0.024210,November
8,0.555455,0.599746,0.335460,0.210190,0.371054,0.088918,0.587486,-0.012186,November
9,0.569116,0.539629,0.318200,0.320050,0.407694,0.158896,1.025802,-0.016135,November
10,0.575181,0.515773,0.329920,0.476068,0.431651,0.205391,1.134064,-0.037258,November
11,0.577051,0.548879,0.305179,0.551049,0.657705,0.246790,1.126089,-0.029286,November
12,0.557378,0.799397,0.316156,0.391843,0.600467,0.133619,0.904613,-0.031237,November
13,0.572089,0.791866,0.284365,0.482537,0.608534,0.034558,0.519079,-0.034786,November
14,0.580511,0.654388,0.285987,0.651099,0.675913,0.102928,0.310962,0.107031,November
15,0.577219,0.646261,0.277290,0.659931,0.694080,0.010588,0.040442,0.141124,November
16,0.560214,0.631022,0.276837,0.484157,0.507799,-0.072113,0.003991,-0.041742,November
17,0.550381,0.672933,0.287003,0.641763,0.696493,-0.077459,-0.011597,-0.045172,November
18,0.547670,0.657350,0.297447,0.739894,0.610312,-0.077846,-0.012059,-0.045334,November
19,0.543721,0.621716,0.301531,0.778683,0.724019,-0.078053,-0.012502,-0.045316,November
20,0.554966,0.500879,0.309148,0.818620,0.763799,-0.076802,-0.013132,-0.045282,November
21,0.567857,0.443857,0.309788,0.819291,0.767328,-0.077385,-0.012780,-0.045296,November
22,0.564607,0.443875,0.301477,0.813949,0.772082,-0.074146,-0.009584,-0.044903,November
23,0.559051,0.568005,0.293809,0.781817,0.710553,-0.074331,-0.001936,-0.043809,November
0,0.297915,0.566787,0.468777,0.365246,0.480938,-0.002715,0.009837,-0.025758,November
1,0.294938,0.536710,0.444474,0.423952,0.541661,-0.004727,0.009608,-0.026848,November
2,0.287266,0.522889,0.411879,0.471586,0.583742,-0.005306,0.009455,-0.026947,November
3,0.281766,0.512880,0.407022,0.478719,0.593322,-0.005445,0.009484,-0.026943,November
4,0.271221,0.527460,0.413934,0.376407,0.496335,-0.005176,0.010660,-0.026865,November
5,0.300323,0.594114,0.428860,0.403769,0.523802,-0.004181,0.012775,-0.026231,November
6,0.351514,0.666809,0.474940,0.336400,0.582938,0.015029,0.050758,-0.009078,November
7,0.414757,0.589942,0.455631,0.245845,0.526186,0.160942,0.227843,0.040208,November
8,0.487790,0.358844,0.424495,0.581425,0.587367,0.230761,0.342949,0.111223,November
9,0.512747,0.341814,0.419603,0.621255,0.634646,0.376101,0.407278,0.146343,November
10,0.519543,0.365628,0.440990,0.622759,0.637044,0.481333,0.425026,0.099619,November
11,0.527292,0.362710,0.423385,0.629525,0.642384,0.510551,0.424175,0.404361,November
12,0.541743,0.331804,0.435651,0.607073,0.549570,0.498136,0.351199,0.681768,November
13,0.539945,0.329109,0.443671,0.623988,0.614132,0.495257,0.197604,0.760780,November
14,0.535401,0.348940,0.433514,0.561156,0.630958,0.294872,0.184129,0.727398,November
15,0.514933,0.415815,0.420096,0.368304,0.546287,0.127859,0.057007,0.509606,November
16,0.451734,0.500017,0.451772,0.265259,0.417182,0.006097,0.011334,0.028919,November
17,0.443548,0.521707,0.475985,0.236422,0.324574,-0.003437,0.009875,-0.023583,November
18,0.425838,0.596447,0.479448,0.223231,0.292436,-0.002893,0.010989,-0.026612,November
19,0.432078,0.699034,0.480302,0.215340,0.323351,-0.005192,0.009743,-0.026743,November
20,0.416396,0.678940,0.462499,0.218103,0.367291,-0.004524,0.009662,-0.026538,November
21,0.415363,0.636901,0.532703,0.271032,0.490401,-0.003838,0.009699,-0.026374,November
22,0.421565,0.635778,0.564896,0.248329,0.430963,-0.002693,0.011839,-0.024858,November
23,0.409987,0.583808,0.572460,0.202001,0.310454,-0.002283,0.011038,-0.022960,November
0,0.132454,0.654845,0.560575,0.567850,0.584344,-0.038118,-0.034402,-0.029626,February
1,0.149321,0.555497,0.563237,0.580797,0.595363,-0.039538,-0.034811,-0.029916,February
2,0.124568,0.704304,0.570024,0.588118,0.544439,-0.039898,-0.034840,-0.029955,February
3,0.108099,0.756911,0.576854,0.429402,0.397663,-0.039823,-0.034846,-0.029164,February
4,0.105012,0.798432,0.595583,0.361758,0.417236,-0.037690,-0.034308,-0.026486,February
5,0.100772,0.791333,0.635514,0.406696,0.395709,-0.033810,-0.029868,-0.023165,February
6,0.110002,0.777092,0.666518,0.325441,0.347625,-0.022105,-0.007703,0.018375,February
7,0.117717,0.743493,0.692418,0.226042,0.285936,0.036910,0.121116,0.043701,February
8,0.199007,0.686549,0.607161,0.211642,0.305663,0.142150,0.193324,0.181771,February
9,0.242580,0.562534,0.667133,0.223994,0.292648,0.208763,0.312084,0.171986,February
10,0.270515,0.483905,0.667370,0.220829,0.286220,0.422310,0.340182,0.422254,February
11,0.298314,0.379099,0.636499,0.220921,0.286409,0.614704,0.323348,0.805488,February
12,0.303647,0.440753,0.611284,0.301390,0.300393,0.540949,0.303733,0.774080,February
13,0.293372,0.385629,0.629171,0.472074,0.348524,0.533354,0.221307,0.803155,February
14,0.294875,0.364140,0.597719,0.610231,0.438461,0.423351,0.209154,0.820226,February
15,0.292508,0.441519,0.616905,0.645630,0.562173,0.306541,0.103853,0.822359,February
16,0.260057,0.532598,0.615709,0.621085,0.544132,0.004614,0.035007,0.224155,February
17,0.242506,0.494425,0.673568,0.540463,0.448160,-0.026574,-0.003092,0.019449,February
18,0.233929,0.443476,0.678714,0.569157,0.571348,-0.035967,-0.031578,-0.025625,February
19,0.189570,0.435978,0.688406,0.582117,0.615019,-0.035281,-0.033965,-0.020893,February
20,0.146871,0.446298,0.673303,0.646199,0.634416,-0.034308,-0.033294,-0.026078,February
21,0.194780,0.373785,0.666897,0.629599,0.631532,-0.038136,-0.032049,-0.028614,February
22,0.202984,0.358091,0.690898,0.604312,0.638161,-0.028851,-0.029384,-0.020161,February
23,0.179571,0.347409,0.692060,0.565132,0.615603,0.000220,-0.008959,0.008768,February
0,0.477774,0.729444,0.549571,0.217177,0.293397,-0.048901,-0.057284,-0.028540,August
1,0.477190,0.725878,0.545585,0.218482,0.296271,-0.049718,-0.057270,-0.028896,August
2,0.475766,0.693503,0.541886,0.221083,0.323767,-0.051549,-0.057904,-0.029023,August
3,0.473889,0.718418,0.532590,0.230669,0.356032,-0.051611,-0.057911,-0.028717,August
4,0.473949,0.747449,0.543554,0.250956,0.395450,-0.049154,-0.041602,-0.026418,August
5,0.494760,0.664717,0.545383,0.266707,0.421077,0.015087,0.119895,0.059799,August
6,0.542524,0.563176,0.546366,0.290026,0.369573,0.125137,0.207911,0.249441,August
7,0.609369,0.458202,0.547861,0.346990,0.362727,0.478930,0.305782,0.562209,August
8,0.708617,0.207575,0.538310,0.421137,0.364616,0.566921,0.372543,0.593756,August
9,0.739056,0.110713,0.539019,0.602215,0.516652,0.726652,0.483242,0.696058,August
10,0.761625,0.078289,0.538438,0.689851,0.568513,0.821539,0.547278,0.754693,August
11,0.774402,0.078640,0.522087,0.704435,0.575559,0.854682,0.549646,0.804739,August
12,0.771611,0.106554,0.517269,0.718987,0.574366,0.820295,0.483325,0.789014,August
13,0.741755,0.125600,0.509244,0.688637,0.549909,0.724911,0.520150,0.695020,August
14,0.748717,0.143055,0.506541,0.618298,0.496095,0.563523,0.374248,0.759138,August
15,0.753557,0.141193,0.504664,0.615844,0.536386,0.410434,0.283204,0.700903,August
16,0.736969,0.131091,0.504763,0.604066,0.545777,0.173516,0.166324,0.321497,August
17,0.683201,0.273139,0.506548,0.330113,0.469815,0.035251,0.036109,0.158805,August
18,0.655101,0.301270,0.508028,0.334682,0.436336,-0.049873,-0.051548,-0.013978,August
19,0.600889,0.429386,0.507883,0.367907,0.487026,-0.051157,-0.056929,-0.028390,August
20,0.634684,0.282182,0.506651,0.318609,0.411990,-0.048159,-0.057351,-0.027113,August
21,0.571153,0.561619,0.508313,0.413350,0.494208,-0.048627,-0.057416,-0.025390,August
22,0.514799,0.736362,0.508020,0.352801,0.489496,-0.047881,-0.056645,-0.028455,August
23,0.500544,0.762269,0.509307,0.322602,0.468087,-0.049484,-0.055792,-0.027288,August
0,0.369689,0.998228,0.473088,0.157430,0.103669,-0.047380,-0.039557,-0.045501,May
1,0.372502,0.992223,0.456760,0.178459,0.146429,-0.048339,-0.042516,-0.045773,May
2,0.370539,0.989544,0.448467,0.139938,0.160230,-0.048536,-0.043046,-0.045865,May
3,0.369548,0.991163,0.446484,0.148205,0.214016,-0.050068,-0.041758,-0.045918,May
4,0.376436,0.992976,0.460834,0.404310,0.428601,-0.043981,0.069470,-0.044100,May
5,0.378117,0.953792,0.468321,0.442913,0.550694,0.032635,0.602859,-0.006150,May
6,0.403871,0.928233,0.466763,0.415815,0.401522,0.112604,0.670653,-0.004095,May
7,0.480632,0.817807,0.458216,0.298713,0.223558,0.372628,0.906085,0.250638,May
8,0.498608,0.612921,0.455701,0.547457,0.195016,0.626107,0.836472,0.420011,May
9,0.529352,0.583744,0.461128,0.561463,0.185466,0.765979,0.984025,0.594033,May
10,0.528996,0.603921,0.467936,0.553797,0.183613,0.745811,0.976941,0.482230,May
11,0.512397,0.661003,0.456186,0.594827,0.340689,0.477645,1.015243,0.046281,May
12,0.436147,0.849465,0.459569,0.551933,0.260596,0.273143,0.899841,0.030062,May
13,0.442194,0.902349,0.443829,0.516084,0.238569,0.311292,0.752181,0.020797,May
14,0.441664,0.858136,0.435495,0.555898,0.283253,0.225512,0.278687,0.033981,May
15,0.436272,0.860626,0.426621,0.566866,0.359685,0.264409,0.294177,0.160004,May
16,0.403313,0.899083,0.428325,0.625841,0.549535,0.024199,0.127382,-0.003546,May
17,0.384943,0.931950,0.426484,0.610066,0.595825,-0.033527,0.012427,-0.032353,May
18,0.380647,0.958964,0.436091,0.506718,0.565888,-0.050211,-0.038399,-0.045930,May
19,0.371172,0.949589,0.441749,0.440055,0.568691,-0.050676,-0.039710,-0.046118,May
20,0.370771,0.911831,0.456293,0.240252,0.495503,-0.049426,-0.040803,-0.045972,May
21,0.378046,0.913441,0.441584,0.254619,0.401059,-0.048828,-0.036361,-0.045617,May
22,0.374998,0.934800,0.439506,0.272259,0.492156,-0.044012,-0.039810,-0.045644,May
23,0.371435,0.853753,0.435563,0.378331,0.478829,-0.024423,-0.038676,-0.031529,May
0,0.448101,0.914338,0.567221,0.341784,0.399413,-0.024679,-0.015278,-0.008859,September
1,0.451146,0.912899,0.557977,0.388445,0.365186,-0.025346,-0.017850,-0.008950,September
2,0.420850,0.912944,0.543882,0.329265,0.352519,-0.025577,-0.018726,-0.008955,September
3,0.431337,0.908675,0.513543,0.359261,0.377197,-0.022388,-0.019217,-0.004134,September
4,0.447604,0.877422,0.519953,0.357185,0.444948,-0.010869,-0.014950,0.060490,September
5,0.448450,0.854596,0.501596,0.374111,0.410347,-0.001769,-0.002407,0.120191,September
6,0.522659,0.818225,0.519564,0.461562,0.453022,0.105799,0.250094,0.437527,September
7,0.579184,0.626211,0.545698,0.539713,0.475475,0.307806,0.415360,0.728300,September
8,0.606574,0.546768,0.573821,0.604869,0.394693,0.505933,0.399356,0.786821,September
9,0.647750,0.397765,0.576341,0.591329,0.410877,0.639872,0.404008,0.845044,September
10,0.698329,0.311588,0.573293,0.526698,0.314040,0.756665,0.390428,0.882356,September
11,0.719264,0.290811,0.568494,0.456006,0.245447,0.784144,0.380199,0.888726,September
12,0.709461,0.327150,0.558659,0.587419,0.392013,0.766891,0.424218,0.883570,September
13,0.671556,0.347528,0.529639,0.458595,0.202950,0.613912,0.451014,0.680552,September
14,0.695429,0.330095,0.522206,0.411733,0.185678,0.435499,0.410205,0.719547,September
15,0.668297,0.378766,0.485759,0.420466,0.216622,0.275945,0.366585,0.748170,September
16,0.639712,0.489235,0.465879,0.440519,0.364083,0.046127,0.106697,0.484014,September
17,0.572177,0.592529,0.444449,0.545620,0.487255,-0.018722,-0.009019,0.011884,September
18,0.542918,0.691422,0.441151,0.554870,0.571443,-0.025033,-0.018204,-0.008433,September
19,0.515129,0.751056,0.449653,0.466519,0.560797,-0.025553,-0.019336,-0.008824,September
20,0.465844,0.869702,0.445818,0.454515,0.550601,-0.024984,-0.019360,-0.008404,September
21,0.486134,0.832693,0.438184,0.471856,0.543982,-0.025073,-0.019456,-0.008841,September
22,0.474421,0.829286,0.432530,0.534232,0.618266,-0.022578,-0.019212,-0.008258,September
23,0.508528,0.854047,0.430800,0.512012,0.601695,-0.016010,-0.014443,-0.001757,September
0,0.390647,0.842465,0.549901,0.141068,0.238539,-0.023912,-0.059582,-0.015461,May
1,0.394579,0.855719,0.549962,0.143171,0.215813,-0.025795,-0.060803,-0.015831,May
2,0.359245,0.874010,0.549614,0.089795,0.141362,-0.029009,-0.064351,-0.015819,May
3,0.303492,0.885401,0.549661,0.099187,0.121920,-0.025917,-0.064599,-0.015430,May
4,0.291991,0.897616,0.550366,0.155056,0.218380,-0.028589,-0.029987,-0.012023,May
5,0.338488,0.893307,0.552120,0.316533,0.260489,0.005179,-0.005996,0.083261,May
6,0.437671,0.859762,0.553913,0.356447,0.213233,0.369147,0.686414,0.368119,May
7,0.474882,0.681741,0.554617,0.170070,0.136933,0.400414,0.720932,0.659904,May
8,0.507324,0.425402,0.556665,0.199503,0.163266,0.571171,0.684878,0.554345,May
9,0.529924,0.352522,0.559264,0.291097,0.199428,0.722563,0.715543,0.709611,May
10,0.539705,0.423692,0.564183,0.367659,0.167109,0.752533,0.782610,0.678928,May
11,0.521836,0.562625,0.573229,0.335201,0.254261,0.513985,0.752294,0.071087,May
12,0.496279,0.652716,0.579978,0.109341,0.115067,0.298664,0.805583,0.030763,May
13,0.529504,0.511932,0.577030,0.177163,0.163452,0.387482,0.708842,0.307916,May
14,0.497886,0.547351,0.596937,0.441780,0.281284,0.302338,0.650877,0.206009,May
15,0.458558,0.526262,0.590402,0.472413,0.370883,0.362572,0.659293,0.308094,May
16,0.404306,0.683751,0.588266,0.510146,0.356569,0.114595,0.352416,0.280782,May
17,0.393007,0.746524,0.589776,0.485717,0.320327,0.040378,0.009935,0.215717,May
18,0.395688,0.778236,0.615460,0.370510,0.272294,-0.019389,-0.061173,0.001825,May
19,0.319978,0.822060,0.636547,0.405631,0.368368,-0.025706,-0.064386,-0.013517,May
20,0.305059,0.810086,0.658838,0.442475,0.375658,-0.026125,-0.062159,-0.014718,May
21,0.318706,0.768148,0.660337,0.440823,0.380801,-0.027253,-0.042431,-0.014942,May
22,0.313293,0.709423,0.661316,0.423566,0.397621,-0.022740,-0.057856,-0.015014,May
23,0.305739,0.644576,0.660193,0.399926,0.395215,-0.007875,-0.046683,-0.007412,May
0,0.435958,0.933002,0.616157,0.148820,0.138304,-0.040492,-0.023357,-0.038195,July
1,0.435517,0.921991,0.599286,0.197395,0.172393,-0.042061,-0.024392,-0.038473,July
2,0.430178,0.924765,0.582836,0.225554,0.278728,-0.043275,-0.024659,-0.038549,July
3,0.429405,0.896056,0.598156,0.283962,0.352954,-0.041166,-0.024588,-0.035514,July
4,0.433554,0.840281,0.588882,0.249464,0.340308,-0.032079,0.000414,-0.008169,July
5,0.521801,0.593964,0.616606,0.228983,0.346824,0.154540,0.288076,0.317686,July
6,0.601921,0.335320,0.627343,0.233254,0.359286,0.412283,0.421445,0.584262,July
7,0.765103,0.223039,0.631427,0.342052,0.336233,0.658453,0.465245,0.725421,July
8,0.832015,0.160032,0.635972,0.489829,0.446047,0.765523,0.494079,0.921997,July
9,0.843081,0.149425,0.639984,0.499178,0.449378,0.915056,0.547534,0.970165,July
10,0.856414,0.144190,0.634009,0.483178,0.461363,0.978513,0.553991,0.978436,July
11,0.862722,0.126768,0.623726,0.457114,0.434661,0.983927,0.548900,0.979647,July
12,0.865073,0.135159,0.599040,0.415845,0.405912,0.970856,0.500751,0.980025,July
13,0.855300,0.143920,0.580487,0.470291,0.433852,0.940825,0.363961,0.977937,July
14,0.848339,0.168680,0.562861,0.470426,0.452288,0.770960,0.431821,0.963876,July
15,0.833218,0.197248,0.551132,0.335984,0.419717,0.476365,0.378693,0.931835,July
16,0.797657,0.359235,0.539668,0.423271,0.393319,0.233813,0.262612,0.576205,July
17,0.731543,0.484924,0.542895,0.288472,0.377586,0.038287,0.095484,0.479137,July
18,0.657129,0.642419,0.545591,0.204373,0.334892,-0.040339,-0.020212,0.056502,July
19,0.582002,0.667440,0.555755,0.165954,0.274063,-0.041074,-0.024530,-0.033399,July
20,0.530315,0.714356,0.583004,0.164862,0.263122,-0.042191,-0.024598,-0.030572,July
21,0.487232,0.723791,0.591585,0.182466,0.290245,-0.040867,-0.024419,-0.031739,July
22,0.469246,0.800546,0.595140,0.181611,0.300751,-0.038283,-0.023879,-0.036904,July
23,0.476927,0.790178,0.592380,0.142137,0.289724,-0.034317,-0.022402,-0.028185,July
0,0.273491,0.923708,0.759785,0.260575,0.173095,-0.015495,-0.003647,0.013097,November
1,0.257973,0.918940,0.759400,0.244784,0.166577,-0.016516,-0.004209,0.013002,November
2,0.235550,0.930743,0.758646,0.155589,0.167754,-0.016617,-0.004295,0.012997,November
3,0.246647,0.934512,0.729214,0.164805,0.163901,-0.016574,-0.004243,0.013051,November
4,0.250684,0.933758,0.695677,0.146103,0.149216,-0.016167,-0.004258,0.013495,November
5,0.234109,0.925412,0.690454,0.127570,0.155509,-0.013798,-0.004227,0.015128,November
6,0.275277,0.929754,0.706420,0.162128,0.157564,0.007748,0.004101,0.073168,November
7,0.355933,0.844561,0.718230,0.154404,0.174568,0.164639,0.102597,0.348815,November
8,0.314698,0.780558,0.718127,0.167131,0.315936,0.184365,0.231830,0.439755,November
9,0.379600,0.659810,0.733788,0.202295,0.342282,0.251331,0.299102,0.362503,November
10,0.438004,0.606109,0.712056,0.165469,0.224709,0.409764,0.385728,0.657653,November
11,0.444447,0.545632,0.687570,0.125787,0.200250,0.473809,0.368757,0.735331,November
12,0.376750,0.849328,0.709864,0.135319,0.279183,0.430761,0.319467,0.662491,November
13,0.406520,0.868834,0.685791,0.234452,0.277912,0.177411,0.300178,0.103849,November
14,0.424337,0.745381,0.681164,0.292324,0.370427,0.210182,0.180194,0.446939,November
15,0.415747,0.747288,0.662217,0.366061,0.419532,0.091251,0.052466,0.225368,November
16,0.327175,0.897765,0.672811,0.283858,0.254867,-0.013066,-0.000133,0.020469,November
17,0.327967,0.900633,0.666718,0.269793,0.253855,-0.015887,-0.003963,0.013420,November
18,0.331326,0.873244,0.658336,0.408472,0.362782,-0.015218,-0.004145,0.013181,November
19,0.335359,0.852441,0.657027,0.459548,0.462745,-0.016384,-0.004267,0.013472,November
20,0.350773,0.696261,0.653246,0.457840,0.453266,-0.016001,-0.004116,0.013563,November
21,0.364955,0.656111,0.655391,0.455177,0.466544,-0.016348,-0.004077,0.013056,November
22,0.387377,0.661891,0.663099,0.445136,0.476067,-0.014944,-0.002171,0.013248,November
23,0.370487,0.708821,0.660123,0.388744,0.434256,-0.013437,0.007984,0.014524,November
0,0.186369,0.826009,0.635162,0.045098,0.063102,-0.044052,-0.062258,-0.058938,April
1,0.183847,0.698876,0.618849,0.087987,0.114589,-0.044934,-0.063716,-0.059520,April
2,0.185973,0.679136,0.616542,0.141645,0.132066,-0.048191,-0.063711,-0.059736,April
3,0.180753,0.749010,0.617310,0.077306,0.110615,-0.048771,-0.061924,-0.059735,April
4,0.176271,0.817183,0.619692,0.117587,0.131064,-0.044606,0.056491,-0.059271,April
5,0.200817,0.664767,0.628679,0.099310,0.138051,0.076425,0.446579,-0.028287,April
6,0.276986,0.386800,0.632557,0.142482,0.179772,0.234197,0.676411,0.259695,April
7,0.392516,0.328171,0.629224,0.205497,0.148848,0.578201,0.807938,0.238971,April
8,0.449917,0.199654,0.652483,0.263841,0.205101,0.629393,0.799875,0.653809,April
9,0.454825,0.175768,0.654406,0.279076,0.234411,0.746141,0.892008,0.724297,April
10,0.468445,0.166690,0.656374,0.318621,0.241471,0.781060,0.926764,0.698370,April
11,0.468810,0.170232,0.655526,0.321040,0.261056,0.722556,0.935678,0.354305,April
12,0.458224,0.184043,0.650027,0.288537,0.222315,0.689793,0.915794,0.231703,April
13,0.467463,0.213415,0.632523,0.226497,0.198950,0.513338,0.892815,0.347224,April
14,0.456890,0.260231,0.636848,0.229285,0.184168,0.422879,0.761023,0.298236,April
15,0.421757,0.221718,0.626294,0.181993,0.137462,0.344249,0.639405,0.340862,April
16,0.390648,0.491437,0.634776,0.077039,0.115750,0.069777,0.116966,0.138932,April
17,0.338007,0.678049,0.634162,0.055414,0.107697,-0.033199,-0.052685,-0.021484,April
18,0.321294,0.708309,0.641818,0.106977,0.169176,-0.048046,-0.062814,-0.059339,April
19,0.281384,0.804092,0.654348,0.123528,0.192355,-0.048837,-0.064085,-0.059770,April
20,0.252272,0.800817,0.661070,0.124950,0.227807,-0.048662,-0.064124,-0.059749,April
21,0.227282,0.791874,0.663416,0.131967,0.191867,-0.047971,-0.063894,-0.059679,April
22,0.212369,0.862841,0.663248,0.104212,0.168434,-0.046907,-0.063668,-0.059553,April
23,0.197135,0.884246,0.663460,0.089239,0.156874,-0.043420,-0.061880,-0.059282,April
0,0.348229,0.949925,0.536813,0.558701,0.549453,-0.027295,-0.020263,-0.026845,May
1,0.329084,0.940495,0.535218,0.500109,0.524645,-0.031835,-0.021750,-0.026939,May
2,0.330776,0.954698,0.531989,0.404543,0.415806,-0.035229,-0.021174,-0.026956,May
3,0.315513,0.967081,0.531928,0.334136,0.324713,-0.035057,-0.021650,-0.026921,May
4,0.317881,0.968386,0.534608,0.314963,0.340053,-0.032680,0.003380,-0.025395,May
5,0.385832,0.959519,0.542963,0.298434,0.307053,0.095421,0.112313,0.083508,May
6,0.436010,0.922561,0.541570,0.467492,0.423128,0.408667,0.333936,0.373929,May
7,0.438049,0.824047,0.540030,0.434091,0.440455,0.369219,0.479624,0.470065,May
8,0.430241,0.829802,0.540737,0.578222,0.358124,0.625301,0.792385,0.548353,May
9,0.466866,0.737330,0.542449,0.584789,0.400453,0.688645,0.827407,0.506786,May
10,0.476642,0.766886,0.544549,0.510126,0.320155,0.617786,0.908963,0.187710,May
11,0.453391,0.717659,0.547864,0.428583,0.307341,0.735743,0.908480,0.305789,May
12,0.494005,0.571987,0.544925,0.515667,0.369349,0.782536,0.791643,0.456316,May
13,0.508911,0.482486,0.543386,0.455608,0.296602,0.702297,0.813152,0.545665,May
14,0.491318,0.493850,0.545354,0.230384,0.238164,0.395698,0.467025,0.332792,May
15,0.474863,0.507827,0.544680,0.141461,0.141253,0.389746,0.548181,0.321198,May
16,0.443616,0.754130,0.564060,0.238619,0.250519,0.098837,0.167047,0.236364,May
17,0.412597,0.808045,0.573781,0.307551,0.376712,-0.013613,0.114336,0.037128,May
18,0.410643,0.793690,0.591840,0.168004,0.330026,-0.033684,-0.011888,-0.023483,May
19,0.352497,0.802587,0.596191,0.150604,0.271924,-0.032831,-0.022025,-0.026250,May
20,0.322866,0.924875,0.620077,0.305759,0.477150,-0.032751,-0.022502,-0.026228,May
21,0.316633,0.934170,0.622325,0.396316,0.463639,-0.032924,-0.022100,-0.026559,May
22,0.316893,0.933206,0.623626,0.438733,0.526193,-0.025892,-0.020547,-0.025828,May
23,0.310514,0.911915,0.623746,0.375968,0.522534,-0.009205,-0.020127,-0.023095,May
0,0.211941,0.905044,0.700070,0.161695,0.266227,-0.026889,-0.003140,-0.044707,December
1,0.215711,0.869598,0.699872,0.205520,0.395788,-0.027418,-0.003399,-0.044796,December
2,0.214395,0.862275,0.696020,0.138735,0.265075,-0.027605,-0.003481,-0.044806,December
3,0.208929,0.846819,0.681782,0.137419,0.220746,-0.027597,-0.003491,-0.044793,December
4,0.205378,0.933627,0.680552,0.144672,0.218878,-0.027352,-0.003390,-0.044601,December
5,0.204416,0.939103,0.676900,0.132695,0.209077,-0.026457,-0.003227,-0.044447,December
6,0.204386,0.947078,0.685773,0.145680,0.192249,-0.020609,0.000813,-0.038836,December
7,0.222204,0.913201,0.680370,0.200092,0.202456,0.022375,0.062554,0.022722,December
8,0.243580,0.908762,0.679488,0.170880,0.221250,0.149840,0.199828,0.149546,December
9,0.285390,0.850284,0.676586,0.187571,0.258589,0.220182,0.229978,0.140560,December
10,0.349194,0.692522,0.671859,0.250718,0.334231,0.251885,0.220176,0.368969,December
11,0.380247,0.614612,0.654669,0.334865,0.393092,0.415894,0.224350,0.675631,December
12,0.381079,0.619291,0.641684,0.426378,0.412316,0.370993,0.219857,0.619789,December
13,0.361589,0.678721,0.644381,0.442007,0.425507,0.160930,0.217164,0.131680,December
14,0.349715,0.756973,0.641960,0.435249,0.446612,0.140959,0.147234,0.085162,December
15,0.355006,0.787594,0.648754,0.362395,0.400559,0.011311,0.013716,0.030308,December
16,0.315742,0.776862,0.622825,0.388514,0.355399,-0.023882,0.001959,-0.041845,December
17,0.317931,0.740992,0.624986,0.392924,0.411870,-0.026397,-0.002868,-0.044247,December
18,0.324015,0.666090,0.623487,0.370106,0.409347,-0.027472,-0.003347,-0.044665,December
19,0.329190,0.676863,0.621154,0.404416,0.429228,-0.027460,-0.003455,-0.044450,December
20,0.303360,0.697879,0.619468,0.365662,0.410850,-0.027025,-0.003415,-0.044391,December
21,0.278777,0.733190,0.616707,0.334130,0.390730,-0.027354,-0.003369,-0.044715,December
22,0.276567,0.761755,0.617067,0.321510,0.394743,-0.026257,-0.003083,-0.044417,December
23,0.250092,0.809904,0.615085,0.293587,0.388159,-0.026223,-0.001908,-0.042921,December
0,0.351513,0.579722,0.625584,0.639088,0.635594,-0.044806,-0.006329,-0.007996,December
1,0.333123,0.656675,0.626349,0.545282,0.593485,-0.046524,-0.006710,-0.008286,December
2,0.310203,0.604088,0.626679,0.541562,0.572449,-0.046765,-0.007099,-0.008301,December
3,0.289825,0.690859,0.626227,0.580456,0.525492,-0.046770,-0.007006,-0.008231,December
4,0.289590,0.706795,0.626050,0.458944,0.452385,-0.046217,-0.006581,-0.007938,December
5,0.291928,0.790957,0.627976,0.537188,0.473393,-0.045532,-0.006601,-0.006749,December
6,0.294824,0.770507,0.626942,0.400166,0.480099,-0.035764,-0.002230,0.004269,December
7,0.298062,0.823263,0.627296,0.349714,0.446523,-0.012597,0.064887,0.099102,December
8,0.351653,0.760092,0.629057,0.318362,0.458369,0.095115,0.304323,0.081067,December
9,0.399373,0.662858,0.633349,0.316222,0.399801,0.253516,0.418035,0.303988,December
10,0.410809,0.593040,0.634891,0.277101,0.391326,0.375791,0.428525,0.484711,December
11,0.420339,0.558143,0.635173,0.273228,0.361925,0.420209,0.396664,0.550258,December
12,0.426727,0.615723,0.641814,0.327371,0.386377,0.370658,0.373217,0.541697,December
13,0.426052,0.582916,0.643788,0.486706,0.443388,0.329335,0.322368,0.536936,December
14,0.412254,0.657139,0.649626,0.565755,0.458180,0.208937,0.248496,0.500039,December
15,0.395855,0.737220,0.654577,0.510784,0.486737,0.048578,0.047346,0.272182,December
16,0.338387,0.779637,0.661825,0.475549,0.506846,-0.041155,0.000095,0.001271,December
17,0.366273,0.708004,0.681200,0.545259,0.554104,-0.045401,-0.004461,-0.007294,December
18,0.382926,0.731545,0.681713,0.541280,0.571154,-0.046509,-0.006357,-0.007980,December
19,0.369048,0.678675,0.682353,0.535459,0.591716,-0.045562,-0.007041,-0.007423,December
20,0.327808,0.774404,0.702871,0.525812,0.580690,-0.046018,-0.007031,-0.007539,December
21,0.319266,0.757729,0.707159,0.545180,0.573529,-0.046498,-0.006855,-0.008197,December
22,0.319150,0.766069,0.708274,0.519796,0.619243,-0.045349,-0.005539,-0.007070,December
23,0.318937,0.715288,0.708362,0.567432,0.627871,-0.041038,-0.003614,-0.005269,December
0,0.183879,0.554226,0.595032,0.249567,0.091407,-0.025455,-0.042027,-0.013487,April
1,0.188058,0.517175,0.593812,0.433861,0.274582,-0.026644,-0.042469,-0.014243,April
2,0.178093,0.498835,0.592696,0.333100,0.276067,-0.030233,-0.042602,-0.014569,April
3,0.143341,0.636465,0.589565,0.288915,0.205975,-0.030191,-0.041932,-0.014177,April
4,0.135034,0.819761,0.586857,0.277716,0.210705,-0.023231,-0.032574,-0.013309,April
5,0.149037,0.693166,0.575252,0.275077,0.220688,0.039803,-0.000915,-0.002006,April
6,0.206144,0.478247,0.576764,0.240509,0.207523,0.132635,0.145911,0.220491,April
7,0.254146,0.431278,0.561469,0.108083,0.075020,0.504846,0.278022,0.521850,April
8,0.393429,0.312251,0.541112,0.356589,0.137669,0.590096,0.549591,0.423815,April
9,0.399263,0.303137,0.529856,0.330507,0.184732,0.746490,0.586158,0.545408,April
10,0.413439,0.325996,0.525571,0.407011,0.380659,0.723615,0.617161,0.378552,April
11,0.411561,0.344652,0.525779,0.385820,0.416724,0.749736,0.633182,0.365630,April
12,0.388063,0.495281,0.532426,0.308432,0.322016,0.604803,0.514446,0.398539,April
13,0.389839,0.446329,0.525342,0.272744,0.309841,0.509477,0.433273,0.218539,April
14,0.397270,0.473156,0.513813,0.317018,0.373611,0.388564,0.197662,0.292128,April
15,0.394439,0.438049,0.507783,0.300463,0.368441,0.349631,0.188929,0.304681,April
16,0.311287,0.505951,0.505629,0.250069,0.298730,0.079677,0.092997,0.168114,April
17,0.285166,0.580012,0.505287,0.288113,0.410324,0.005041,-0.032053,0.012861,April
18,0.302608,0.558763,0.505342,0.416002,0.523565,-0.022582,-0.037788,-0.007722,April
19,0.270744,0.548596,0.509222,0.473862,0.563645,-0.028846,-0.040506,-0.013966,April
20,0.258812,0.507187,0.514034,0.432105,0.554554,-0.026696,-0.041327,-0.012280,April
21,0.207042,0.611767,0.526617,0.377015,0.464603,-0.024024,-0.039396,-0.013512,April
22,0.203291,0.822496,0.525507,0.284870,0.425035,-0.020794,-0.039111,-0.013480,April
23,0.225870,0.820749,0.530843,0.291709,0.453966,-0.017819,-0.030022,-0.012108,April
0,0.227056,0.909328,0.511007,0.529229,0.567122,-0.015963,-0.018118,0.010059,December
1,0.219529,0.915391,0.502911,0.552464,0.573868,-0.016547,-0.018333,0.009995,December
2,0.228975,0.958578,0.469654,0.505873,0.545705,-0.016614,-0.018347,0.009990,December
3,0.224562,0.955348,0.403910,0.368137,0.430523,-0.016614,-0.018349,0.010012,December
4,0.228263,0.946174,0.419613,0.341200,0.516735,-0.016213,-0.018033,0.010238,December
5,0.236515,0.946136,0.436054,0.366391,0.457902,-0.014024,-0.017150,0.012022,December
6,0.223380,0.957082,0.434602,0.359600,0.423011,-0.009673,-0.012767,0.018161,December
7,0.236507,0.933966,0.459817,0.360455,0.419352,0.063288,0.064986,0.098088,December
8,0.350849,0.885371,0.474958,0.335872,0.411051,0.089225,0.209215,0.090390,December
9,0.378440,0.795023,0.505588,0.447073,0.348536,0.209555,0.334212,0.161618,December
10,0.394168,0.718009,0.504131,0.340172,0.288889,0.318857,0.364441,0.277902,December
11,0.409894,0.574673,0.440647,0.351784,0.208717,0.473756,0.353406,0.758749,December
12,0.414163,0.529353,0.401838,0.415314,0.286090,0.421540,0.229604,0.786759,December
13,0.410556,0.563731,0.392047,0.524884,0.295548,0.390871,0.131604,0.772454,December
14,0.407700,0.567743,0.381451,0.481258,0.268902,0.282207,0.150587,0.768153,December
15,0.397158,0.735551,0.379702,0.384852,0.258100,0.060487,-0.003001,0.613748,December
16,0.289087,0.912857,0.386604,0.336648,0.244174,-0.012362,-0.015542,0.015869,December
17,0.282411,0.927247,0.393621,0.292903,0.243125,-0.015478,-0.017885,0.010419,December
18,0.264173,0.955751,0.396116,0.239589,0.323554,-0.016555,-0.017868,0.010005,December
19,0.243923,0.954929,0.384432,0.228440,0.345790,-0.016610,-0.018271,0.009999,December
20,0.221538,0.969431,0.396310,0.180043,0.338877,-0.016469,-0.018343,0.010036,December
21,0.202122,0.975300,0.413751,0.144007,0.246413,-0.016490,-0.018352,0.010021,December
22,0.206046,0.966136,0.421644,0.142641,0.266110,-0.015821,-0.018131,0.010254,December
23,0.197495,0.942222,0.417601,0.247003,0.368704,-0.014912,-0.017672,0.011175,December
0,0.310686,0.947925,0.384742,0.489492,0.544851,-0.068523,-0.068349,-0.033177,April
1,0.304281,0.935251,0.384586,0.358811,0.504336,-0.071883,-0.067677,-0.033380,April
2,0.303984,0.930772,0.368233,0.296561,0.425188,-0.075029,-0.068805,-0.033576,April
3,0.296294,0.961907,0.367706,0.302099,0.471381,-0.075263,-0.069471,-0.033547,April
4,0.294426,0.964364,0.384237,0.401846,0.481063,-0.071651,-0.030877,-0.033082,April
5,0.313225,0.950118,0.411529,0.449038,0.523434,0.019887,0.201704,0.067640,April
6,0.370265,0.854393,0.414364,0.471608,0.527721,0.205783,0.192745,0.223378,April
7,0.412347,0.759274,0.419719,0.474860,0.516594,0.267430,0.320132,0.481129,April
8,0.430135,0.599535,0.405486,0.455927,0.425861,0.447501,0.187116,0.632841,April
9,0.457240,0.510002,0.409390,0.497207,0.455661,0.580923,0.104432,0.648660,April
10,0.476645,0.475187,0.406742,0.527812,0.473341,0.678833,0.129164,0.646620,April
11,0.474983,0.472891,0.398166,0.501623,0.483474,0.537661,0.470977,0.366168,April
12,0.438311,0.493848,0.376260,0.211925,0.146497,0.464195,0.800958,0.131041,April
13,0.462979,0.496469,0.383026,0.147975,0.133297,0.247488,0.905895,0.001603,April
14,0.452930,0.506824,0.366441,0.130782,0.147171,0.152600,0.537628,-0.006471,April
15,0.453500,0.530778,0.359815,0.122264,0.111836,0.139557,0.478895,0.066998,April
16,0.453226,0.650142,0.355782,0.143198,0.119048,0.067539,0.078802,0.026237,April
17,0.411079,0.730984,0.341542,0.125649,0.167419,-0.050915,0.008457,-0.018916,April
18,0.381573,0.702061,0.345958,0.213235,0.273113,-0.073877,-0.041575,-0.033452,April
19,0.385478,0.766480,0.359415,0.241589,0.312018,-0.075414,-0.065321,-0.033589,April
20,0.337537,0.874391,0.358340,0.290025,0.388024,-0.074894,-0.068552,-0.033583,April
21,0.329671,0.889930,0.360107,0.248452,0.394815,-0.073162,-0.069706,-0.033372,April
22,0.316949,0.933893,0.356164,0.323518,0.436529,-0.069115,-0.069195,-0.032988,April
23,0.305244,0.942834,0.358616,0.301911,0.380832,-0.065072,-0.068459,-0.030634,April
0,0.670428,0.985893,0.556867,0.253819,0.352393,-0.103427,-0.021331,-0.035124,July
1,0.668130,0.980411,0.539263,0.290875,0.439413,-0.112514,-0.029299,-0.037063,July
2,0.643194,0.999322,0.534069,0.323694,0.503823,-0.118570,-0.033745,-0.038071,July
3,0.648652,0.986199,0.537600,0.397804,0.576294,-0.116215,-0.034177,-0.038156,July
4,0.673535,0.953551,0.536261,0.554819,0.592672,-0.114267,0.015654,-0.029429,July
5,0.735307,0.905006,0.542611,0.651725,0.594590,0.044474,0.046628,0.313900,July
6,0.764373,0.665613,0.552840,0.668526,0.596099,0.312634,0.485643,0.443031,July
7,0.819159,0.422962,0.555532,0.672069,0.592322,0.679875,0.381992,0.729683,July
8,0.793967,0.579114,0.554187,0.691128,0.585045,0.620017,0.375833,0.549395,July
9,0.782300,0.673866,0.558253,0.672740,0.555682,0.718902,0.511612,0.663381,July
10,0.807473,0.494054,0.560175,0.664038,0.545019,0.892267,0.522343,0.632101,July
11,0.812023,0.563846,0.554389,0.674596,0.574884,0.887187,0.528526,0.660356,July
12,0.812836,0.456948,0.543080,0.660105,0.545396,0.795752,0.534430,0.717619,July
13,0.825213,0.321515,0.521523,0.610651,0.515210,0.779900,0.502648,0.739632,July
14,0.832238,0.302726,0.507819,0.606622,0.509672,0.713074,0.477436,0.746131,July
15,0.830643,0.298059,0.495419,0.566008,0.503874,0.575830,0.380744,0.868851,July
16,0.806374,0.308903,0.481366,0.604178,0.436805,0.140235,0.249145,0.624167,July
17,0.773945,0.420010,0.482896,0.297260,0.288602,-0.009355,0.062734,0.278354,July
18,0.745303,0.516150,0.484317,0.270850,0.280235,-0.109317,-0.028713,0.123223,July
19,0.687588,0.746970,0.492251,0.347882,0.301923,-0.117839,-0.034553,-0.026025,July
20,0.647987,0.827556,0.499232,0.287543,0.290229,-0.120070,-0.034188,-0.033076,July
21,0.647049,0.865435,0.506422,0.345126,0.317181,-0.118427,-0.034042,-0.037291,July
22,0.647603,0.815376,0.506764,0.365502,0.369389,-0.114926,-0.031297,-0.037764,July
23,0.650633,0.921769,0.503235,0.284744,0.315558,-0.114895,-0.027094,-0.030290,July
0,0.392639,0.466434,0.557430,0.523586,0.552224,-0.057567,-0.038385,0.006278,November
1,0.412514,0.494384,0.560065,0.494535,0.563013,-0.058108,-0.038635,0.006234,November
2,0.415904,0.417317,0.565082,0.520181,0.558028,-0.058156,-0.038738,0.006234,November
3,0.417997,0.422551,0.568110,0.515119,0.513777,-0.057996,-0.038704,0.006506,November
4,0.381072,0.670302,0.572239,0.443396,0.447466,-0.057363,-0.037828,0.007283,November
5,0.389364,0.680005,0.578890,0.501750,0.438824,-0.057316,-0.037474,0.006532,November
6,0.403679,0.543943,0.586404,0.353849,0.373660,-0.049665,-0.027301,0.022693,November
7,0.442264,0.552824,0.602657,0.293371,0.186536,0.095117,0.215200,0.153120,November
8,0.458235,0.473752,0.606923,0.241545,0.244187,0.128236,0.596778,0.315823,November
9,0.490891,0.373853,0.613661,0.179577,0.187509,0.310797,0.666604,0.479377,November
10,0.504014,0.324152,0.620963,0.235454,0.259337,0.383356,0.688352,0.551214,November
11,0.508632,0.315480,0.615443,0.304033,0.239083,0.390224,0.660896,0.565859,November
12,0.507802,0.354623,0.626126,0.206962,0.203403,0.346786,0.633593,0.555276,November
13,0.501709,0.380287,0.618220,0.150305,0.174724,0.182072,0.517820,0.369584,November
14,0.496510,0.459828,0.635859,0.092096,0.159464,0.152308,0.397409,0.474799,November
15,0.472270,0.607345,0.635300,0.079222,0.148441,-0.009361,0.071542,0.237688,November
16,0.387789,0.727236,0.647635,0.120802,0.166431,-0.056192,-0.026050,0.010322,November
17,0.363489,0.765733,0.654785,0.146181,0.192510,-0.057971,-0.038455,0.006534,November
18,0.358595,0.796422,0.658573,0.153496,0.188405,-0.058143,-0.038667,0.006252,November
19,0.354686,0.807102,0.660613,0.097701,0.175531,-0.058158,-0.038776,0.006250,November
20,0.346654,0.825502,0.661746,0.081287,0.156728,-0.058104,-0.038757,0.006272,November
21,0.344788,0.828259,0.657837,0.078482,0.161560,-0.058123,-0.038707,0.006238,November
22,0.345116,0.827316,0.658458,0.090112,0.163213,-0.057875,-0.038294,0.006276,November
23,0.336032,0.824335,0.654737,0.112037,0.217073,-0.057288,-0.035719,0.006595,November
0,0.103720,0.900641,0.800353,0.288292,0.239827,-0.016608,-0.026879,-0.070208,February
1,0.099876,0.938240,0.799887,0.268396,0.290140,-0.017258,-0.028482,-0.070396,February
2,0.112197,0.929210,0.785105,0.271047,0.339948,-0.017515,-0.029091,-0.070584,February
3,0.108090,0.934682,0.779297,0.283526,0.347829,-0.017439,-0.028431,-0.070347,February
4,0.142906,0.937164,0.772678,0.391395,0.364883,-0.011877,-0.020539,-0.068073,February
5,0.103154,0.911026,0.782174,0.385316,0.364024,-0.008057,-0.021405,-0.047872,February
6,0.103034,0.931743,0.779935,0.376705,0.347767,0.003490,0.021986,-0.014244,February
7,0.130936,0.919829,0.787154,0.358373,0.293720,0.073738,0.380663,0.419791,February
8,0.199903,0.784067,0.798215,0.347939,0.304439,0.184854,0.477865,0.526015,February
9,0.286464,0.514541,0.814191,0.304261,0.180293,0.438963,0.564948,0.643873,February
10,0.310290,0.389183,0.810568,0.211339,0.132181,0.526605,0.546769,0.668087,February
11,0.312640,0.366377,0.801116,0.208441,0.123760,0.533188,0.516312,0.668662,February
12,0.305066,0.457857,0.792607,0.313766,0.160137,0.495561,0.563789,0.665718,February
13,0.287574,0.556237,0.778172,0.329708,0.169522,0.268333,0.538853,0.471542,February
14,0.286397,0.474139,0.775015,0.295143,0.164382,0.317184,0.488014,0.479922,February
15,0.282485,0.595888,0.768844,0.191055,0.131282,0.112355,0.352675,0.481484,February
16,0.167157,0.871571,0.768148,0.122334,0.123618,-0.010652,0.006635,0.036737,February
17,0.127807,0.918097,0.765735,0.163053,0.136459,-0.017141,-0.027459,-0.068221,February
18,0.152591,0.925766,0.766745,0.167759,0.177690,-0.017583,-0.029372,-0.070421,February
19,0.109014,0.940537,0.767750,0.158745,0.173509,-0.017665,-0.029624,-0.070538,February
20,0.099327,0.953770,0.768135,0.148104,0.161106,-0.017592,-0.029600,-0.070481,February
21,0.096140,0.949589,0.764878,0.179798,0.214980,-0.017624,-0.029604,-0.070592,February
22,0.099984,0.948724,0.762165,0.239062,0.285608,-0.016993,-0.029172,-0.070518,February
23,0.099416,0.945972,0.759440,0.264522,0.309038,-0.015882,-0.023048,-0.069377,February
0,0.145088,0.312255,0.728413,0.580164,0.643254,-0.052383,-0.084059,-0.047118,February
1,0.142779,0.324004,0.726154,0.620046,0.694657,-0.059329,-0.085933,-0.054309,February
2,0.139127,0.357426,0.725329,0.864953,0.790352,-0.059595,-0.086293,-0.054342,February
3,0.142553,0.327942,0.726842,0.855219,0.769589,-0.059606,-0.086277,-0.054124,February
4,0.144308,0.336181,0.727885,0.793985,0.767505,-0.058627,-0.082293,-0.052507,February
5,0.142316,0.349043,0.735396,0.676812,0.691511,-0.048903,-0.082664,-0.040397,February
6,0.136367,0.344705,0.741975,0.542151,0.657425,-0.032016,-0.064950,-0.023535,February
7,0.143009,0.327391,0.753495,0.571798,0.651733,0.068543,0.113199,0.005013,February
8,0.161130,0.329484,0.767082,0.775313,0.716086,0.152292,0.154270,0.056048,February
9,0.170560,0.199860,0.790765,0.774141,0.656947,0.342783,0.380368,0.292452,February
10,0.178417,0.019980,0.793381,0.800761,0.631188,0.461384,0.439253,0.301324,February
11,0.179309,0.016542,0.805319,0.832953,0.599206,0.523062,0.307242,0.508313,February
12,0.180942,0.025450,0.808765,0.998910,0.697406,0.385971,0.393356,0.258667,February
13,0.179685,0.016058,0.799290,0.924564,0.673338,0.376395,0.359988,0.525536,February
14,0.179459,0.023546,0.795026,0.873833,0.647205,0.383366,0.146375,0.583239,February
15,0.177328,0.044638,0.799176,0.799358,0.643653,0.138305,0.095618,0.590493,February
16,0.167331,0.179298,0.797515,0.690546,0.626682,-0.022303,-0.049496,0.266166,February
17,0.153257,0.279224,0.820722,0.606068,0.613717,-0.054839,-0.077876,-0.044819,February
18,0.158634,0.267397,0.825141,0.623412,0.687990,-0.058474,-0.083983,-0.053828,February
19,0.155389,0.321407,0.820555,0.557576,0.659724,-0.057583,-0.086295,-0.053493,February
20,0.141731,0.403672,0.824467,0.623718,0.677461,-0.057378,-0.086226,-0.053683,February
21,0.143718,0.383769,0.823336,0.552314,0.639157,-0.058853,-0.085849,-0.054353,February
22,0.150735,0.338320,0.824605,0.555216,0.633832,-0.053992,-0.084434,-0.051380,February
23,0.148004,0.297516,0.824377,0.601180,0.631146,-0.050420,-0.083061,-0.043360,February
0,0.236927,0.992431,0.752612,0.150784,0.282859,-0.050471,-0.012452,-0.026730,February
1,0.292214,0.971483,0.749914,0.331925,0.348049,-0.053577,-0.008641,-0.026659,February
2,0.351343,0.945298,0.739925,0.187011,0.292799,-0.056729,-0.010914,-0.027619,February
3,0.279980,0.812570,0.705517,0.107782,0.252541,-0.057187,-0.012685,-0.027583,February
4,0.188466,0.872855,0.687753,0.176395,0.294288,-0.050431,-0.007269,-0.027080,February
5,0.224254,0.782782,0.708487,0.194736,0.271565,-0.016170,-0.012349,-0.019384,February
6,0.162579,0.712793,0.713491,0.236450,0.248871,0.025803,0.016262,0.007195,February
7,0.207773,0.591446,0.717317,0.353946,0.236758,0.388259,0.153039,0.213045,February
8,0.267030,0.746207,0.672898,0.262013,0.177645,0.451078,0.293540,0.710109,February
9,0.292585,0.633248,0.670526,0.166263,0.116689,0.494101,0.224610,0.561915,February
10,0.389716,0.478721,0.664470,0.088806,0.094230,0.512045,0.476323,0.361080,February
11,0.376307,0.557886,0.653306,0.058491,0.088304,0.424676,0.605563,0.193549,February
12,0.203180,0.820523,0.648919,0.220042,0.156738,0.500316,0.639578,0.012071,February
13,0.193923,0.837638,0.649425,0.135856,0.136694,0.289223,0.543620,0.014247,February
14,0.230346,0.638677,0.648364,0.145440,0.182001,0.270748,0.264383,0.103661,February
15,0.250210,0.620577,0.647435,0.155647,0.180414,0.085562,0.164190,0.201257,February
16,0.225858,0.872294,0.648991,0.302845,0.277689,-0.046394,-0.009522,-0.003023,February
17,0.176882,0.874887,0.662223,0.192437,0.303461,-0.056389,-0.016412,-0.027395,February
18,0.161687,0.857715,0.671714,0.123193,0.164797,-0.057417,-0.016674,-0.027707,February
19,0.131370,0.840184,0.671894,0.088204,0.148760,-0.057399,-0.016711,-0.027666,February
20,0.123240,0.859779,0.668836,0.242762,0.285883,-0.056197,-0.016529,-0.027707,February
21,0.121846,0.842457,0.680002,0.329068,0.301114,-0.056709,-0.016118,-0.027675,February
22,0.130691,0.743425,0.688025,0.365468,0.356228,-0.052798,-0.015338,-0.027404,February
23,0.119237,0.792878,0.690753,0.344821,0.308172,-0.050823,-0.012159,-0.024287,February
0,0.105214,0.882208,0.755167,0.292219,0.294858,-0.076595,0.005102,-0.011304,March
1,0.077012,1.017226,0.752628,0.296116,0.284949,-0.078415,0.004982,-0.011446,March
2,0.078812,0.980218,0.751020,0.229769,0.176199,-0.079217,0.004894,-0.011471,March
3,0.051110,1.071361,0.743754,0.265628,0.202095,-0.078027,0.005029,-0.004391,March
4,0.043762,1.039702,0.744032,0.183637,0.062782,-0.070624,0.009325,0.010539,March
5,0.046506,1.049806,0.748507,0.123672,0.095861,-0.032922,0.030549,0.034561,March
6,0.067181,0.989473,0.754153,0.095744,0.131320,0.016996,0.179597,0.097296,March
7,0.168617,0.715172,0.756204,0.079663,0.040788,0.277837,0.298769,0.623119,March
8,0.307085,0.386484,0.755427,0.083869,0.023102,0.465033,0.293424,0.786891,March
9,0.367717,0.202295,0.755120,0.101363,0.034995,0.648156,0.330126,0.889194,March
10,0.424498,0.112094,0.747702,0.127029,0.042806,0.747113,0.347890,0.914850,March
11,0.439068,0.086952,0.733171,0.120797,0.049349,0.755188,0.342142,0.916267,March
12,0.438459,0.090894,0.712479,0.137346,0.064157,0.735546,0.341349,0.914592,March
13,0.429823,0.115673,0.700410,0.104993,0.039155,0.609595,0.331150,0.817115,March
14,0.420687,0.141014,0.690362,0.150936,0.054230,0.390801,0.315443,0.749747,March
15,0.417547,0.165537,0.687322,0.179663,0.152469,0.184496,0.268426,0.659622,March
16,0.398264,0.293001,0.684627,0.229394,0.199064,0.042094,0.146434,0.304623,March
17,0.268755,0.562317,0.685907,0.262702,0.319204,-0.070331,0.014075,0.003700,March
18,0.248651,0.704544,0.688299,0.289403,0.316332,-0.078759,0.006062,-0.011024,March
19,0.187376,0.676712,0.687445,0.301264,0.344574,-0.079024,0.005020,-0.011213,March
20,0.243169,0.523013,0.682521,0.317212,0.372219,-0.077114,0.004877,-0.010556,March
21,0.265261,0.606785,0.684042,0.321273,0.374026,-0.078224,0.004912,-0.011228,March
22,0.229662,0.722416,0.682933,0.316368,0.377392,-0.075876,0.005179,-0.011036,March
23,0.199358,0.785889,0.681510,0.315391,0.365838,-0.072863,0.008989,-0.009704,March
0,0.414946,0.940719,0.348420,0.937334,0.573898,-0.012580,0.090052,-0.037343,April
1,0.422512,0.914032,0.347516,0.902486,0.519863,-0.033289,0.060358,-0.044439,April
2,0.404895,0.925134,0.348423,0.910098,0.602429,-0.038112,0.061469,-0.046713,April
3,0.407267,0.961190,0.352933,0.939652,0.723525,-0.035236,0.147163,-0.036772,April
4,0.429412,0.814198,0.349929,0.871356,0.598579,0.114472,0.314267,0.018051,April
5,0.445744,0.639741,0.352790,0.793195,0.545683,0.143081,0.248966,0.212558,April
6,0.436684,0.641203,0.362693,0.850819,0.755563,0.138290,0.351197,0.288948,April
7,0.437857,0.700056,0.362033,0.857507,0.719814,0.238796,0.298652,0.378966,April
8,0.457507,0.599622,0.362855,0.889459,0.708104,0.442677,0.404354,0.299505,April
9,0.459790,0.603191,0.358084,0.758629,0.514321,0.624154,0.773933,0.334137,April
10,0.459361,0.607215,0.360024,0.817094,0.691656,0.665572,1.053695,0.108382,April
11,0.458533,0.637836,0.363881,0.885090,0.782858,0.097344,1.091227,-0.032218,April
12,0.447653,0.604981,0.362806,0.510583,0.536148,0.248441,1.030341,0.004644,April
13,0.454708,0.593061,0.371829,0.298110,0.448184,0.499307,0.601787,0.210132,April
14,0.443124,0.609247,0.384948,0.332203,0.440018,0.262735,0.548432,0.144219,April
15,0.439930,0.604061,0.396036,0.376348,0.450015,0.314915,0.334393,0.306160,April
16,0.456381,0.659607,0.387075,0.703568,0.474680,0.315382,0.036935,0.378918,April
17,0.449755,0.671251,0.390602,0.759565,0.490971,0.127655,-0.046550,0.175305,April
18,0.434082,0.644272,0.397155,0.563956,0.490913,-0.027508,-0.024811,-0.045035,April
19,0.426905,0.745131,0.402900,0.464783,0.453576,-0.047134,-0.056623,-0.047223,April
20,0.409871,0.752340,0.409939,0.655803,0.533359,-0.041051,-0.050431,-0.046997,April
21,0.405530,0.703296,0.412325,0.388349,0.449836,-0.014624,-0.059533,-0.045039,April
22,0.400350,0.782276,0.413815,0.300918,0.412137,-0.025818,-0.066704,-0.046525,April
23,0.396713,0.850600,0.414380,0.276974,0.405721,-0.008526,-0.063121,-0.042920,April
0,0.439311,0.910692,0.481401,0.295868,0.307420,-0.044544,-0.001834,-0.043824,December
1,0.439209,0.911325,0.480841,0.268953,0.356719,-0.042042,-0.005222,-0.042479,December
2,0.440786,0.909750,0.475171,0.272660,0.387201,-0.048615,0.001061,-0.044005,December
3,0.443748,0.876284,0.474177,0.213533,0.461848,-0.048384,0.000955,-0.043146,December
4,0.446416,0.890842,0.474497,0.225160,0.396222,-0.027034,0.036924,-0.039688,December
5,0.448275,0.862793,0.468422,0.180454,0.375098,-0.030720,0.033929,-0.038053,December
6,0.439826,0.849024,0.470754,0.295113,0.375917,-0.036257,0.020841,-0.028057,December
7,0.447847,0.838130,0.471020,0.624396,0.591364,0.078820,0.370633,0.053732,December
8,0.462503,0.788477,0.438325,0.756052,0.698416,0.131296,0.524734,0.027843,December
9,0.468491,0.785894,0.441418,0.738379,0.658955,0.195361,0.639846,-0.016434,December
10,0.473790,0.743967,0.434296,0.777078,0.817649,0.175210,0.690421,-0.004733,December
11,0.474371,0.730102,0.433014,0.796626,0.830053,0.284411,0.667012,0.165429,December
12,0.471252,0.792403,0.435425,0.781798,0.789201,0.231812,0.487200,0.167610,December
13,0.463354,0.833830,0.434836,0.672005,0.676551,0.081971,0.188722,-0.027644,December
14,0.462748,0.842927,0.430463,0.471491,0.575767,0.076726,0.085285,0.013516,December
15,0.458197,0.868495,0.429724,0.408185,0.588452,-0.022549,0.048275,-0.018661,December
16,0.453810,0.875080,0.430765,0.690282,0.727214,-0.045790,0.003509,-0.043716,December
17,0.455135,0.825072,0.438183,0.694084,0.826311,-0.048722,-0.010793,-0.044416,December
18,0.452893,0.758288,0.440437,0.662272,0.791837,-0.049794,-0.014027,-0.044530,December
19,0.454377,0.736526,0.440998,0.713190,0.784129,-0.049285,-0.016222,-0.043477,December
20,0.451808,0.740591,0.441729,0.759917,0.776087,-0.047183,-0.015661,-0.043174,December
21,0.452245,0.727403,0.445611,0.680268,0.706920,-0.048362,-0.015201,-0.044010,December
22,0.443996,0.750290,0.451697,0.488423,0.473114,-0.044047,-0.013061,-0.043530,December
23,0.443640,0.765391,0.454918,0.263667,0.330160,-0.043424,-0.008552,-0.040061,December
0,0.164250,0.856198,0.875228,0.152998,0.193037,-0.019874,-0.010625,-0.030904,February
1,0.160287,0.809921,0.876250,0.203799,0.241749,-0.022923,-0.012065,-0.033940,February
2,0.169699,0.735620,0.863870,0.140934,0.237095,-0.027131,-0.012410,-0.036000,February
3,0.148275,0.764304,0.855858,0.083271,0.236409,-0.027487,-0.012258,-0.036909,February
4,0.116637,0.870746,0.854102,0.008337,0.074271,-0.025219,-0.006784,-0.034178,February
5,0.137941,0.839121,0.856302,0.025828,0.169214,-0.023662,0.006430,-0.034137,February
6,0.144842,0.867872,0.855520,0.055463,0.220511,-0.013698,0.032472,-0.030869,February
7,0.257402,0.732061,0.858167,0.137435,0.240258,0.069849,0.389961,0.176739,February
8,0.293973,0.564004,0.846962,0.260575,0.172392,0.350718,0.773675,0.526141,February
9,0.305275,0.516048,0.848500,0.216193,0.165402,0.413942,0.765689,0.462477,February
10,0.328711,0.503762,0.848865,0.212508,0.135363,0.392632,0.749193,0.574773,February
11,0.337450,0.491579,0.833654,0.208465,0.123692,0.553791,0.723565,0.673399,February
12,0.336001,0.664533,0.828163,0.256510,0.158451,0.491970,0.622892,0.679377,February
13,0.298945,0.864912,0.826885,0.293351,0.208813,0.293610,0.433898,0.511293,February
14,0.287897,0.944214,0.826141,0.270365,0.207866,0.263754,0.353014,0.356450,February
15,0.296354,0.934302,0.825970,0.241774,0.179723,0.044261,0.233587,0.324968,February
16,0.247902,0.903334,0.825947,0.233442,0.137579,-0.019223,0.018412,0.025344,February
17,0.207180,0.954427,0.827187,0.203562,0.182902,-0.027001,-0.011223,-0.036631,February
18,0.197541,0.987818,0.829699,0.111935,0.127909,-0.027938,-0.012277,-0.037348,February
19,0.169906,0.995750,0.828728,0.082463,0.092527,-0.027171,-0.012502,-0.037106,February
20,0.150435,1.012918,0.828723,0.109832,0.130658,-0.027117,-0.012383,-0.036939,February
21,0.143767,1.018060,0.828652,0.112446,0.113600,-0.027917,-0.012129,-0.037759,February
22,0.154189,1.013171,0.829920,0.146639,0.116597,-0.026630,-0.010101,-0.037588,February
23,0.145865,1.004244,0.829266,0.224705,0.164880,-0.025235,-0.000564,-0.034878,February
0,0.332470,0.814780,0.610846,0.501904,0.547336,-0.035664,-0.035471,-0.043768,April
1,0.298560,0.797302,0.610820,0.421257,0.455926,-0.038237,-0.036821,-0.044754,April
2,0.243497,0.825869,0.610738,0.285862,0.329347,-0.042468,-0.036645,-0.044914,April
3,0.225726,0.868620,0.611287,0.261118,0.313715,-0.042734,-0.036695,-0.044920,April
4,0.230167,0.862907,0.612243,0.349733,0.392888,-0.039802,-0.033086,-0.044668,April
5,0.227643,0.843640,0.618865,0.417175,0.513423,-0.010427,-0.022472,-0.003680,April
6,0.345254,0.802227,0.636138,0.588760,0.596962,0.117933,0.135303,0.210990,April
7,0.416963,0.578029,0.663715,0.618768,0.649131,0.339304,0.395088,0.560832,April
8,0.429459,0.589957,0.676283,0.649692,0.685763,0.605560,0.287678,0.691085,April
9,0.434991,0.559775,0.680450,0.665640,0.699660,0.687392,0.301161,0.707679,April
10,0.442701,0.556122,0.664966,0.650652,0.684539,0.889530,0.524624,0.687608,April
11,0.443638,0.545540,0.658860,0.573071,0.611066,0.893088,0.511436,0.589590,April
12,0.453009,0.465035,0.650935,0.597566,0.656554,0.870728,0.414983,0.745387,April
13,0.449609,0.441939,0.671437,0.513343,0.613868,0.852567,0.379733,0.772774,April
14,0.435231,0.495955,0.680865,0.436809,0.526007,0.537912,0.425445,0.599463,April
15,0.396390,0.544754,0.695074,0.378086,0.485841,0.257967,0.411726,0.438977,April
16,0.310410,0.841951,0.698525,0.332458,0.358005,0.036093,0.091586,0.168363,April
17,0.294303,0.854694,0.697433,0.387711,0.459856,-0.028278,-0.015135,0.005497,April
18,0.248972,0.848013,0.695511,0.409458,0.527315,-0.041962,-0.033086,-0.043819,April
19,0.221328,0.854290,0.697747,0.391433,0.557484,-0.042852,-0.036781,-0.044769,April
20,0.214225,0.901096,0.705119,0.531807,0.646686,-0.041204,-0.037066,-0.044407,April
21,0.195064,0.901189,0.706221,0.526625,0.618761,-0.038844,-0.036395,-0.044360,April
22,0.186601,0.907182,0.706752,0.538252,0.547535,-0.037650,-0.036233,-0.044167,April
23,0.195113,0.910814,0.706763,0.417858,0.508950,-0.027755,-0.030770,-0.043474,April
0,0.072392,0.996742,0.767290,0.220752,0.140587,-0.076508,-0.019874,-0.051288,March
1,0.044165,0.986616,0.772648,0.282094,0.181486,-0.077521,-0.020103,-0.051364,March
2,0.027369,0.962126,0.749289,0.227050,0.211790,-0.077864,-0.020388,-0.051513,March
3,0.012556,0.984062,0.716955,0.192968,0.166932,-0.077789,-0.020209,-0.051165,March
4,0.006124,1.003216,0.663412,0.160951,0.117840,-0.077001,-0.017310,-0.049629,March
5,0.010616,1.005002,0.658212,0.142461,0.173386,-0.072535,-0.007347,-0.041334,March
6,0.036660,0.917923,0.664414,0.056698,0.209885,-0.035543,0.063355,0.019763,March
7,0.102046,0.809308,0.661381,0.027188,0.072621,0.123619,0.565465,0.573938,March
8,0.356064,0.419519,0.655806,0.067998,0.050715,0.465550,0.555095,0.783047,March
9,0.427733,0.280723,0.673819,0.219216,0.063474,0.652811,0.540483,0.817659,March
10,0.475104,0.269514,0.670574,0.145199,0.062873,0.708916,0.630833,0.824049,March
11,0.470840,0.266053,0.675257,0.123365,0.080274,0.719465,0.669258,0.818859,March
12,0.448964,0.348366,0.668776,0.160420,0.108723,0.597164,0.640442,0.746092,March
13,0.443738,0.312002,0.656421,0.316453,0.245636,0.542972,0.627848,0.720613,March
14,0.426705,0.268823,0.649371,0.397157,0.347082,0.352446,0.386168,0.635909,March
15,0.425465,0.286696,0.643403,0.336800,0.360161,0.378006,0.371219,0.676311,March
16,0.255782,0.492124,0.647777,0.299067,0.284155,0.029319,0.135004,0.518516,March
17,0.178645,0.582839,0.654520,0.300975,0.311823,-0.067969,-0.013561,-0.020496,March
18,0.233722,0.569488,0.670949,0.332859,0.319339,-0.076650,-0.019226,-0.048270,March
19,0.169963,0.507614,0.685398,0.368705,0.380419,-0.077696,-0.020291,-0.051222,March
20,0.112188,0.423297,0.701929,0.300218,0.379996,-0.077348,-0.020284,-0.051064,March
21,0.072629,0.451512,0.736902,0.234963,0.292543,-0.077467,-0.020023,-0.051372,March
22,0.097159,0.495224,0.760322,0.130611,0.351149,-0.075488,-0.019498,-0.050931,March
23,0.041381,0.521599,0.761681,0.226162,0.351990,-0.070496,-0.015555,-0.049618,March
0,0.415476,0.962338,0.446255,0.434134,0.483425,-0.064378,-0.139152,-0.056378,May
1,0.412839,0.935930,0.445821,0.426399,0.476562,-0.069767,-0.140453,-0.056482,May
2,0.414833,0.952209,0.445810,0.305283,0.432284,-0.071661,-0.140800,-0.056503,May
3,0.403667,0.953323,0.445884,0.214888,0.285059,-0.071509,-0.140501,-0.056406,May
4,0.407382,0.971548,0.446426,0.178903,0.269771,-0.068286,-0.107126,-0.053638,May
5,0.414175,0.936048,0.453191,0.214239,0.298883,0.059612,0.055643,0.052812,May
6,0.418021,0.930660,0.452165,0.228275,0.142589,0.200810,0.357129,0.169702,May
7,0.428986,0.890741,0.455455,0.169764,0.162042,0.240226,0.564059,0.149522,May
8,0.454496,0.852826,0.449954,0.249779,0.255928,0.432642,0.502609,0.178483,May
9,0.460947,0.780184,0.450506,0.154317,0.105603,0.539794,0.682750,0.283093,May
10,0.462660,0.770072,0.451964,0.108239,0.071035,0.563806,0.977511,0.152046,May
11,0.456527,0.797554,0.450719,0.116630,0.057410,0.278699,1.071310,-0.013183,May
12,0.460383,0.738150,0.449304,0.120925,0.054599,0.478950,1.126556,-0.019570,May
13,0.462781,0.703763,0.450381,0.241310,0.131353,0.463225,0.993891,0.199950,May
14,0.451165,0.735172,0.452785,0.193036,0.099238,0.278840,0.809198,0.047144,May
15,0.445819,0.756786,0.455316,0.117427,0.069215,0.182717,0.623832,0.058963,May
16,0.443049,0.842662,0.452695,0.096475,0.118423,0.026923,0.183063,0.038304,May
17,0.441155,0.887390,0.455463,0.114418,0.113747,-0.041945,0.027646,0.023847,May
18,0.430276,0.906533,0.462349,0.065750,0.081174,-0.069869,-0.126459,-0.051004,May
19,0.409811,0.952102,0.463187,0.091393,0.106265,-0.069528,-0.139547,-0.055814,May
20,0.401964,0.993478,0.468960,0.158872,0.215400,-0.071096,-0.140379,-0.056139,May
21,0.401136,0.996935,0.469208,0.253171,0.267469,-0.070506,-0.139656,-0.056343,May
22,0.399958,0.993802,0.469309,0.274573,0.260302,-0.068322,-0.139128,-0.056331,May
23,0.400318,0.993125,0.469261,0.283244,0.336769,-0.059662,-0.137279,-0.055259,May
0,0.148110,0.733044,0.541721,0.306341,0.286175,-0.041922,-0.024978,-0.019201,January
1,0.149904,0.718899,0.543620,0.298041,0.328055,-0.043833,-0.025779,-0.019809,January
2,0.139755,0.779397,0.529846,0.293673,0.313863,-0.044414,-0.026430,-0.020034,January
3,0.147000,0.666436,0.523765,0.248770,0.333489,-0.044373,-0.026433,-0.015601,January
4,0.156286,0.557402,0.506627,0.240193,0.264329,-0.042792,-0.025770,-0.011759,January
5,0.175350,0.554075,0.495059,0.243620,0.323169,-0.041813,-0.024754,-0.010310,January
6,0.160892,0.712659,0.500321,0.240448,0.333197,-0.039434,-0.015257,-0.007204,January
7,0.198631,0.832408,0.506773,0.198521,0.367120,0.015478,0.133882,0.156415,January
8,0.288480,0.599347,0.486626,0.430981,0.298768,0.184461,0.218337,0.493459,January
9,0.282159,0.583698,0.473284,0.507597,0.428439,0.211334,0.220243,0.354707,January
10,0.286690,0.596393,0.481644,0.513985,0.463831,0.351624,0.327183,0.118913,January
11,0.319736,0.602154,0.393059,0.514024,0.455365,0.372587,0.350385,0.340823,January
12,0.334413,0.466843,0.359126,0.518852,0.461972,0.395477,0.267092,0.665622,January
13,0.328528,0.506007,0.355822,0.517481,0.443834,0.374904,0.168406,0.751663,January
14,0.325965,0.613422,0.351828,0.497829,0.434315,0.213907,0.144115,0.658660,January
15,0.312785,0.779104,0.350569,0.398610,0.369924,0.028256,0.030105,0.560990,January
16,0.264309,0.729940,0.354076,0.303005,0.212060,-0.037286,-0.022680,0.001082,January
17,0.248182,0.814579,0.359462,0.376659,0.291370,-0.043066,-0.026291,-0.019473,January
18,0.245762,0.910730,0.358087,0.305104,0.239170,-0.044362,-0.026147,-0.020421,January
19,0.222523,0.932609,0.357732,0.225566,0.164148,-0.044654,-0.026364,-0.020482,January
20,0.208060,0.948684,0.353154,0.212398,0.159228,-0.044309,-0.026403,-0.020399,January
21,0.173169,0.937278,0.358357,0.192670,0.142944,-0.044106,-0.026464,-0.020358,January
22,0.178626,0.940864,0.355654,0.208003,0.141445,-0.043046,-0.025984,-0.019874,January
23,0.182870,0.938509,0.354902,0.209310,0.157001,-0.041189,-0.022897,-0.017197,January
0,0.491389,0.956953,0.602119,0.318444,0.372408,-0.027691,-0.024044,-0.057121,July
1,0.467700,0.933420,0.577484,0.337938,0.364660,-0.029089,-0.026318,-0.057180,July
2,0.460950,0.951440,0.528503,0.288591,0.317723,-0.029709,-0.025964,-0.057057,July
3,0.474814,0.924038,0.537558,0.134645,0.222257,-0.024730,-0.026896,-0.052138,July
4,0.451763,0.940070,0.548289,0.122397,0.199947,-0.021044,0.005976,0.002332,July
5,0.537001,0.896437,0.569552,0.087976,0.089173,0.135043,0.245310,0.195800,July
6,0.711300,0.735016,0.591091,0.303030,0.135213,0.310849,0.589029,0.742559,July
7,0.767757,0.225484,0.606991,0.406904,0.249366,0.668019,0.624112,0.924459,July
8,0.790952,0.185091,0.615200,0.446283,0.353856,0.732237,0.642141,0.896247,July
9,0.787760,0.132468,0.620072,0.420190,0.301722,0.871674,0.659349,0.961861,July
10,0.821019,0.206360,0.620658,0.420415,0.334916,0.940107,0.654240,0.962441,July
11,0.847837,0.102727,0.613705,0.421325,0.320711,0.977329,0.659279,0.974181,July
12,0.887322,-0.011622,0.593100,0.300582,0.166794,0.966252,0.580818,0.977397,July
13,0.885030,-0.023690,0.563528,0.393476,0.221115,0.919403,0.537719,0.973844,July
14,0.870526,-0.018726,0.539366,0.421783,0.359746,0.769741,0.389456,0.960603,July
15,0.843491,0.006822,0.527202,0.445723,0.392400,0.641977,0.403320,0.918244,July
16,0.790562,0.246719,0.519723,0.416313,0.250873,0.318762,0.239958,0.728017,July
17,0.747848,0.285275,0.519183,0.265665,0.182781,0.167870,0.202834,0.527577,July
18,0.674519,0.269689,0.519489,0.214501,0.246111,-0.020100,-0.008396,0.047167,July
19,0.616041,0.369834,0.524320,0.288075,0.375840,-0.025441,-0.026361,-0.051264,July
20,0.479394,0.731186,0.541606,0.337430,0.417807,-0.027518,-0.026199,-0.050446,July
21,0.464609,0.774222,0.548030,0.288617,0.378035,-0.026896,-0.025268,-0.053512,July
22,0.494642,0.748488,0.555504,0.252214,0.384726,-0.014094,-0.020824,-0.046855,July
23,0.494390,0.647796,0.548894,0.319946,0.376928,-0.012309,-0.017606,-0.013825,July
0,0.349077,0.899459,0.741220,0.453303,0.549110,-0.050654,-0.033235,-0.043846,May
1,0.306619,0.898315,0.736579,0.430686,0.523390,-0.052516,-0.033592,-0.043826,May
2,0.274263,0.910829,0.729400,0.449129,0.520095,-0.053499,-0.033640,-0.043888,May
3,0.268870,0.913557,0.720800,0.394951,0.480108,-0.053436,-0.033587,-0.043747,May
4,0.264025,0.908045,0.706378,0.294663,0.448532,-0.051037,-0.018467,-0.036123,May
5,0.282426,0.897132,0.709118,0.301741,0.397615,0.156837,0.050256,0.349182,May
6,0.386737,0.831319,0.722478,0.331255,0.350353,0.320671,0.318906,0.818064,May
7,0.447046,0.604547,0.735405,0.335858,0.279614,0.779615,0.347182,0.919825,May
8,0.505092,0.422239,0.734378,0.356053,0.275722,0.874448,0.361524,0.960322,May
9,0.550757,0.310610,0.733464,0.327024,0.240501,1.041116,0.374726,1.002090,May
10,0.602787,0.224826,0.719158,0.259820,0.237978,1.109440,0.341228,1.009781,May
11,0.609996,0.194871,0.695309,0.293488,0.225241,1.118060,0.309181,1.010239,May
12,0.607803,0.208090,0.685215,0.428154,0.341371,1.101246,0.357573,1.008401,May
13,0.572337,0.243249,0.676145,0.453791,0.373331,0.965023,0.372386,0.927674,May
14,0.576461,0.223407,0.667168,0.421784,0.325637,0.699584,0.343166,0.771698,May
15,0.581776,0.227767,0.660665,0.418005,0.312761,0.495458,0.302453,0.645492,May
16,0.531119,0.465634,0.665958,0.326656,0.275378,0.197675,0.191645,0.383196,May
17,0.510651,0.490463,0.666435,0.303213,0.283890,0.086455,0.102320,0.514258,May
18,0.495290,0.490763,0.674375,0.276872,0.263584,-0.044753,-0.030017,0.025010,May
19,0.450774,0.469954,0.687495,0.286015,0.268764,-0.050085,-0.033577,-0.041228,May
20,0.380042,0.613149,0.716309,0.383097,0.360681,-0.051450,-0.033408,-0.040573,May
21,0.375878,0.611236,0.718186,0.431168,0.435533,-0.050189,-0.032025,-0.042722,May
22,0.365175,0.657329,0.732709,0.442639,0.465390,-0.044478,-0.031428,-0.042270,May
23,0.380093,0.650469,0.734280,0.409343,0.468552,-0.018496,-0.029078,-0.038457,May
0,0.210115,0.673546,0.539291,0.454709,0.440414,-0.054212,-0.057290,-0.022635,March
1,0.197067,0.785841,0.539482,0.367825,0.426338,-0.054501,-0.056910,-0.022770,March
2,0.162144,0.599978,0.540896,0.305843,0.381584,-0.055529,-0.058729,-0.022811,March
3,0.149387,0.691963,0.543434,0.318322,0.381161,-0.054003,-0.059511,-0.021754,March
4,0.155835,0.694469,0.552739,0.371234,0.400789,-0.046856,-0.026151,-0.020636,March
5,0.190640,0.708049,0.575397,0.358364,0.400530,-0.031360,-0.032520,0.009253,March
6,0.172081,0.611438,0.603516,0.422968,0.428895,0.081233,-0.006265,0.063081,March
7,0.205343,0.655973,0.627086,0.435729,0.387999,0.410664,0.441548,0.478305,March
8,0.231772,0.747299,0.617685,0.411610,0.301998,0.288983,0.459194,0.404251,March
9,0.288737,0.675353,0.627045,0.361228,0.214128,0.291236,0.532024,0.300443,March
10,0.336738,0.557653,0.632868,0.251381,0.083974,0.551434,0.811876,0.350346,March
11,0.339040,0.544616,0.628429,0.226220,0.072942,0.636765,0.736155,0.537038,March
12,0.336247,0.697763,0.626146,0.307963,0.094880,0.614265,0.820184,0.449252,March
13,0.334300,0.679477,0.625592,0.312219,0.095090,0.513251,0.741570,0.308334,March
14,0.318095,0.569821,0.622649,0.386236,0.152154,0.402810,0.403638,0.408934,March
15,0.324300,0.567108,0.627457,0.367153,0.145261,0.410496,0.242493,0.492510,March
16,0.274824,0.773648,0.619251,0.195479,0.216808,-0.027087,-0.019986,0.179783,March
17,0.217304,0.786563,0.625017,0.220508,0.250274,-0.053054,-0.059112,-0.016482,March
18,0.229415,0.714566,0.626510,0.116353,0.163146,-0.055691,-0.060025,-0.022540,March
19,0.210984,0.731669,0.620566,0.080723,0.090740,-0.055985,-0.060481,-0.022675,March
20,0.157846,0.902370,0.623184,0.067379,0.072043,-0.054163,-0.060332,-0.022510,March
21,0.119727,0.885617,0.625733,0.062298,0.076553,-0.054597,-0.059986,-0.022856,March
22,0.105166,0.882956,0.622962,0.048395,0.060987,-0.053156,-0.059607,-0.022776,March
23,0.102410,0.928382,0.615066,0.041880,0.056402,-0.052282,-0.056451,-0.022429,March
0,0.083517,0.811937,0.725428,0.037661,0.183856,-0.058687,0.009177,-0.078561,March
1,0.079358,0.759488,0.723223,0.039879,0.193358,-0.060638,0.008906,-0.079594,March
2,0.075239,0.784692,0.710086,0.083559,0.212605,-0.061051,0.008609,-0.079650,March
3,0.074598,0.707837,0.707185,0.050131,0.161346,-0.061043,0.008580,-0.079517,March
4,0.070589,0.857116,0.700404,0.109937,0.381031,-0.059892,0.011805,-0.077074,March
5,0.075341,0.898308,0.699143,0.133687,0.295298,-0.038686,0.037273,-0.046733,March
6,0.112654,0.804130,0.698759,0.150602,0.301438,0.072426,0.268605,0.269506,March
7,0.202793,0.676132,0.699448,0.135787,0.203962,0.227900,0.352128,0.372322,March
8,0.318105,0.372587,0.701342,0.217151,0.099703,0.500309,0.393811,0.884533,March
9,0.309927,0.292188,0.708039,0.262327,0.109281,0.563112,0.398507,0.922369,March
10,0.345433,0.397555,0.704140,0.321904,0.256775,0.670569,0.396919,0.835433,March
11,0.365695,0.318325,0.696569,0.325264,0.303755,0.704634,0.396126,0.883525,March
12,0.380849,0.207774,0.662374,0.327298,0.349046,0.661751,0.342182,0.939361,March
13,0.378693,0.147482,0.626736,0.355413,0.330066,0.594292,0.332103,0.946642,March
14,0.375250,0.157118,0.616171,0.361179,0.407291,0.465778,0.272386,0.913284,March
15,0.360851,0.201112,0.605949,0.336955,0.330095,0.408781,0.273579,0.888772,March
16,0.352219,0.355076,0.603437,0.101689,0.115104,0.028827,0.100115,0.464679,March
17,0.280355,0.520780,0.605423,0.068168,0.064152,-0.047327,0.014545,-0.018969,March
18,0.253053,0.588171,0.609159,0.101466,0.130052,-0.059522,0.010238,-0.078677,March
19,0.230077,0.630665,0.612845,0.136975,0.260376,-0.061124,0.008884,-0.079777,March
20,0.244282,0.559261,0.607233,0.204003,0.332107,-0.060864,0.008651,-0.079730,March
21,0.213552,0.509026,0.607031,0.213557,0.299669,-0.060436,0.008646,-0.079570,March
22,0.188711,0.684562,0.606944,0.154574,0.215927,-0.057836,0.008877,-0.078963,March
23,0.149677,0.787918,0.606202,0.098520,0.138845,-0.055904,0.010485,-0.076413,March
0,0.179022,0.555210,0.468423,0.888608,0.798898,-0.042737,-0.054728,-0.022617,February
1,0.166129,0.518380,0.465233,0.889654,0.800394,-0.044520,-0.055458,-0.022850,February
2,0.156709,0.512490,0.480725,0.871405,0.797631,-0.044683,-0.055615,-0.022839,February
3,0.177707,0.476653,0.453421,0.829779,0.775690,-0.040781,-0.055361,-0.019161,February
4,0.195911,0.455186,0.466754,0.847283,0.778400,-0.033728,-0.054584,0.002892,February
5,0.181458,0.522670,0.478342,0.821364,0.752259,-0.038790,-0.051673,-0.005709,February
6,0.193292,0.499585,0.520123,0.853026,0.780293,-0.012815,-0.032933,0.044763,February
7,0.195000,0.466706,0.533300,0.888227,0.795350,0.180363,0.115939,0.518331,February
8,0.207355,0.470941,0.582743,0.887385,0.789003,0.291579,0.390769,0.572994,February
9,0.234905,0.313453,0.582551,0.859354,0.742019,0.480112,0.418580,0.711583,February
10,0.263859,0.291859,0.589540,0.744284,0.638868,0.574013,0.421008,0.839362,February
11,0.269323,0.192464,0.583260,0.590884,0.555966,0.622114,0.426919,0.860539,February
12,0.272450,0.204119,0.537158,0.759733,0.576331,0.614797,0.427185,0.853381,February
13,0.270322,0.225658,0.536493,0.668400,0.575180,0.416860,0.423463,0.563062,February
14,0.257488,0.282398,0.539354,0.513985,0.546611,0.275087,0.306803,0.369880,February
15,0.253806,0.324059,0.517066,0.507995,0.507252,0.202362,0.228089,0.273313,February
16,0.236157,0.381160,0.508888,0.453436,0.460345,-0.029935,-0.016878,0.045982,February
17,0.189292,0.501050,0.542823,0.411841,0.460599,-0.043184,-0.051966,-0.021014,February
18,0.193138,0.500950,0.543626,0.412547,0.461273,-0.044808,-0.055232,-0.022693,February
19,0.172815,0.528623,0.500125,0.458026,0.466376,-0.044809,-0.055717,-0.022557,February
20,0.140029,0.611675,0.479900,0.550097,0.473783,-0.044108,-0.055721,-0.022570,February
21,0.123597,0.623758,0.461246,0.499827,0.472644,-0.044572,-0.055749,-0.022848,February
22,0.117942,0.627698,0.459847,0.481716,0.470053,-0.043219,-0.055342,-0.022541,February
23,0.111661,0.634866,0.451733,0.465250,0.478464,-0.043120,-0.053604,-0.020905,February
0,0.443484,1.020568,0.562629,0.262712,0.424246,-0.058472,-0.067179,-0.026457,June
1,0.469872,1.002087,0.560265,0.133461,0.402643,-0.060278,-0.068678,-0.026536,June
2,0.488452,0.996076,0.545304,0.142552,0.343531,-0.060749,-0.068743,-0.026554,June
3,0.447638,0.986203,0.535819,0.082480,0.310479,-0.060681,-0.068736,-0.026154,June
4,0.475612,0.858140,0.511155,0.153891,0.332252,-0.043968,-0.054251,-0.020135,June
5,0.522159,0.859610,0.531099,0.273775,0.354037,0.010506,0.159659,0.086319,June
6,0.597285,0.652580,0.521776,0.129498,0.367318,0.145202,0.611321,0.342652,June
7,0.649872,0.479154,0.526574,0.153567,0.209195,0.273010,0.836167,0.179240,June
8,0.673553,0.455167,0.507440,0.149537,0.200788,0.565259,0.892801,0.554687,June
9,0.741003,0.353620,0.512595,0.256369,0.304640,0.709774,0.820309,0.787505,June
10,0.770867,0.291665,0.506160,0.429757,0.349351,0.882841,0.817791,0.847582,June
11,0.779426,0.281990,0.502925,0.420921,0.428318,0.881273,0.806051,0.800656,June
12,0.721222,0.290181,0.516358,0.278397,0.340003,0.769914,0.961821,0.608555,June
13,0.782071,0.249211,0.507297,0.292533,0.336983,0.709382,0.987592,0.601128,June
14,0.753871,0.229054,0.483670,0.338596,0.342092,0.478534,0.798486,0.390142,June
15,0.784979,0.240698,0.466601,0.228696,0.303641,0.423833,0.714785,0.613812,June
16,0.716904,0.309028,0.447298,0.244308,0.163140,0.167591,0.266945,0.572195,June
17,0.651404,0.449401,0.463914,0.175688,0.139611,-0.018171,0.060812,0.115444,June
18,0.556746,0.621024,0.463078,0.108192,0.115042,-0.057689,-0.037514,-0.016596,June
19,0.495100,0.707294,0.477131,0.091665,0.130340,-0.059485,-0.066087,-0.025824,June
20,0.469639,0.792869,0.486889,0.166661,0.303262,-0.058727,-0.067336,-0.023118,June
21,0.442066,0.920065,0.493243,0.162888,0.201546,-0.055568,-0.067177,-0.021108,June
22,0.441925,0.993587,0.494207,0.096578,0.114549,-0.051200,-0.061918,-0.024312,June
23,0.441380,0.987967,0.496711,0.068196,0.089957,-0.051539,-0.052233,-0.017257,June
0,0.522402,0.851820,0.517584,0.352452,0.611917,-0.053885,-0.049595,-0.033830,September
1,0.510232,0.852056,0.487877,0.367760,0.545810,-0.054351,-0.050371,-0.033927,September
2,0.506363,0.854839,0.463576,0.500943,0.582458,-0.054506,-0.050303,-0.033907,September
3,0.503526,0.849591,0.452096,0.571473,0.692636,-0.054186,-0.050366,-0.033660,September
4,0.517787,0.827296,0.449311,0.438849,0.636300,-0.050569,-0.040672,-0.031371,September
5,0.565884,0.792401,0.471016,0.545015,0.655216,-0.021517,-0.009090,0.016410,September
6,0.566343,0.665462,0.503010,0.670380,0.725919,0.052294,0.245358,0.254248,September
7,0.619666,0.430793,0.530540,0.730883,0.729100,0.274124,0.363655,0.688828,September
8,0.665800,0.278749,0.532006,0.723018,0.696440,0.325700,0.492429,0.547183,September
9,0.706488,0.276757,0.536272,0.691643,0.611110,0.536963,0.519290,0.687245,September
10,0.746984,0.190616,0.545064,0.688386,0.587606,0.763425,0.508732,0.914646,September
11,0.758027,0.159924,0.530522,0.723909,0.669039,0.795079,0.485920,0.924336,September
12,0.759433,0.167800,0.521193,0.715108,0.594327,0.771059,0.468176,0.923349,September
13,0.740476,0.177088,0.511348,0.694739,0.548529,0.641409,0.370969,0.876718,September
14,0.719903,0.167432,0.475542,0.628449,0.534217,0.449435,0.341923,0.789477,September
15,0.700511,0.208283,0.469369,0.604463,0.447754,0.238327,0.249454,0.805463,September
16,0.678083,0.250596,0.443513,0.397022,0.317198,0.034267,0.043695,0.429242,September
17,0.603981,0.396406,0.441169,0.300504,0.284850,-0.043309,-0.036747,-0.020542,September
18,0.563414,0.500360,0.440130,0.293210,0.334614,-0.054216,-0.044308,-0.033555,September
19,0.544288,0.689160,0.439800,0.387960,0.427110,-0.054692,-0.050338,-0.033824,September
20,0.496345,0.782564,0.439369,0.335860,0.370813,-0.053872,-0.050542,-0.033228,September
21,0.464807,0.801321,0.451884,0.285481,0.358672,-0.053497,-0.050588,-0.033475,September
22,0.467463,0.802175,0.470057,0.275802,0.387285,-0.051552,-0.050281,-0.032471,September
23,0.464243,0.822800,0.478472,0.310651,0.424196,-0.051286,-0.049199,-0.030436,September
0,0.241621,0.882603,0.705910,0.117602,0.204412,-0.005544,-0.022875,-0.000720,February
1,0.209073,0.857657,0.704421,0.090990,0.136493,-0.006124,-0.023290,-0.000788,February
2,0.174051,0.897703,0.700140,0.073593,0.092320,-0.006236,-0.023372,-0.000813,February
3,0.165695,0.933809,0.685172,0.070535,0.103241,-0.006207,-0.023321,-0.000765,February
4,0.156041,0.963474,0.659435,0.098115,0.175631,-0.005965,-0.022492,-0.000685,February
5,0.154349,0.963696,0.660565,0.165458,0.147261,-0.004444,-0.022429,0.001172,February
6,0.166634,0.956366,0.677510,0.249480,0.213825,0.004895,0.007263,0.033438,February
7,0.191921,0.918628,0.694311,0.316007,0.268705,0.081830,0.287840,0.289321,February
8,0.270259,0.834301,0.669287,0.093537,0.148777,0.281179,0.485204,0.300814,February
9,0.301523,0.663781,0.676960,0.234564,0.135179,0.322708,0.357078,0.302274,February
10,0.335746,0.585729,0.673464,0.271105,0.163256,0.432774,0.694507,0.298632,February
11,0.336600,0.530302,0.636592,0.153930,0.099451,0.452557,0.836308,0.289976,February
12,0.344148,0.593835,0.620058,0.252161,0.190783,0.412426,0.836330,0.260970,February
13,0.336904,0.510448,0.605520,0.204537,0.134927,0.311914,0.851707,0.186387,February
14,0.337368,0.503658,0.604132,0.131313,0.081314,0.240360,0.667951,0.206795,February
15,0.332715,0.504168,0.597916,0.072639,0.087813,0.144812,0.688127,0.174669,February
16,0.306011,0.700205,0.591562,0.078133,0.097602,0.011939,0.043392,0.065217,February
17,0.228475,0.869010,0.598314,0.216764,0.227546,-0.005664,-0.020031,-0.000120,February
18,0.222054,0.898900,0.614268,0.254518,0.230598,-0.006176,-0.022242,-0.000803,February
19,0.198524,0.927689,0.627854,0.153901,0.141128,-0.006237,-0.023311,-0.000814,February
20,0.178384,0.957308,0.634580,0.279901,0.248161,-0.006160,-0.023389,-0.000809,February
21,0.193830,0.939828,0.643713,0.248674,0.199453,-0.006061,-0.023310,-0.000806,February
22,0.203585,0.928692,0.651357,0.290333,0.150700,-0.004940,-0.022829,-0.000685,February
23,0.185367,0.936091,0.650931,0.161789,0.124787,-0.000150,-0.017857,0.000497,February
0,0.245402,0.866310,0.514850,0.480380,0.557300,-0.032823,-0.017398,-0.017647,December
1,0.201488,0.875921,0.521575,0.443491,0.557438,-0.033497,-0.017674,-0.017746,December
2,0.213541,0.899593,0.532093,0.387655,0.552221,-0.033643,-0.017697,-0.017751,December
3,0.216458,0.904819,0.505572,0.230100,0.523185,-0.033657,-0.017638,-0.017748,December
4,0.228856,0.905527,0.476555,0.157347,0.457556,-0.032858,-0.017241,-0.017681,December
5,0.230851,0.880326,0.494240,0.326491,0.522581,-0.032154,-0.017174,-0.017034,December
6,0.225367,0.902796,0.491591,0.336515,0.542080,-0.028950,-0.012280,-0.012251,December
7,0.255392,0.892699,0.525590,0.412028,0.544828,0.011348,0.047344,0.064088,December
8,0.326969,0.808376,0.547526,0.337203,0.447223,0.091812,0.338216,0.106324,December
9,0.372760,0.632172,0.569934,0.299224,0.304741,0.287281,0.457657,0.390565,December
10,0.385210,0.539420,0.567952,0.393649,0.307964,0.320558,0.460995,0.467396,December
11,0.388934,0.518909,0.523014,0.453278,0.332715,0.332767,0.455971,0.475873,December
12,0.387713,0.522554,0.467522,0.429100,0.282579,0.272409,0.437059,0.400581,December
13,0.373153,0.541571,0.441280,0.455560,0.282898,0.162295,0.304296,0.253423,December
14,0.358468,0.560669,0.431611,0.422370,0.353049,0.130534,0.144211,0.279978,December
15,0.300835,0.692831,0.427152,0.366822,0.389071,0.003566,0.006769,0.111034,December
16,0.232311,0.826771,0.422806,0.396394,0.281407,-0.030553,-0.009772,-0.016722,December
17,0.230280,0.840321,0.425669,0.277800,0.249879,-0.032437,-0.017359,-0.017488,December
18,0.204876,0.884275,0.435875,0.167436,0.166328,-0.033658,-0.017610,-0.017732,December
19,0.173190,0.891482,0.454448,0.115674,0.154620,-0.033669,-0.017721,-0.017739,December
20,0.166467,0.884329,0.466050,0.082976,0.127217,-0.033602,-0.017699,-0.017730,December
21,0.163051,0.898755,0.482102,0.056995,0.118398,-0.033577,-0.017709,-0.017731,December
22,0.157367,0.879350,0.474227,0.058209,0.124259,-0.033421,-0.017566,-0.017719,December
23,0.154461,0.885123,0.475003,0.064553,0.140395,-0.032754,-0.016958,-0.017366,December
0,0.344843,0.955389,0.589243,0.437416,0.322226,-0.005928,-0.021766,-0.044438,May
1,0.367386,0.949127,0.548438,0.466975,0.426364,-0.007386,-0.022155,-0.044419,May
2,0.374614,0.953359,0.524368,0.449429,0.401685,-0.009273,-0.022227,-0.044557,May
3,0.341530,0.953421,0.514316,0.428084,0.387135,-0.009239,-0.020328,-0.044479,May
4,0.384043,0.949921,0.509479,0.335789,0.254039,-0.005438,-0.005624,-0.039780,May
5,0.423698,0.895572,0.515638,0.351223,0.360665,0.105797,0.008931,0.211600,May
6,0.460022,0.806380,0.515926,0.450511,0.415567,0.168260,0.123781,0.330093,May
7,0.569947,0.723800,0.516867,0.419828,0.348810,0.720274,0.504480,0.820765,May
8,0.592852,0.584144,0.517649,0.441654,0.341959,0.895146,0.484194,0.906692,May
9,0.668367,0.435045,0.524029,0.465911,0.345777,0.939043,0.518427,0.894244,May
10,0.716818,0.480764,0.525346,0.436529,0.259437,0.965608,0.602865,0.743458,May
11,0.713600,0.435800,0.522177,0.313740,0.227861,1.002880,0.608146,0.551148,May
12,0.616428,0.638804,0.521140,0.189099,0.174955,0.897257,0.529020,0.679969,May
13,0.709288,0.487857,0.519016,0.145869,0.107095,0.747472,0.549879,0.496644,May
14,0.709256,0.275223,0.515812,0.145695,0.100256,0.509362,0.374716,0.563855,May
15,0.678537,0.301173,0.515757,0.164333,0.109843,0.402278,0.287948,0.610085,May
16,0.578003,0.773253,0.544713,0.169580,0.190311,0.099019,0.133610,0.266318,May
17,0.477853,0.854318,0.553014,0.286398,0.325905,0.002292,-0.011906,0.045793,May
18,0.443104,0.883550,0.578135,0.214571,0.267063,-0.007557,-0.023082,-0.041773,May
19,0.359123,0.879432,0.592394,0.195995,0.216795,-0.009344,-0.023758,-0.044469,May
20,0.379715,0.714369,0.616821,0.264929,0.323335,-0.008669,-0.023518,-0.044337,May
21,0.382299,0.540680,0.627789,0.378995,0.387870,-0.003190,-0.021972,-0.041031,May
22,0.329691,0.783974,0.633458,0.389470,0.388105,-0.002178,-0.021202,-0.044174,May
23,0.315584,0.849154,0.634514,0.268098,0.323992,0.006077,-0.020264,-0.041854,May
0,0.430901,0.870342,0.256955,0.331822,0.302787,0.005100,-0.033421,0.011572,November
1,0.445502,0.891158,0.256846,0.394333,0.328108,-0.000038,-0.035225,0.005964,November
2,0.393144,0.912530,0.257120,0.493844,0.478515,0.000200,-0.034963,0.005875,November
3,0.402091,0.902456,0.259496,0.537470,0.575119,-0.000541,-0.035167,0.005960,November
4,0.375935,0.889043,0.261374,0.577200,0.643344,0.001147,-0.032543,0.006642,November
5,0.385405,0.825363,0.269804,0.538665,0.566384,0.007921,-0.033504,0.014024,November
6,0.326889,0.872507,0.300161,0.550415,0.609913,0.034053,-0.003463,0.055907,November
7,0.380151,0.850346,0.372275,0.624823,0.647912,0.134818,0.189635,0.320558,November
8,0.430014,0.750951,0.354434,0.669781,0.653648,0.197366,0.356936,0.341377,November
9,0.521630,0.640739,0.394866,0.671334,0.620049,0.374831,0.455655,0.523923,November
10,0.558397,0.481932,0.422676,0.647252,0.491720,0.470890,0.476105,0.720038,November
11,0.564516,0.461281,0.413235,0.648712,0.563544,0.496150,0.396093,0.809427,November
12,0.562853,0.544403,0.468392,0.677059,0.614579,0.433126,0.281194,0.780412,November
13,0.561699,0.446909,0.454025,0.657827,0.586440,0.371365,0.301048,0.647252,November
14,0.568091,0.427450,0.466076,0.645334,0.590959,0.362465,0.172638,0.767621,November
15,0.559527,0.426619,0.464640,0.602310,0.606732,0.141895,0.040792,0.670446,November
16,0.358350,0.714886,0.415923,0.354753,0.293785,0.007993,-0.025932,0.059573,November
17,0.393002,0.671675,0.461269,0.334480,0.281493,0.000332,-0.034144,0.007535,November
18,0.398347,0.681847,0.464581,0.310657,0.246816,-0.000569,-0.035054,0.005992,November
19,0.379573,0.744083,0.471439,0.318324,0.339726,-0.000544,-0.035674,0.006265,November
20,0.318432,0.880097,0.492028,0.458225,0.454840,-0.000255,-0.035670,0.006168,November
21,0.349118,0.819561,0.503129,0.511169,0.588686,-0.000745,-0.035368,0.005812,November
22,0.395655,0.715330,0.506286,0.578918,0.651012,0.001102,-0.033850,0.006933,November
23,0.421115,0.711551,0.506000,0.565275,0.631566,0.002784,-0.032748,0.007623,November
0,0.415011,0.755355,0.475039,0.283647,0.312901,-0.040420,-0.023199,-0.009239,November
1,0.396577,0.674403,0.514651,0.345005,0.409069,-0.041563,-0.023181,-0.009343,November
2,0.386638,0.686602,0.436166,0.301333,0.410461,-0.041941,-0.023687,-0.009360,November
3,0.389964,0.730590,0.443979,0.273904,0.344058,-0.041926,-0.023295,-0.009343,November
4,0.367040,0.810869,0.416987,0.454135,0.509607,-0.040706,-0.023227,-0.009143,November
5,0.362089,0.802338,0.409920,0.385807,0.431610,-0.033234,-0.022289,-0.008521,November
6,0.367828,0.798842,0.360993,0.349573,0.308070,-0.023442,-0.017094,0.016385,November
7,0.432811,0.779281,0.335448,0.413491,0.411288,0.026984,0.179237,0.087370,November
8,0.488086,0.456464,0.329850,0.582784,0.553497,0.207795,0.540645,0.419427,November
9,0.502310,0.401541,0.332892,0.650473,0.612423,0.320915,0.439974,0.459342,November
10,0.514352,0.413296,0.385335,0.730721,0.727499,0.358879,0.635224,0.429928,November
11,0.515100,0.384319,0.375756,0.752397,0.761268,0.329660,0.696335,0.288729,November
12,0.524699,0.271247,0.345089,0.386730,0.427728,0.307808,0.663084,0.336069,November
13,0.521337,0.260256,0.343609,0.245117,0.388158,0.210682,0.626249,0.310622,November
14,0.507106,0.312110,0.376206,0.168130,0.329999,0.070707,0.330204,0.129560,November
15,0.439216,0.341561,0.377515,0.155025,0.307049,0.005943,0.052865,0.056871,November
16,0.415882,0.537368,0.395487,0.394984,0.465770,-0.037851,-0.016089,-0.004152,November
17,0.434982,0.493271,0.438744,0.431376,0.565481,-0.041215,-0.023063,-0.009072,November
18,0.412600,0.463197,0.501079,0.531519,0.560912,-0.041777,-0.023570,-0.009317,November
19,0.405866,0.392537,0.532395,0.595884,0.733289,-0.041777,-0.023846,-0.009181,November
20,0.405124,0.381778,0.550255,0.728137,0.772471,-0.041472,-0.023835,-0.009199,November
21,0.413757,0.354509,0.555186,0.748521,0.766680,-0.041623,-0.023722,-0.009318,November
22,0.424219,0.348706,0.561128,0.753621,0.780125,-0.039978,-0.022950,-0.008634,November
23,0.415018,0.392633,0.563206,0.731882,0.770166,-0.035879,-0.020857,-0.006383,November
0,0.425118,0.739977,0.498317,0.871670,0.742978,-0.032969,-0.034369,-0.023200,May
1,0.410871,0.811227,0.496024,0.734234,0.734104,-0.034143,-0.033705,-0.023240,May
2,0.399603,0.759305,0.497133,0.583258,0.700207,-0.035942,-0.034152,-0.023311,May
3,0.392274,0.891587,0.507233,0.460334,0.668012,-0.035965,-0.035487,-0.023246,May
4,0.394619,0.937001,0.515841,0.430499,0.640958,-0.031943,-0.015834,-0.021863,May
5,0.422415,0.937099,0.542773,0.564781,0.690232,-0.002241,0.011375,0.075086,May
6,0.455778,0.898301,0.552866,0.631806,0.588101,0.194260,0.101115,0.239607,May
7,0.482928,0.880645,0.566673,0.472459,0.425614,0.390768,0.405744,0.574319,May
8,0.508155,0.721849,0.560688,0.757944,0.551875,0.652041,0.104796,0.566798,May
9,0.523445,0.551535,0.591634,0.707552,0.410043,0.806400,0.318897,0.628678,May
10,0.528469,0.489720,0.571952,0.384661,0.329527,0.856011,0.551580,0.605235,May
11,0.528321,0.496572,0.544674,0.279816,0.302878,0.835824,0.677709,0.522306,May
12,0.497687,0.703088,0.521948,0.518252,0.416748,0.773224,0.769212,0.181771,May
13,0.485727,0.706854,0.520718,0.410736,0.361340,0.514218,0.772734,0.050764,May
14,0.497456,0.585370,0.517496,0.305285,0.302201,0.466713,0.631022,0.145972,May
15,0.499232,0.575836,0.511533,0.261053,0.297357,0.269565,0.474645,0.265041,May
16,0.484599,0.709999,0.507329,0.324064,0.329880,0.052793,0.090094,0.024233,May
17,0.467247,0.800983,0.530910,0.324303,0.337569,-0.001617,0.014466,0.028381,May
18,0.433033,0.851488,0.560770,0.284928,0.319709,-0.035428,-0.033117,-0.022600,May
19,0.393750,0.899617,0.551546,0.329395,0.348482,-0.035909,-0.034882,-0.023260,May
20,0.393263,0.915680,0.576097,0.563981,0.492406,-0.035141,-0.035915,-0.023189,May
21,0.386106,0.923144,0.578236,0.731321,0.553307,-0.032718,-0.035548,-0.022678,May
22,0.384793,0.928381,0.565837,0.598610,0.464924,-0.031960,-0.035705,-0.022697,May
23,0.381358,0.937152,0.551944,0.675712,0.561935,-0.028152,-0.034608,-0.021193,May
0,-0.011178,0.663002,0.760443,0.308932,0.366539,-0.048295,-0.008149,-0.036762,March
1,0.019817,0.577575,0.760408,0.254459,0.292597,-0.052716,-0.008246,-0.038374,March
2,-0.015906,0.578556,0.760540,0.161490,0.207340,-0.054842,-0.008288,-0.039031,March
3,-0.045848,0.841624,0.760763,0.151011,0.216262,-0.055167,-0.008117,-0.038946,March
4,-0.047096,0.786715,0.761317,0.133411,0.131331,-0.053806,-0.000646,-0.038298,March
5,-0.036171,0.775873,0.769209,0.191808,0.226161,-0.024112,0.039685,0.010423,March
6,-0.015930,0.673002,0.773984,0.157930,0.184193,0.029903,0.105304,0.029568,March
7,0.024527,0.651045,0.786740,0.075275,0.041930,0.191668,0.207301,0.250055,March
8,0.150335,0.548273,0.774885,0.173259,0.085694,0.332416,0.270263,0.659953,March
9,0.262447,0.427485,0.790421,0.283891,0.162506,0.444750,0.290717,0.696718,March
10,0.316246,0.355103,0.792841,0.251835,0.118519,0.539896,0.419154,0.344353,March
11,0.261241,0.514750,0.790054,0.217072,0.076695,0.705799,0.449905,0.654453,March
12,0.412467,0.370000,0.785125,0.224371,0.061172,0.668349,0.427146,0.795803,March
13,0.416223,0.246191,0.793845,0.232715,0.170562,0.628941,0.431300,0.840003,March
14,0.364957,0.288178,0.789936,0.229897,0.161454,0.364575,0.271532,0.653730,March
15,0.360130,0.399831,0.797816,0.083278,0.067010,0.230533,0.353339,0.671125,March
16,0.314627,0.647820,0.793587,0.048884,0.012596,0.005118,0.076962,0.203375,March
17,0.248400,0.688674,0.796852,0.061704,0.049750,-0.042538,0.000062,0.001895,March
18,0.156617,0.586327,0.798923,0.075021,0.161705,-0.053728,-0.006715,-0.037016,March
19,0.070919,0.689210,0.805328,0.062200,0.172981,-0.054622,-0.008087,-0.038530,March
20,0.042068,0.897905,0.807810,0.054590,0.138284,-0.053616,-0.007997,-0.037885,March
21,0.013239,0.965549,0.809008,0.042531,0.091692,-0.053953,-0.007245,-0.038827,March
22,0.000889,1.016841,0.810498,0.037582,0.063435,-0.050886,-0.006078,-0.038789,March
23,-0.006385,1.033693,0.810859,0.030060,0.033254,-0.046517,0.005717,-0.038188,March
0,0.291413,0.940482,0.587927,0.514655,0.432777,-0.022480,-0.039785,-0.056702,May
1,0.285882,0.931373,0.571877,0.499345,0.435597,-0.023629,-0.040628,-0.056730,May
2,0.284331,0.947376,0.574224,0.424252,0.467183,-0.024307,-0.040550,-0.056778,May
3,0.284845,0.946470,0.569524,0.343009,0.380772,-0.024392,-0.038935,-0.056728,May
4,0.313046,0.851968,0.576826,0.449874,0.378978,-0.016737,0.066729,-0.054272,May
5,0.378313,0.734950,0.592756,0.381384,0.409222,0.062313,0.507229,0.129528,May
6,0.429573,0.685076,0.612079,0.423869,0.347896,0.143452,0.469591,0.199705,May
7,0.506529,0.495910,0.614560,0.524705,0.356565,0.717528,0.679800,0.505363,May
8,0.508579,0.398889,0.629104,0.563496,0.421407,0.747854,0.691102,0.701459,May
9,0.524397,0.390899,0.638195,0.556348,0.392583,0.829820,0.750738,0.726820,May
10,0.546484,0.391958,0.638550,0.568956,0.445635,0.864045,0.760083,0.726640,May
11,0.555074,0.369098,0.620869,0.558532,0.465457,0.868413,0.754509,0.672748,May
12,0.521034,0.512621,0.610987,0.342653,0.283832,0.788625,0.708107,0.664150,May
13,0.545369,0.433072,0.588488,0.220513,0.178422,0.535751,0.699795,0.256720,May
14,0.545169,0.365408,0.588813,0.223214,0.163849,0.521787,0.493723,0.558816,May
15,0.529358,0.398888,0.578546,0.272149,0.172239,0.415307,0.290053,0.552464,May
16,0.516680,0.474251,0.569198,0.216915,0.196122,0.157988,0.180213,0.243047,May
17,0.477608,0.612431,0.576569,0.180547,0.221657,0.027995,0.250155,0.058590,May
18,0.410964,0.651621,0.579816,0.209752,0.282657,-0.023508,-0.004491,-0.055071,May
19,0.383065,0.727973,0.588085,0.213442,0.325328,-0.024222,-0.038594,-0.056709,May
20,0.369987,0.839864,0.608273,0.340023,0.465706,-0.022923,-0.040482,-0.056542,May
21,0.333276,0.892543,0.600342,0.363698,0.434188,-0.022451,-0.040756,-0.055870,May
22,0.307425,0.939947,0.594218,0.247587,0.412439,-0.018466,-0.039867,-0.055398,May
23,0.294922,0.961073,0.598382,0.167087,0.308669,-0.019821,-0.039513,-0.052758,May
0,0.222425,0.925216,0.685137,0.251092,0.363626,-0.005928,-0.027476,-0.034700,May
1,0.223345,0.924394,0.680981,0.184522,0.322777,-0.010104,-0.029991,-0.034946,May
2,0.223932,0.926050,0.663017,0.143324,0.271456,-0.012045,-0.030450,-0.034953,May
3,0.219868,0.916757,0.658544,0.120815,0.253999,-0.012059,-0.030076,-0.034905,May
4,0.238835,0.916961,0.660628,0.288310,0.309723,-0.001360,0.019443,-0.032601,May
5,0.294941,0.872019,0.684463,0.280133,0.325007,0.134493,0.183903,0.023740,May
6,0.354746,0.733086,0.680704,0.261500,0.318317,0.368552,0.380231,0.232856,May
7,0.387826,0.690190,0.688015,0.259410,0.317084,0.454474,0.558452,0.064882,May
8,0.395163,0.567533,0.674162,0.436700,0.338638,0.500126,0.818755,0.153029,May
9,0.411958,0.486875,0.682540,0.309388,0.309326,0.680101,0.916202,0.263797,May
10,0.422795,0.420393,0.683662,0.268155,0.291070,0.711398,0.864937,0.431418,May
11,0.420256,0.354197,0.678143,0.350336,0.293205,0.800306,0.800295,0.636228,May
12,0.415366,0.381551,0.674243,0.487169,0.382346,0.750400,0.751925,0.582651,May
13,0.427361,0.389443,0.659035,0.491114,0.388592,0.573964,0.701516,0.408403,May
14,0.433034,0.350980,0.656584,0.389686,0.346471,0.510191,0.576943,0.483303,May
15,0.438323,0.332307,0.652110,0.266032,0.249154,0.444099,0.411093,0.545087,May
16,0.399733,0.408839,0.654555,0.206596,0.242191,0.135685,0.215272,0.278941,May
17,0.373964,0.540791,0.668531,0.148106,0.226221,0.022147,0.275996,0.188117,May
18,0.338038,0.557770,0.673915,0.125958,0.254595,-0.010043,-0.015290,-0.024810,May
19,0.288861,0.661067,0.678690,0.152057,0.273526,-0.009470,-0.029622,-0.033386,May
20,0.267045,0.815034,0.695050,0.207562,0.366466,-0.010258,-0.030562,-0.030975,May
21,0.230713,0.905421,0.700764,0.370062,0.392169,-0.011541,-0.030478,-0.034354,May
22,0.222254,0.923028,0.702069,0.213344,0.374020,-0.010494,-0.029412,-0.034756,May
23,0.221893,0.929110,0.704086,0.119237,0.286497,-0.008662,-0.026931,-0.034168,May
0,0.127063,0.933693,0.691329,0.262697,0.291571,-0.046730,-0.030293,-0.035091,April
1,0.109339,0.944472,0.682339,0.197165,0.185654,-0.054353,-0.031878,-0.035248,April
2,0.094708,1.006254,0.669551,0.144825,0.183245,-0.056849,-0.032177,-0.035437,April
3,0.096035,1.018605,0.662026,0.119400,0.127563,-0.056693,-0.032064,-0.034767,April
4,0.103227,0.946044,0.657194,0.122845,0.137418,-0.046765,-0.021287,-0.018526,April
5,0.125357,0.825656,0.685901,0.106940,0.122603,0.144962,0.061699,0.315709,April
6,0.238495,0.637865,0.684700,0.123659,0.127530,0.221366,0.128239,0.440155,April
7,0.265992,0.537023,0.692874,0.116485,0.140995,0.400603,0.143948,0.434425,April
8,0.337910,0.416702,0.694176,0.156723,0.065967,0.541243,0.228775,0.815330,April
9,0.344169,0.243507,0.696669,0.140748,0.051338,0.718773,0.365037,0.842263,April
10,0.403682,0.103064,0.695556,0.139004,0.054601,0.831225,0.443784,0.760087,April
11,0.417730,0.082225,0.688954,0.165384,0.060222,0.860774,0.468730,0.887249,April
12,0.407949,0.127819,0.654595,0.231093,0.131609,0.773592,0.343341,0.821178,April
13,0.413033,0.138564,0.627172,0.233450,0.107576,0.700005,0.397456,0.685021,April
14,0.430185,0.066018,0.621192,0.250584,0.138419,0.747623,0.321429,0.923818,April
15,0.425467,0.069286,0.617789,0.252846,0.145519,0.514502,0.184812,0.913776,April
16,0.379843,0.286860,0.617155,0.253843,0.197289,0.150737,0.086737,0.791452,April
17,0.301215,0.460361,0.619632,0.230400,0.207507,-0.026221,-0.000912,0.181455,April
18,0.290474,0.585785,0.627718,0.267980,0.269833,-0.049173,-0.029947,-0.023583,April
19,0.301637,0.746105,0.649375,0.261316,0.296226,-0.051987,-0.031982,-0.033956,April
20,0.174362,0.973880,0.656249,0.297368,0.325376,-0.055594,-0.032314,-0.034145,April
21,0.188566,0.981867,0.661069,0.307759,0.325985,-0.056518,-0.031891,-0.035349,April
22,0.277671,0.937516,0.670339,0.311330,0.338153,-0.052824,-0.031123,-0.033098,April
23,0.303300,0.896895,0.668387,0.312363,0.335709,-0.044546,-0.027790,-0.029648,April
0,0.241091,0.743473,0.603135,0.132248,0.151925,-0.012804,-0.031865,-0.035026,September
1,0.227732,0.660834,0.601878,0.135271,0.264605,-0.013936,-0.032000,-0.035221,September
2,0.214939,0.782806,0.595165,0.134830,0.226876,-0.016040,-0.032715,-0.035824,September
3,0.197560,0.802976,0.584182,0.131235,0.234826,-0.016160,-0.032993,-0.035878,September
4,0.196118,0.916283,0.584699,0.155925,0.264064,-0.014966,-0.030543,-0.035595,September
5,0.197388,0.886123,0.576718,0.181886,0.334962,0.005401,-0.018310,0.018425,September
6,0.214810,0.872903,0.576230,0.186810,0.367413,0.068648,0.051070,0.171066,September
7,0.369556,0.470746,0.569132,0.238221,0.356059,0.299648,0.276084,0.588430,September
8,0.447196,0.393968,0.595343,0.314041,0.336855,0.539399,0.208092,0.855061,September
9,0.539455,0.215420,0.594348,0.255686,0.140724,0.663367,0.196340,0.875296,September
10,0.568271,0.164126,0.587599,0.194011,0.140548,0.745722,0.227224,0.885797,September
11,0.575622,0.181148,0.567465,0.161245,0.102461,0.732672,0.321177,0.828329,September
12,0.570291,0.199857,0.566164,0.275963,0.201240,0.702264,0.334007,0.761782,September
13,0.479835,0.229957,0.569948,0.311300,0.252175,0.596277,0.316967,0.761901,September
14,0.475101,0.237391,0.564999,0.249725,0.230347,0.378111,0.231998,0.611539,September
15,0.423647,0.291188,0.567413,0.189849,0.162198,0.215976,0.116598,0.431438,September
16,0.453037,0.346808,0.539345,0.139329,0.208568,0.037948,0.010356,0.151591,September
17,0.415302,0.449396,0.536671,0.200032,0.348560,-0.007998,-0.028369,-0.028005,September
18,0.386808,0.413073,0.536002,0.169903,0.273328,-0.014842,-0.031532,-0.035320,September
19,0.387052,0.548573,0.535395,0.139861,0.237336,-0.015719,-0.032949,-0.035754,September
20,0.285177,0.902195,0.540662,0.189478,0.328497,-0.015079,-0.032951,-0.035433,September
21,0.300103,0.875048,0.544990,0.205396,0.355614,-0.014992,-0.032978,-0.035716,September
22,0.324935,0.811000,0.538964,0.189661,0.315433,-0.010505,-0.032712,-0.034723,September
23,0.417307,0.869993,0.537337,0.217527,0.311739,-0.005177,-0.030432,-0.029781,September
0,0.358061,0.975846,0.564984,0.500008,0.441594,-0.048799,-0.052867,-0.022882,April
1,0.338770,0.977310,0.565068,0.416605,0.408556,-0.055623,-0.060048,-0.025230,April
2,0.316149,0.986302,0.564670,0.410337,0.444587,-0.069918,-0.061591,-0.025786,April
3,0.296009,0.990567,0.565327,0.394533,0.400762,-0.064830,-0.056961,-0.024670,April
4,0.288369,0.973806,0.565243,0.370902,0.385954,-0.060579,0.006659,-0.020967,April
5,0.295012,0.954366,0.568397,0.383547,0.401802,-0.001822,0.014050,-0.007331,April
6,0.337378,0.842605,0.567498,0.484280,0.439797,0.120570,0.359699,0.030736,April
7,0.370722,0.785075,0.567264,0.462667,0.425444,0.373205,0.478830,0.092301,April
8,0.382155,0.693740,0.568282,0.557613,0.549212,0.367991,0.555193,0.221863,April
9,0.371718,0.689825,0.567261,0.500643,0.563631,0.636513,0.608185,0.414522,April
10,0.391237,0.609231,0.569600,0.520777,0.551342,0.768898,0.614223,0.660082,April
11,0.381337,0.594293,0.582850,0.544155,0.578976,0.819886,0.571351,0.709440,April
12,0.373537,0.590289,0.598369,0.582797,0.594676,0.679556,0.571517,0.595369,April
13,0.370301,0.580017,0.605658,0.560235,0.596937,0.714423,0.363941,0.676727,April
14,0.356168,0.591545,0.607371,0.578120,0.614569,0.586763,0.449013,0.636520,April
15,0.349022,0.590134,0.610018,0.584085,0.610740,0.557285,0.493884,0.647611,April
16,0.314765,0.684687,0.604807,0.565114,0.571753,0.084547,0.050349,0.548542,April
17,0.310267,0.684283,0.602607,0.546718,0.567174,-0.019153,-0.013898,0.266752,April
18,0.307250,0.644829,0.602012,0.507913,0.568953,-0.062400,-0.038205,0.012847,April
19,0.280942,0.646331,0.609380,0.491314,0.596777,-0.068505,-0.055986,-0.013274,April
20,0.270361,0.634199,0.615047,0.499554,0.586057,-0.043830,-0.052572,-0.013904,April
21,0.262217,0.637589,0.619491,0.429390,0.536130,-0.048654,-0.043633,-0.008228,April
22,0.259790,0.646972,0.620165,0.380541,0.537735,-0.063525,-0.045175,-0.016728,April
23,0.258836,0.625661,0.620282,0.381635,0.469604,-0.030641,-0.042487,-0.004193,April
0,0.300597,0.858255,0.624861,0.603706,0.547872,-0.027761,-0.005004,-0.051798,May
1,0.249469,0.863755,0.614541,0.502677,0.497777,-0.032506,-0.009360,-0.052043,May
2,0.240727,0.869512,0.628714,0.483003,0.466844,-0.034741,-0.020005,-0.052372,May
3,0.236095,0.873607,0.636924,0.521203,0.505865,-0.032283,-0.019972,-0.048290,May
4,0.233217,0.835169,0.662665,0.425866,0.363249,-0.027292,0.013483,-0.035633,May
5,0.315328,0.752934,0.688170,0.505538,0.515838,-0.002359,0.194441,0.028646,May
6,0.403763,0.557899,0.707183,0.543077,0.582347,0.154978,0.291014,0.119447,May
7,0.554406,0.282233,0.726079,0.538264,0.437010,0.749290,0.388549,0.862900,May
8,0.533333,0.307864,0.721623,0.543662,0.395963,0.789768,0.254096,0.771127,May
9,0.590261,0.196259,0.724827,0.430820,0.333414,0.977133,0.373591,0.859135,May
10,0.628973,0.147462,0.712991,0.395570,0.251096,1.033540,0.419828,0.911488,May
11,0.637505,0.142394,0.716891,0.308929,0.224381,1.022928,0.421860,0.831845,May
12,0.527827,0.281675,0.701995,0.260420,0.186087,0.959343,0.500302,0.525888,May
13,0.567586,0.409281,0.684691,0.175385,0.153275,0.418159,0.507308,-0.020636,May
14,0.596369,0.256257,0.694147,0.161125,0.152239,0.481177,0.465998,0.076002,May
15,0.577128,0.239083,0.679170,0.157591,0.144694,0.306672,0.336599,0.194900,May
16,0.496831,0.496409,0.676142,0.178133,0.184128,0.028159,0.079235,-0.037967,May
17,0.495536,0.546467,0.654766,0.360565,0.441418,-0.015583,0.019442,-0.045098,May
18,0.414613,0.749648,0.664173,0.396369,0.373876,-0.034111,-0.008436,-0.052358,May
19,0.357706,0.671354,0.678999,0.314286,0.384760,-0.034706,-0.017301,-0.052598,May
20,0.356922,0.839578,0.699941,0.311196,0.502271,-0.032320,-0.019539,-0.052278,May
21,0.363872,0.855861,0.663526,0.467674,0.435589,-0.029136,-0.019847,-0.051463,May
22,0.316009,0.852140,0.645837,0.507094,0.477464,-0.026699,-0.019046,-0.049847,May
23,0.308229,0.855759,0.628202,0.539248,0.490617,-0.007361,-0.016626,-0.034572,May
0,0.520205,0.854130,0.439609,0.517055,0.372404,-0.093631,-0.086578,-0.057852,July
1,0.519616,0.868027,0.438812,0.515013,0.396342,-0.095139,-0.096826,-0.058402,July
2,0.515391,0.873686,0.438086,0.497026,0.386536,-0.095341,-0.097285,-0.058374,July
3,0.510340,0.879884,0.439587,0.498263,0.365920,-0.091909,-0.097264,-0.052380,July
4,0.519043,0.873651,0.442415,0.346773,0.271282,-0.081144,-0.062260,0.062206,July
5,0.564790,0.848689,0.454158,0.301942,0.205371,-0.029464,0.430436,0.273470,July
6,0.672432,0.791162,0.483995,0.298746,0.160576,0.201775,0.702070,0.550899,July
7,0.758520,0.554297,0.487004,0.280768,0.080506,0.396401,0.786894,0.827052,July
8,0.781329,0.612019,0.471789,0.082575,0.053080,0.617549,0.661685,0.814291,July
9,0.880011,0.296389,0.476046,0.078299,0.049965,0.859012,0.799271,0.903411,July
10,0.904680,0.158245,0.462866,0.059362,0.049978,0.914451,0.838009,0.931036,July
11,0.914119,0.018821,0.465643,0.040011,0.047623,0.923940,0.795571,0.932348,July
12,0.914808,0.124426,0.467783,0.086560,0.051655,0.888936,0.813027,0.927687,July
13,0.906229,0.029627,0.481353,0.035091,0.052532,0.758608,0.724024,0.843382,July
14,0.892476,0.039393,0.481459,0.072382,0.057239,0.608890,0.657394,0.828621,July
15,0.890471,0.070549,0.487497,0.183759,0.116100,0.550085,0.689147,0.718111,July
16,0.849230,0.140496,0.472955,0.480144,0.270804,0.231384,0.452586,0.478502,July
17,0.831856,0.240377,0.466165,0.421508,0.282874,0.200471,0.165820,0.737606,July
18,0.742086,0.375702,0.461229,0.389694,0.317343,-0.074812,-0.086019,0.119372,July
19,0.630500,0.440253,0.465889,0.447215,0.381913,-0.085165,-0.095784,-0.044636,July
20,0.606380,0.413275,0.476295,0.492545,0.398698,-0.089694,-0.092703,-0.042070,July
21,0.591921,0.416523,0.477450,0.512412,0.404348,-0.088729,-0.090782,-0.045172,July
22,0.581086,0.462215,0.480399,0.502962,0.403980,-0.078709,-0.084543,-0.052720,July
23,0.563012,0.520669,0.476076,0.449826,0.395120,-0.071105,-0.074630,-0.028063,July
0,0.137882,0.815704,0.751564,0.323057,0.310404,-0.046463,-0.032418,-0.076073,February
1,0.131985,0.792012,0.745308,0.263263,0.312933,-0.047431,-0.033089,-0.076151,February
2,0.119969,0.812274,0.732488,0.236279,0.300934,-0.047620,-0.033403,-0.076219,February
3,0.115657,0.790276,0.717335,0.235775,0.306095,-0.047617,-0.033401,-0.076161,February
4,0.117784,0.778288,0.697620,0.351598,0.389751,-0.047365,-0.033051,-0.076105,February
5,0.119887,0.770833,0.715906,0.345196,0.426115,-0.045781,-0.032700,-0.071815,February
6,0.122473,0.771555,0.716589,0.291696,0.504953,-0.037155,-0.025935,-0.059450,February
7,0.140227,0.697101,0.725592,0.281463,0.357174,0.111970,0.132240,0.281300,February
8,0.223474,0.662294,0.673409,0.324221,0.339736,0.311753,0.165667,0.569846,February
9,0.272947,0.432593,0.653961,0.477540,0.386979,0.401095,0.200613,0.544885,February
10,0.317086,0.333082,0.623417,0.586679,0.503121,0.481379,0.299069,0.605786,February
11,0.320771,0.314241,0.623128,0.544510,0.439337,0.539520,0.411797,0.606336,February
12,0.249789,0.527569,0.623853,0.607721,0.492229,0.431738,0.431678,0.396945,February
13,0.181231,0.645006,0.618443,0.600381,0.491057,0.160424,0.425461,-0.043718,February
14,0.200071,0.638929,0.609643,0.510457,0.441138,0.081010,0.263190,0.012331,February
15,0.247864,0.579053,0.603804,0.389900,0.418261,0.017035,0.180276,-0.017638,February
16,0.232102,0.753401,0.596423,0.298967,0.483300,-0.038401,-0.019643,-0.069892,February
17,0.207305,0.663928,0.607884,0.440748,0.679341,-0.045467,-0.032696,-0.075724,February
18,0.249231,0.533822,0.606602,0.414297,0.624090,-0.047256,-0.033122,-0.075997,February
19,0.214254,0.414826,0.606212,0.338451,0.549904,-0.047201,-0.033399,-0.075926,February
20,0.192925,0.456272,0.628097,0.450050,0.581117,-0.046262,-0.033197,-0.075977,February
21,0.191680,0.379543,0.649955,0.383917,0.536812,-0.046762,-0.032718,-0.076048,February
22,0.202045,0.420556,0.653678,0.379751,0.558565,-0.042051,-0.031514,-0.075638,February
23,0.183647,0.373899,0.650420,0.411582,0.543739,-0.040441,-0.026120,-0.072235,February
0,0.476014,1.017867,0.497355,0.460767,0.478410,-0.067160,0.006247,-0.061213,May
1,0.465741,1.026924,0.496730,0.523036,0.531027,-0.071211,0.004769,-0.061692,May
2,0.468520,1.045489,0.495810,0.472600,0.537218,-0.073657,0.005093,-0.061736,May
3,0.470700,1.052595,0.497058,0.317307,0.505212,-0.073612,0.005137,-0.061735,May
4,0.469580,1.060349,0.505116,0.240505,0.403913,-0.071062,0.031449,-0.061431,May
5,0.492808,1.041674,0.518333,0.232536,0.408766,0.018120,0.333274,-0.017269,May
6,0.520519,1.025623,0.533882,0.393843,0.323491,0.168332,0.359296,0.180802,May
7,0.574323,0.970577,0.541488,0.529473,0.418634,0.511814,0.619988,0.499443,May
8,0.561807,0.877905,0.527687,0.549629,0.430710,0.615279,0.957780,0.642850,May
9,0.578891,0.762094,0.532393,0.481910,0.340043,0.778709,1.096404,0.679238,May
10,0.584666,0.658297,0.538670,0.463865,0.366078,0.875620,1.109858,0.741971,May
11,0.591055,0.608409,0.530010,0.468203,0.333815,0.898454,0.989659,0.738951,May
12,0.585025,0.764252,0.525742,0.572661,0.493402,0.827085,0.982620,0.684431,May
13,0.571308,0.691463,0.505410,0.555903,0.423011,0.558136,0.904271,0.429781,May
14,0.575294,0.630422,0.505333,0.412112,0.336309,0.594316,0.553024,0.650217,May
15,0.577362,0.621956,0.499563,0.454079,0.352363,0.522224,0.459848,0.630371,May
16,0.557863,0.825428,0.503623,0.354046,0.235219,0.085200,0.158749,0.315590,May
17,0.549586,0.841001,0.511936,0.277275,0.204254,0.004420,0.081585,0.192711,May
18,0.524190,0.941672,0.523276,0.194567,0.200581,-0.070281,0.011690,-0.060489,May
19,0.492959,1.000604,0.528298,0.203516,0.196461,-0.073695,0.005933,-0.061721,May
20,0.493943,1.003070,0.544200,0.291306,0.221075,-0.073092,0.005945,-0.061691,May
21,0.480587,0.984203,0.547807,0.323839,0.270242,-0.071468,0.005567,-0.060891,May
22,0.471584,0.991097,0.550987,0.226891,0.280463,-0.068405,0.006157,-0.061186,May
23,0.468433,1.029189,0.551384,0.177649,0.225484,-0.059660,0.007558,-0.057772,May
0,0.338482,0.729866,0.622725,0.715596,0.505258,-0.023640,-0.007771,-0.026341,May
1,0.336422,0.766027,0.619312,0.639237,0.510850,-0.023024,-0.007176,-0.026366,May
2,0.314927,0.797518,0.619233,0.402655,0.428409,-0.025287,-0.006515,-0.026388,May
3,0.313605,0.910664,0.606133,0.462947,0.435493,-0.025097,-0.006788,-0.026298,May
4,0.321792,0.933051,0.627241,0.702593,0.553044,-0.015299,0.013978,-0.023324,May
5,0.344640,0.924388,0.629075,0.686782,0.567072,0.002580,0.099356,0.004678,May
6,0.385664,0.876352,0.639244,0.713729,0.536501,0.107385,0.237097,0.209340,May
7,0.469295,0.685246,0.636084,0.720619,0.510729,0.412399,0.679886,0.431743,May
8,0.470833,0.503784,0.652484,0.735969,0.549776,0.554549,0.788412,0.427351,May
9,0.463276,0.472876,0.654881,0.718404,0.509102,0.643467,0.821438,0.460458,May
10,0.478615,0.454475,0.650733,0.663853,0.487653,0.690264,0.855075,0.446220,May
11,0.489377,0.450852,0.637297,0.562440,0.334578,0.620637,0.828637,0.362844,May
12,0.476904,0.458641,0.587882,0.299834,0.160544,0.673587,0.891553,0.429553,May
13,0.483868,0.457882,0.576191,0.144147,0.142030,0.503431,0.937519,0.195265,May
14,0.478420,0.472866,0.577512,0.155913,0.142752,0.329293,0.727443,0.185804,May
15,0.451528,0.514670,0.570109,0.287492,0.149135,0.240698,0.553801,0.136948,May
16,0.413956,0.712492,0.589436,0.529619,0.312071,0.049647,0.320562,0.007343,May
17,0.390690,0.791704,0.605605,0.371878,0.327956,-0.013150,0.155286,-0.019223,May
18,0.354715,0.876611,0.626681,0.202936,0.215266,-0.025204,0.006566,-0.026299,May
19,0.338766,0.889017,0.634362,0.159695,0.181041,-0.025302,-0.006413,-0.026372,May
20,0.327576,0.924721,0.645377,0.190938,0.229026,-0.024620,-0.009360,-0.026304,May
21,0.333493,0.934043,0.630018,0.225265,0.219576,-0.024323,-0.009605,-0.026255,May
22,0.318715,0.933496,0.620646,0.216996,0.193787,-0.023035,-0.009515,-0.026195,May
23,0.316561,0.935625,0.603463,0.184123,0.187040,-0.019398,-0.008510,-0.024865,May
0,0.137357,0.515277,0.772477,0.417647,0.453432,-0.083933,-0.072893,-0.072302,March
1,0.118464,0.541853,0.772486,0.413463,0.426587,-0.086356,-0.075265,-0.074091,March
2,0.113784,0.551588,0.772602,0.441029,0.457292,-0.086771,-0.076101,-0.074102,March
3,0.113030,0.544988,0.773447,0.363169,0.428861,-0.085523,-0.075941,-0.073668,March
4,0.111055,0.551835,0.773833,0.343239,0.373653,-0.084218,-0.069032,-0.070831,March
5,0.126614,0.513815,0.776987,0.397631,0.414921,-0.064628,-0.036482,-0.058521,March
6,0.147044,0.457944,0.778696,0.430149,0.465553,0.055579,0.312636,0.071870,March
7,0.168124,0.374811,0.782007,0.384403,0.411394,0.198097,0.680472,0.300441,March
8,0.174610,0.366495,0.781035,0.450201,0.397516,0.317853,0.594475,0.364382,March
9,0.184729,0.243366,0.784457,0.537048,0.371954,0.557147,0.839426,0.546355,March
10,0.194742,0.170701,0.785377,0.592818,0.375927,0.602939,0.896331,0.582828,March
11,0.192920,0.168897,0.800819,0.676555,0.455462,0.630190,0.742374,0.596739,March
12,0.185167,0.188960,0.806511,0.749817,0.512988,0.463762,0.707447,0.299288,March
13,0.178825,0.175711,0.801158,0.728794,0.515519,0.430843,0.673075,0.378017,March
14,0.177890,0.175883,0.800030,0.741828,0.524507,0.480016,0.494770,0.541622,March
15,0.173831,0.170399,0.800648,0.721667,0.528040,0.180633,0.477866,0.535840,March
16,0.161932,0.215125,0.806895,0.691675,0.525124,0.035062,0.222389,0.314305,March
17,0.139362,0.241581,0.807439,0.660376,0.524955,-0.037037,-0.019688,0.038721,March
18,0.155290,0.232668,0.806351,0.563099,0.514116,-0.081454,-0.067687,-0.062435,March
19,0.127312,0.222768,0.809566,0.586148,0.520446,-0.086050,-0.073752,-0.072670,March
20,0.119114,0.216194,0.819847,0.625177,0.515577,-0.075181,-0.071489,-0.072580,March
21,0.121280,0.210121,0.823830,0.552358,0.506157,-0.084590,-0.068385,-0.073642,March
22,0.115511,0.197284,0.824320,0.439764,0.519672,-0.082055,-0.067115,-0.073081,March
23,0.111536,0.195515,0.824070,0.545608,0.504060,-0.074804,-0.056795,-0.072100,March
0,0.564992,0.929024,0.556403,0.241277,0.206431,-0.028408,0.030567,-0.005601,July
1,0.595977,0.918230,0.505319,0.431360,0.328986,-0.034371,0.014090,-0.005921,July
2,0.599922,0.923785,0.496343,0.338916,0.322195,-0.037183,0.014189,-0.005877,July
3,0.596354,0.891302,0.489827,0.290331,0.377874,-0.030143,0.005638,-0.001483,July
4,0.679630,0.763140,0.499314,0.201276,0.229539,0.000137,0.028437,0.157177,July
5,0.810983,0.431992,0.516466,0.216889,0.286153,0.151589,0.060155,0.462789,July
6,0.818326,0.424835,0.540928,0.337662,0.497177,0.164797,0.188809,0.520550,July
7,0.816087,0.380751,0.534688,0.605247,0.551740,0.656170,0.463979,0.698102,July
8,0.809837,0.292044,0.569547,0.654934,0.557523,0.701212,0.441596,0.819379,July
9,0.820857,0.307107,0.584157,0.639758,0.535729,0.766966,0.564096,0.843581,July
10,0.830300,0.276866,0.581121,0.643618,0.546629,0.873268,0.573922,0.863299,July
11,0.831703,0.296003,0.572637,0.641811,0.539518,0.872320,0.526514,0.830335,July
12,0.745265,0.361034,0.550311,0.509442,0.435941,0.773351,0.548948,0.813841,July
13,0.797155,0.303715,0.518463,0.529726,0.460374,0.697204,0.464829,0.651729,July
14,0.782721,0.311944,0.527102,0.618297,0.490484,0.579852,0.409124,0.599079,July
15,0.767610,0.322869,0.523279,0.620389,0.524203,0.509142,0.420019,0.742733,July
16,0.704903,0.423021,0.518911,0.624822,0.475531,0.207735,0.220617,0.639852,July
17,0.672705,0.581982,0.534898,0.399909,0.315731,0.061697,0.110945,0.317868,July
18,0.637878,0.622413,0.539625,0.273253,0.349086,-0.032373,0.004502,0.025121,July
19,0.596254,0.748947,0.570588,0.342980,0.423999,-0.038015,-0.006270,-0.005168,July
20,0.558918,0.896321,0.596033,0.337384,0.404354,-0.037363,-0.005914,-0.004265,July
21,0.550253,0.921075,0.602498,0.274405,0.350805,-0.037699,-0.006033,-0.005437,July
22,0.547504,0.928857,0.605233,0.229092,0.332584,-0.035792,-0.006159,-0.005942,July
23,0.547453,0.931943,0.604436,0.234521,0.326410,-0.033393,-0.005124,-0.003057,July
0,0.415411,0.860561,0.621424,0.270668,0.414022,-0.014943,-0.043725,0.002927,October
1,0.423696,0.855750,0.613903,0.378218,0.467843,-0.016099,-0.044033,0.002850,October
2,0.446483,0.863689,0.607241,0.333184,0.476042,-0.016663,-0.043685,0.002847,October
3,0.430617,0.840119,0.595682,0.295254,0.486921,-0.016608,-0.044286,0.002851,October
4,0.383693,0.898114,0.619093,0.259326,0.432118,-0.015719,-0.042170,0.002929,October
5,0.382172,0.862531,0.652876,0.323286,0.458332,-0.011698,-0.041869,0.004369,October
6,0.426412,0.847801,0.673131,0.364191,0.491414,0.019812,0.035138,0.033654,October
7,0.516707,0.707559,0.684017,0.380642,0.486726,0.171607,0.125923,0.114630,October
8,0.482333,0.684661,0.685846,0.503547,0.393916,0.261052,0.495009,0.169730,October
9,0.549449,0.540323,0.686784,0.443307,0.253400,0.351997,0.653329,0.248392,October
10,0.574609,0.512009,0.684839,0.393779,0.226381,0.361044,0.660214,0.268552,October
11,0.578026,0.502645,0.671890,0.340137,0.209701,0.376382,0.692755,0.267583,October
12,0.481627,0.581524,0.631577,0.163190,0.139395,0.329544,0.714450,0.205191,October
13,0.476209,0.680267,0.581578,0.203015,0.140767,0.121257,0.612492,0.047368,October
14,0.463118,0.618802,0.575920,0.337097,0.190795,0.101589,0.242952,0.059598,October
15,0.400766,0.727387,0.563989,0.368007,0.259674,0.041693,0.031240,0.061535,October
16,0.385395,0.879283,0.562594,0.300630,0.249733,-0.013594,-0.036633,0.003774,October
17,0.375356,0.880092,0.580106,0.177537,0.264752,-0.016233,-0.044331,0.002891,October
18,0.354960,0.904541,0.596471,0.130168,0.194315,-0.016724,-0.044791,0.002848,October
19,0.345012,0.915083,0.620570,0.099828,0.193220,-0.016727,-0.044858,0.002848,October
20,0.344277,0.920969,0.639375,0.126093,0.197597,-0.016608,-0.044832,0.002854,October
21,0.345087,0.923404,0.640343,0.148313,0.235631,-0.016575,-0.044748,0.002856,October
22,0.343728,0.913849,0.634793,0.160737,0.284061,-0.016289,-0.044545,0.002863,October
23,0.344627,0.918888,0.629929,0.159623,0.291416,-0.015650,-0.043284,0.002974,October
0,0.513015,0.809317,0.621751,0.153418,0.334484,-0.026305,-0.059194,-0.058229,August
1,0.497309,0.661578,0.620391,0.093838,0.279173,-0.023301,-0.060432,-0.058082,August
2,0.486321,0.696473,0.613406,0.070529,0.227368,-0.030527,-0.060714,-0.058893,August
3,0.468876,0.759160,0.613253,0.053823,0.165605,-0.030865,-0.060744,-0.058391,August
4,0.457578,0.802245,0.612229,0.082881,0.220256,-0.025423,-0.026705,-0.052790,August
5,0.500606,0.708749,0.615459,0.068936,0.186354,0.233077,0.249917,0.275211,August
6,0.628103,0.440734,0.618312,0.157760,0.163917,0.348874,0.413449,0.767420,August
7,0.696081,0.205527,0.618974,0.221097,0.195645,0.555493,0.369870,0.798904,August
8,0.672024,0.174790,0.617604,0.347640,0.321288,0.659967,0.569267,0.816530,August
9,0.699999,0.126186,0.615902,0.350609,0.321911,0.793220,0.573506,0.854854,August
10,0.741358,0.081721,0.612772,0.312280,0.326796,0.858129,0.558785,0.884847,August
11,0.756178,0.063544,0.607332,0.316135,0.328504,0.872805,0.534894,0.886497,August
12,0.757116,0.078331,0.605907,0.367293,0.325189,0.864558,0.523976,0.886174,August
13,0.738938,0.100394,0.601548,0.363759,0.324171,0.811671,0.534547,0.875175,August
14,0.736338,0.093233,0.598977,0.299817,0.303473,0.634898,0.439757,0.830323,August
15,0.741336,0.081603,0.597105,0.280807,0.278823,0.376475,0.342641,0.774181,August
16,0.723202,0.139354,0.597154,0.307516,0.242868,0.198746,0.252666,0.413862,August
17,0.668879,0.245043,0.597142,0.269395,0.302620,0.029061,0.027077,0.221407,August
18,0.595782,0.380207,0.597459,0.197619,0.257477,-0.031382,-0.052848,-0.054095,August
19,0.544160,0.638408,0.600130,0.113861,0.167111,-0.032148,-0.060472,-0.059163,August
20,0.553312,0.623639,0.603410,0.140671,0.143428,-0.031473,-0.060885,-0.058344,August
21,0.504536,0.708556,0.606638,0.128013,0.194745,-0.029082,-0.060951,-0.054274,August
22,0.463999,0.848035,0.609503,0.152269,0.209533,-0.029496,-0.060674,-0.058563,August
23,0.456944,0.861273,0.609180,0.095225,0.222538,-0.027138,-0.059738,-0.056211,August
0,0.443672,0.941572,0.585183,0.194693,0.341045,-0.039532,-0.015279,-0.037024,December
1,0.443909,0.926840,0.583590,0.186078,0.331723,-0.041197,-0.017079,-0.037299,December
2,0.444937,0.903538,0.578030,0.186485,0.340743,-0.041508,-0.017703,-0.037338,December
3,0.445837,0.912616,0.572882,0.192890,0.354395,-0.041523,-0.017711,-0.037300,December
4,0.446006,0.939547,0.575202,0.212286,0.350301,-0.040599,-0.015413,-0.037097,December
5,0.447111,0.913248,0.575770,0.267530,0.451692,-0.037018,-0.012357,-0.036447,December
6,0.449738,0.913921,0.567799,0.428743,0.551668,-0.032100,-0.004122,-0.028489,December
7,0.456877,0.906873,0.568773,0.385635,0.601548,-0.007090,0.184174,0.006577,December
8,0.468788,0.854878,0.580869,0.440408,0.484954,0.120969,0.251701,0.021866,December
9,0.474851,0.822965,0.579369,0.458192,0.491499,0.136633,0.622093,-0.018661,December
10,0.482318,0.803398,0.572553,0.539929,0.526944,0.111346,0.757713,-0.035098,December
11,0.483766,0.761499,0.555872,0.537287,0.478445,0.194445,0.789387,-0.028887,December
12,0.484637,0.849281,0.542642,0.535187,0.522836,0.232664,0.564149,0.010119,December
13,0.481950,0.884295,0.534734,0.544161,0.520372,0.116288,0.248660,-0.022404,December
14,0.481615,0.857176,0.528224,0.458633,0.438997,0.076036,0.232280,0.052491,December
15,0.479309,0.889076,0.526782,0.394194,0.402996,-0.016546,0.042832,-0.002157,December
16,0.480588,0.879964,0.532490,0.568117,0.540292,-0.035219,-0.005211,-0.036051,December
17,0.471656,0.888650,0.533749,0.604348,0.648536,-0.039283,-0.014495,-0.037251,December
18,0.476529,0.911188,0.531430,0.605870,0.661039,-0.041259,-0.014110,-0.037340,December
19,0.481271,0.890533,0.525001,0.610950,0.663329,-0.041318,-0.014841,-0.037332,December
20,0.476871,0.889521,0.522889,0.470347,0.609129,-0.040302,-0.017339,-0.037234,December
21,0.474162,0.886107,0.521736,0.374136,0.545379,-0.041151,-0.017611,-0.037303,December
22,0.477870,0.879497,0.521599,0.410380,0.579834,-0.037978,-0.016261,-0.036769,December
23,0.469740,0.894399,0.521349,0.427965,0.611438,-0.039653,-0.015574,-0.035441,December
0,0.423448,1.005032,0.392276,0.315349,0.413983,-0.019502,-0.044908,-0.060881,April
1,0.421531,1.000499,0.387522,0.215638,0.368983,-0.022762,-0.048434,-0.061263,April
2,0.418141,1.014474,0.376782,0.266254,0.373484,-0.023646,-0.048393,-0.061311,April
3,0.417388,1.019045,0.380276,0.311717,0.397679,-0.023718,-0.049221,-0.061299,April
4,0.416608,1.016797,0.377452,0.474632,0.542828,-0.022909,-0.026466,-0.060833,April
5,0.426279,1.001701,0.386331,0.412796,0.494289,0.027441,0.053750,-0.011472,April
6,0.450270,0.962751,0.387924,0.257734,0.424929,0.175581,0.446175,0.213283,April
7,0.470367,0.894988,0.390732,0.269227,0.369293,0.183475,0.725157,0.252050,April
8,0.485282,0.815131,0.404507,0.554821,0.502851,0.512447,0.784912,0.298048,April
9,0.484770,0.742352,0.405579,0.574732,0.542081,0.631313,0.969226,0.447641,April
10,0.488769,0.665467,0.397297,0.578448,0.581799,0.682955,1.069158,0.395097,April
11,0.486976,0.678304,0.396833,0.709750,0.641416,0.626347,1.063264,0.277221,April
12,0.488701,0.626308,0.391620,0.835761,0.693968,0.634297,1.144615,0.106963,April
13,0.487397,0.611437,0.386666,0.813425,0.698123,0.605877,1.089616,0.342869,April
14,0.479776,0.639722,0.385753,0.739042,0.668879,0.375832,0.934572,0.040726,April
15,0.475376,0.638076,0.382383,0.484120,0.552625,0.284379,0.946708,0.147580,April
16,0.475761,0.717738,0.380139,0.431310,0.528358,0.053590,0.113025,-0.006169,April
17,0.459634,0.806802,0.380404,0.266001,0.433649,-0.008537,-0.007588,-0.044111,April
18,0.449406,0.858129,0.393654,0.330144,0.513042,-0.023139,-0.044177,-0.061064,April
19,0.431227,0.929959,0.408042,0.418282,0.602773,-0.023770,-0.048583,-0.061288,April
20,0.425076,0.921461,0.416336,0.474061,0.611278,-0.023498,-0.049454,-0.061268,April
21,0.421966,0.898091,0.421211,0.553033,0.623145,-0.022344,-0.049450,-0.061094,April
22,0.419980,0.893048,0.420504,0.518311,0.636123,-0.020959,-0.049107,-0.060475,April
23,0.417193,0.914269,0.420932,0.451595,0.607361,-0.011363,-0.047744,-0.059547,April
0,0.254520,0.896183,0.580058,0.056109,0.101757,0.041757,-0.038405,-0.030853,May
1,0.250832,0.907480,0.553153,0.072083,0.150922,0.037367,-0.040040,-0.031476,May
2,0.249727,0.912977,0.534939,0.099771,0.130941,0.036001,-0.039651,-0.031486,May
3,0.249120,0.908167,0.529547,0.132793,0.201828,0.035910,-0.039980,-0.031488,May
4,0.251564,0.863452,0.531421,0.126958,0.203616,0.038311,-0.008603,-0.030022,May
5,0.313410,0.852338,0.559455,0.108664,0.164413,0.152193,0.233546,0.055992,May
6,0.410684,0.784746,0.572851,0.151508,0.241912,0.326379,0.663236,0.199357,May
7,0.433770,0.652954,0.577266,0.318006,0.258780,0.290004,0.497184,0.276929,May
8,0.442286,0.578304,0.578611,0.463799,0.297397,0.579687,0.870202,0.247165,May
9,0.440502,0.489607,0.580978,0.428740,0.296661,0.567717,0.938320,0.116871,May
10,0.465343,0.510626,0.592783,0.412540,0.206754,0.613219,0.941963,0.055546,May
11,0.429232,0.531065,0.573479,0.453194,0.251424,0.654206,0.963796,0.143241,May
12,0.512914,0.324205,0.556507,0.425290,0.210366,0.752020,0.852143,0.277868,May
13,0.537625,0.310778,0.532328,0.435867,0.215009,0.641152,0.916243,0.354315,May
14,0.529881,0.321645,0.538920,0.368223,0.242045,0.482353,0.816914,0.301428,May
15,0.495742,0.322920,0.532051,0.281429,0.145733,0.388654,0.714184,0.409639,May
16,0.454940,0.434962,0.534246,0.216527,0.170159,0.150886,0.341049,0.201308,May
17,0.404456,0.562673,0.534676,0.092934,0.111526,0.076551,0.107906,0.170573,May
18,0.357064,0.719189,0.544986,0.213284,0.204990,0.039520,-0.032711,-0.023760,May
19,0.293080,0.834598,0.560086,0.355921,0.356747,0.035923,-0.037096,-0.031440,May
20,0.281148,0.817082,0.575912,0.230931,0.305232,0.036089,-0.039460,-0.031384,May
21,0.270612,0.904140,0.578904,0.283614,0.294182,0.036303,-0.038554,-0.031337,May
22,0.265978,0.916002,0.575545,0.229071,0.321261,0.037267,-0.036916,-0.031335,May
23,0.254897,0.912487,0.565751,0.248952,0.289652,0.039432,-0.031816,-0.030565,May
0,0.582810,0.720800,0.500320,0.676873,0.678155,-0.060783,-0.084494,-0.020632,August
1,0.561432,0.717134,0.500354,0.691050,0.673548,-0.063431,-0.084513,-0.020857,August
2,0.572933,0.698420,0.500253,0.593966,0.675131,-0.064796,-0.084755,-0.020893,August
3,0.549551,0.716974,0.500563,0.515818,0.639568,-0.062810,-0.084741,-0.019438,August
4,0.546293,0.780543,0.503281,0.524074,0.638249,-0.057611,-0.068091,-0.004607,August
5,0.576199,0.755746,0.519729,0.456175,0.594886,0.053909,0.112332,0.154198,August
6,0.651371,0.633646,0.519568,0.435702,0.466416,0.374057,0.176966,0.610579,August
7,0.682477,0.515914,0.520576,0.468784,0.478476,0.538303,0.367860,0.712297,August
8,0.722883,0.333575,0.524344,0.622717,0.613826,0.496902,0.430625,0.629287,August
9,0.788458,0.286207,0.529629,0.599194,0.601434,0.708586,0.514717,0.649544,August
10,0.818622,0.186177,0.532298,0.639575,0.608867,0.899976,0.534263,0.865913,August
11,0.827560,0.163080,0.530881,0.677476,0.636898,0.954609,0.476346,0.888544,August
12,0.811904,0.230097,0.540841,0.734328,0.668950,0.874731,0.436427,0.871688,August
13,0.752729,0.279829,0.543351,0.669090,0.626360,0.598125,0.360513,0.560617,August
14,0.749588,0.222369,0.535102,0.448156,0.527208,0.673071,0.271016,0.715078,August
15,0.773636,0.198129,0.535256,0.476413,0.498803,0.413928,0.178672,0.603065,August
16,0.730411,0.534703,0.541217,0.543174,0.475106,0.110059,0.023273,0.279178,August
17,0.696298,0.528506,0.543226,0.556013,0.482150,-0.010643,-0.065929,0.150900,August
18,0.677844,0.463909,0.542150,0.339548,0.434097,-0.063851,-0.083076,-0.008211,August
19,0.616302,0.466002,0.537772,0.315945,0.406836,-0.063834,-0.084888,-0.017787,August
20,0.599312,0.474580,0.546135,0.365879,0.411296,-0.058119,-0.084314,-0.015654,August
21,0.552610,0.655135,0.551526,0.321655,0.411915,-0.056756,-0.082546,-0.017844,August
22,0.539518,0.739240,0.552890,0.294522,0.403491,-0.058537,-0.081861,-0.020486,August
23,0.536144,0.769442,0.553374,0.293362,0.403604,-0.058519,-0.081604,-0.019748,August
0,0.136416,0.955513,0.764578,0.097110,0.131064,-0.090064,-0.004823,-0.039691,March
1,0.081932,1.026462,0.763325,0.125787,0.103957,-0.092310,-0.005828,-0.039809,March
2,0.068527,1.040172,0.762766,0.129619,0.101914,-0.092796,-0.006755,-0.039819,March
3,0.052890,1.052552,0.759893,0.161717,0.099668,-0.092733,-0.006701,-0.039809,March
4,0.047827,1.067163,0.754527,0.068688,0.059374,-0.091832,-0.005407,-0.039356,March
5,0.045633,1.066227,0.746937,0.108291,0.094374,-0.085926,-0.005485,-0.034473,March
6,0.099890,1.062928,0.750171,0.139955,0.186378,0.037574,0.245128,0.267560,March
7,0.222397,1.022796,0.752147,0.126507,0.111879,0.208626,0.402179,0.604173,March
8,0.383878,0.604951,0.749541,0.233464,0.085135,0.408209,0.555470,0.525299,March
9,0.410531,0.381506,0.753553,0.314674,0.127154,0.610382,0.576196,0.764446,March
10,0.452484,0.300338,0.746724,0.219554,0.070299,0.634318,0.575671,0.814255,March
11,0.466318,0.198334,0.722526,0.215154,0.059730,0.719775,0.583404,0.869611,March
12,0.479221,0.154946,0.699674,0.294998,0.126471,0.683491,0.456453,0.870918,March
13,0.474785,0.155495,0.680009,0.294515,0.156017,0.622265,0.480681,0.854528,March
14,0.470551,0.188261,0.673451,0.322939,0.163715,0.417054,0.392225,0.804685,March
15,0.458096,0.271929,0.665145,0.324161,0.244932,0.232843,0.267794,0.697161,March
16,0.414359,0.414670,0.662710,0.236583,0.166188,-0.038983,0.094182,0.401008,March
17,0.323629,0.648837,0.665635,0.263441,0.145975,-0.088867,-0.000396,-0.029276,March
18,0.264478,0.867830,0.678570,0.302354,0.239555,-0.091896,-0.007015,-0.039550,March
19,0.262024,0.919359,0.684688,0.315373,0.286478,-0.092656,-0.008198,-0.039764,March
20,0.179326,0.966132,0.673620,0.261928,0.269126,-0.092595,-0.008434,-0.039658,March
21,0.179879,0.965069,0.670317,0.283833,0.244954,-0.092691,-0.008439,-0.039780,March
22,0.264540,0.934740,0.670918,0.269330,0.276934,-0.090578,-0.008078,-0.038837,March
23,0.201663,0.918001,0.666221,0.325294,0.295321,-0.084892,-0.006352,-0.035367,March
0,0.109857,0.349890,0.911175,0.769580,0.604458,-0.057442,-0.059900,-0.076820,February
1,0.104383,0.340650,0.911053,0.869943,0.698187,-0.058263,-0.060929,-0.077004,February
2,0.110912,0.347979,0.908483,1.008259,0.737605,-0.058316,-0.061149,-0.077006,February
3,0.112627,0.297424,0.883656,1.041467,0.771930,-0.058136,-0.060993,-0.076449,February
4,0.112044,0.303076,0.847826,0.970000,0.754627,-0.055059,-0.060690,-0.075115,February
5,0.103761,0.318507,0.845549,0.973396,0.739822,-0.057513,-0.059680,-0.076267,February
6,0.109098,0.308315,0.851871,0.963499,0.782232,-0.054466,-0.028538,-0.066355,February
7,0.111083,0.233681,0.854501,1.041944,0.776175,0.006264,0.282340,0.077856,February
8,0.113919,0.262644,0.872816,1.061434,0.762209,0.104016,0.445233,0.169604,February
9,0.114039,0.206307,0.892345,1.031154,0.740011,0.179690,0.471914,0.259885,February
10,0.126281,0.138676,0.886004,0.839628,0.644409,0.295584,0.454584,0.718325,February
11,0.132331,-0.067124,0.855634,0.660864,0.608297,0.478532,0.451454,0.769894,February
12,0.133686,-0.085700,0.840465,0.665420,0.599774,0.464270,0.377541,0.770088,February
13,0.132245,-0.082549,0.831976,0.512728,0.593057,0.332809,0.404399,0.713222,February
14,0.129950,-0.048464,0.829735,0.534254,0.589064,0.157344,0.288501,0.540256,February
15,0.124780,0.025865,0.828682,0.659513,0.598682,0.056812,0.265458,0.470183,February
16,0.109305,0.316526,0.828520,0.727016,0.599109,-0.049207,-0.035315,0.041330,February
17,0.104574,0.330243,0.830095,0.970561,0.683942,-0.057413,-0.059947,-0.075382,February
18,0.107615,0.340842,0.832565,0.861707,0.719655,-0.058201,-0.060906,-0.076286,February
19,0.102267,0.284064,0.834658,0.718105,0.701517,-0.056742,-0.061186,-0.074899,February
20,0.099029,0.341788,0.839752,0.818024,0.728221,-0.057494,-0.061151,-0.075344,February
21,0.097576,0.338055,0.850913,0.694837,0.681220,-0.058193,-0.061063,-0.076948,February
22,0.098893,0.333856,0.865966,0.891158,0.743616,-0.056649,-0.059461,-0.076693,February
23,0.098669,0.253736,0.865591,1.023998,0.776012,-0.051000,-0.049227,-0.072746,February
0,0.304801,0.975066,0.467227,0.304846,0.253527,-0.040357,-0.044136,-0.022804,May
1,0.275562,0.969834,0.467577,0.367088,0.339197,-0.042245,-0.044681,-0.022916,May
2,0.270538,0.977498,0.466595,0.322345,0.355331,-0.043633,-0.044872,-0.022933,May
3,0.266725,0.983589,0.468603,0.327826,0.370270,-0.042975,-0.044439,-0.022822,May
4,0.269340,0.986181,0.470138,0.165390,0.166979,-0.025385,0.006936,-0.014735,May
5,0.326476,0.965399,0.488480,0.282948,0.356016,0.148322,0.281135,0.240647,May
6,0.432828,0.866809,0.505242,0.411879,0.391582,0.278976,0.474274,0.445635,May
7,0.586125,0.715513,0.533114,0.458173,0.369067,0.384143,0.603196,0.754862,May
8,0.619568,0.387143,0.540986,0.504495,0.433110,0.649096,0.668016,0.727465,May
9,0.650247,0.378684,0.550303,0.478419,0.351191,0.881079,0.745618,0.731181,May
10,0.654929,0.302940,0.587363,0.528163,0.413216,0.968752,0.758248,0.678085,May
11,0.650526,0.293603,0.578185,0.564911,0.463271,0.977111,0.739023,0.723136,May
12,0.694078,0.216717,0.568952,0.568010,0.461740,0.904946,0.663838,0.827532,May
13,0.694154,0.182384,0.524531,0.553886,0.466466,0.766180,0.485135,0.844917,May
14,0.682251,0.188708,0.531509,0.446218,0.364837,0.689842,0.414010,0.832275,May
15,0.673372,0.202809,0.537938,0.292399,0.254068,0.457085,0.365450,0.748845,May
16,0.648598,0.305001,0.536220,0.176430,0.206659,0.109987,0.208121,0.301904,May
17,0.598582,0.417218,0.558174,0.143951,0.141621,0.038358,0.061287,0.230687,May
18,0.498704,0.656621,0.597829,0.227895,0.286670,-0.038506,-0.030059,-0.017089,May
19,0.437240,0.757612,0.577989,0.355107,0.456492,-0.042992,-0.044113,-0.022714,May
20,0.440030,0.839505,0.599965,0.151629,0.326678,-0.042483,-0.045178,-0.021674,May
21,0.357640,0.918647,0.611994,0.193613,0.240691,-0.041478,-0.044747,-0.020326,May
22,0.333160,0.925263,0.624537,0.121845,0.177615,-0.035729,-0.043485,-0.018753,May
23,0.296091,0.947485,0.632414,0.133967,0.167580,-0.037598,-0.043478,-0.019241,May
0,0.291714,0.788082,0.430360,0.693637,0.658421,-0.044690,-0.032004,-0.032050,April
1,0.280819,0.830543,0.429775,0.697856,0.660292,-0.050800,-0.036423,-0.033200,April
2,0.321903,0.834238,0.429490,0.687236,0.660683,-0.053478,-0.036972,-0.033279,April
3,0.274414,0.841980,0.430605,0.643053,0.623466,-0.052983,-0.037036,-0.032971,April
4,0.251314,0.834328,0.432150,0.611199,0.601181,-0.045504,-0.008762,-0.029730,April
5,0.263882,0.818110,0.442744,0.357770,0.494216,-0.003568,0.077184,-0.003681,April
6,0.272104,0.756179,0.448177,0.345789,0.492446,0.140594,0.454702,0.085252,April
7,0.319892,0.648939,0.462169,0.353546,0.383087,0.342924,0.851826,0.267956,April
8,0.359515,0.707374,0.457231,0.476983,0.316629,0.411175,0.747995,0.441666,April
9,0.382807,0.659425,0.460083,0.514442,0.393097,0.548998,0.766760,0.510447,April
10,0.391221,0.535033,0.467857,0.469777,0.374173,0.641803,0.963880,0.303613,April
11,0.387598,0.494406,0.479683,0.453688,0.334325,0.553007,0.929293,0.156477,April
12,0.407482,0.441736,0.478125,0.681731,0.547313,0.601900,0.917606,0.182405,April
13,0.400120,0.421076,0.488060,0.549226,0.467503,0.604344,0.595459,0.571058,April
14,0.364449,0.457590,0.485520,0.360144,0.356530,0.461454,0.480978,0.371005,April
15,0.348291,0.504747,0.489496,0.169508,0.234956,0.256478,0.496361,0.314406,April
16,0.319618,0.610949,0.488307,0.176365,0.220014,0.037861,0.105016,0.050533,April
17,0.303137,0.671577,0.484738,0.201095,0.219829,-0.032850,-0.026217,0.000754,April
18,0.281985,0.635616,0.487414,0.189598,0.265861,-0.053866,-0.033943,-0.033111,April
19,0.251945,0.705263,0.488653,0.163392,0.239735,-0.054347,-0.037328,-0.033376,April
20,0.238355,0.732137,0.490770,0.132708,0.212467,-0.053979,-0.036916,-0.033344,April
21,0.230418,0.754302,0.492988,0.101581,0.197623,-0.052788,-0.036598,-0.033243,April
22,0.226380,0.756285,0.493176,0.090003,0.185367,-0.051633,-0.036901,-0.033240,April
23,0.222558,0.807082,0.493536,0.096567,0.184420,-0.048042,-0.035690,-0.032799,April
0,0.156580,0.510397,0.764447,0.462933,0.535790,-0.036595,-0.044771,-0.065762,March
1,0.136803,0.571948,0.762878,0.520347,0.618185,-0.041951,-0.044727,-0.067197,March
2,0.130159,0.577979,0.757276,0.480387,0.606208,-0.043356,-0.045143,-0.067608,March
3,0.129956,0.488448,0.740486,0.405479,0.547595,-0.043297,-0.045052,-0.067386,March
4,0.129227,0.552367,0.725190,0.417269,0.535699,-0.040175,-0.042023,-0.064971,March
5,0.133643,0.576829,0.727330,0.393404,0.550750,-0.013329,-0.032176,-0.043977,March
6,0.155200,0.547133,0.722342,0.500475,0.612656,0.113415,0.056179,0.137991,March
7,0.218597,0.359289,0.731220,0.574981,0.610347,0.521231,0.273496,0.712422,March
8,0.278651,0.220635,0.727253,0.759042,0.630887,0.725503,0.294105,0.856526,March
9,0.266235,0.193863,0.715889,0.645240,0.540461,0.748406,0.276641,0.838309,March
10,0.288505,0.174609,0.664570,0.703399,0.546364,0.776762,0.314451,0.779803,March
11,0.293434,0.182143,0.642724,0.691748,0.498377,0.712358,0.408790,0.438696,March
12,0.290613,0.188792,0.619094,0.771348,0.647367,0.720741,0.430639,0.237230,March
13,0.282260,0.270404,0.610051,0.768890,0.642282,0.476940,0.383733,0.096974,March
14,0.276891,0.380955,0.599267,0.745676,0.641673,0.325052,0.235472,0.114032,March
15,0.277501,0.309406,0.595850,0.738221,0.609874,0.194130,0.263243,0.117940,March
16,0.266653,0.566504,0.597559,0.654770,0.512436,0.007428,0.010296,0.072473,March
17,0.215282,0.629181,0.601727,0.565783,0.515151,-0.038919,-0.042588,-0.059473,March
18,0.250651,0.623407,0.611253,0.570151,0.461690,-0.042659,-0.044752,-0.066215,March
19,0.262710,0.584415,0.609423,0.564823,0.477324,-0.043353,-0.045131,-0.067453,March
20,0.226095,0.606741,0.600797,0.584097,0.429576,-0.042172,-0.045148,-0.067359,March
21,0.204868,0.579562,0.600230,0.471784,0.377909,-0.043209,-0.044948,-0.067655,March
22,0.219984,0.598156,0.602556,0.466171,0.387253,-0.040535,-0.044200,-0.066410,March
23,0.174162,0.561104,0.599537,0.638290,0.497931,-0.038151,-0.041322,-0.063521,March
0,0.296954,0.837742,0.735330,0.245106,0.285380,-0.060237,-0.022835,-0.083772,May
1,0.296117,0.795446,0.734977,0.252787,0.301670,-0.062495,-0.025864,-0.084114,May
2,0.296602,0.802504,0.735091,0.304051,0.320048,-0.063149,-0.026312,-0.084093,May
3,0.295993,0.822956,0.735891,0.349278,0.340261,-0.062927,-0.026969,-0.083867,May
4,0.301256,0.854143,0.740860,0.357572,0.338897,-0.059521,-0.009865,-0.075080,May
5,0.350514,0.735306,0.752673,0.421573,0.337007,0.064763,0.285747,0.217416,May
6,0.393378,0.667115,0.759573,0.477389,0.316534,0.204267,0.288007,0.460526,May
7,0.428795,0.599741,0.764236,0.516144,0.333638,0.405053,0.484071,0.634957,May
8,0.425347,0.421111,0.756965,0.502596,0.275836,0.396751,0.508217,0.392361,May
9,0.482185,0.270047,0.766502,0.451431,0.220082,0.686513,0.626056,0.600110,May
10,0.501282,0.232930,0.768446,0.418066,0.207791,0.832427,0.639184,0.719526,May
11,0.500937,0.246511,0.765209,0.421186,0.202696,0.899807,0.553666,0.773176,May
12,0.481114,0.416052,0.764084,0.380835,0.203271,0.830005,0.593797,0.720147,May
13,0.479630,0.341553,0.750183,0.452571,0.211074,0.549132,0.615813,0.390777,May
14,0.472725,0.270549,0.751316,0.476117,0.236316,0.634494,0.389687,0.681752,May
15,0.451488,0.268019,0.744020,0.491604,0.243334,0.614573,0.450297,0.686959,May
16,0.462738,0.302019,0.745707,0.351625,0.214461,0.210087,0.249591,0.500035,May
17,0.440430,0.423332,0.747831,0.379276,0.235123,0.041284,0.234838,0.365185,May
18,0.387876,0.654057,0.758020,0.300659,0.250173,-0.058610,0.044157,-0.081893,May
19,0.352469,0.769088,0.757343,0.279126,0.259346,-0.063237,-0.017062,-0.084135,May
20,0.343979,0.844681,0.767832,0.225581,0.236526,-0.062258,-0.026309,-0.083806,May
21,0.316357,0.877516,0.767536,0.235799,0.233768,-0.060684,-0.026671,-0.081897,May
22,0.298399,0.900206,0.769188,0.214571,0.215692,-0.061051,-0.026448,-0.083651,May
23,0.293919,0.904936,0.768448,0.212129,0.215454,-0.054730,-0.025817,-0.081748,May
0,0.471752,0.772260,0.460977,0.316146,0.469919,-0.039098,-0.034729,0.017143,July
1,0.486285,0.694267,0.458741,0.412758,0.474154,-0.058413,-0.036389,0.013133,July
2,0.478700,0.427216,0.459282,0.433175,0.504498,-0.064105,-0.038075,0.013111,July
3,0.474043,0.550392,0.459515,0.573963,0.586377,-0.053395,-0.039979,0.026526,July
4,0.467208,0.789088,0.461685,0.339158,0.543290,-0.027570,0.010543,0.077049,July
5,0.542058,0.624537,0.466278,0.449156,0.554893,0.083688,0.215133,0.176020,July
6,0.627886,0.324600,0.476127,0.594186,0.589313,0.451942,0.190101,0.526979,July
7,0.721335,0.280597,0.499582,0.647865,0.587359,0.377720,0.195204,0.813141,July
8,0.753226,0.321212,0.498347,0.674435,0.593755,0.405113,0.143280,0.640437,July
9,0.794992,0.302892,0.533342,0.680327,0.544499,0.591365,0.300967,0.623030,July
10,0.796667,0.265559,0.526844,0.641278,0.491987,0.836148,0.325794,0.767327,July
11,0.790123,0.347740,0.514020,0.611112,0.445653,0.889741,0.285607,0.815302,July
12,0.752012,0.500597,0.491474,0.273839,0.270309,0.651544,0.352371,0.876526,July
13,0.777786,0.437576,0.491001,0.412381,0.377100,0.698327,0.267259,0.821411,July
14,0.758563,0.452626,0.505163,0.494364,0.369885,0.430732,0.262821,0.520324,July
15,0.770815,0.517058,0.525654,0.306008,0.327567,0.312365,0.316588,0.679240,July
16,0.730092,0.629040,0.508018,0.472155,0.313365,0.209901,0.105701,0.438503,July
17,0.730272,0.545512,0.520060,0.495576,0.333318,0.072728,0.033629,0.422859,July
18,0.670347,0.517632,0.526235,0.238696,0.287252,-0.050749,-0.025294,0.128378,July
19,0.600267,0.644157,0.556175,0.212067,0.257693,-0.040118,-0.039737,0.034170,July
20,0.499910,0.889782,0.603962,0.255301,0.271294,-0.060437,-0.037836,0.036147,July
21,0.490156,0.909053,0.609524,0.252597,0.300051,-0.061108,-0.033719,0.017338,July
22,0.483087,0.910898,0.613005,0.232181,0.282388,-0.058663,-0.034274,0.013130,July
23,0.499640,0.908900,0.613462,0.231364,0.332642,-0.049806,-0.031339,0.022030,July
0,0.329795,0.804955,0.534201,0.596825,0.745032,-0.031287,-0.076281,-0.026024,April
1,0.296864,0.810387,0.534136,0.432503,0.597380,-0.033014,-0.076580,-0.026189,April
2,0.271964,0.852178,0.533965,0.406144,0.606494,-0.035276,-0.076561,-0.026234,April
3,0.268857,0.869960,0.534516,0.385987,0.525793,-0.035346,-0.076329,-0.026176,April
4,0.272301,0.866080,0.535886,0.403986,0.571593,-0.033208,-0.045527,-0.025226,April
5,0.299527,0.846295,0.552583,0.456007,0.669846,0.055597,0.009240,0.120520,April
6,0.340742,0.753820,0.558876,0.525531,0.662279,0.245840,0.224069,0.276827,April
7,0.405520,0.663013,0.581100,0.445712,0.575964,0.420363,0.401177,0.497855,April
8,0.444967,0.531965,0.578255,0.546120,0.593132,0.602744,0.520147,0.699452,April
9,0.454982,0.508120,0.566461,0.550465,0.544293,0.796879,0.563448,0.761001,April
10,0.466323,0.527686,0.572878,0.691549,0.655972,0.922033,0.611403,0.722887,April
11,0.464284,0.513485,0.580982,0.790414,0.746916,0.870034,0.615332,0.520272,April
12,0.478463,0.392339,0.574588,0.826952,0.778947,0.778054,0.571676,0.536501,April
13,0.477276,0.381895,0.570048,0.831598,0.791478,0.836943,0.450787,0.790363,April
14,0.461764,0.407191,0.576024,0.814296,0.791763,0.609560,0.393874,0.662693,April
15,0.446644,0.404577,0.580788,0.763728,0.747699,0.599570,0.428433,0.655121,April
16,0.423866,0.549402,0.583700,0.581832,0.648002,0.227050,0.123499,0.373989,April
17,0.396932,0.610585,0.595827,0.458557,0.596184,0.030283,0.016967,0.085171,April
18,0.404084,0.595643,0.612192,0.428938,0.567192,-0.030651,-0.064022,-0.021581,April
19,0.353584,0.644715,0.615377,0.449950,0.576148,-0.034544,-0.075736,-0.025938,April
20,0.291170,0.797168,0.631022,0.456704,0.576118,-0.033459,-0.076250,-0.025845,April
21,0.282648,0.788332,0.633352,0.435598,0.541685,-0.033661,-0.076123,-0.025944,April
22,0.288460,0.729666,0.634319,0.415189,0.579956,-0.025897,-0.075359,-0.023057,April
23,0.280244,0.652426,0.634518,0.514209,0.653343,-0.002528,-0.074713,-0.020132,April
0,0.175789,0.802200,0.719110,0.210538,0.268649,-0.004000,-0.006676,-0.039136,December
1,0.160180,0.719395,0.718515,0.236109,0.262735,-0.004761,-0.007547,-0.039559,December
2,0.183908,0.817134,0.713118,0.161093,0.249019,-0.005397,-0.007746,-0.039701,December
3,0.170894,0.876691,0.703151,0.116265,0.159415,-0.005436,-0.007708,-0.039622,December
4,0.205481,0.855839,0.710156,0.102579,0.139821,-0.003578,-0.005848,-0.038643,December
5,0.250750,0.810960,0.707216,0.173519,0.194413,0.002510,-0.003623,-0.030500,December
6,0.179424,0.924904,0.707200,0.151338,0.187365,0.001428,0.007153,-0.021987,December
7,0.233328,0.933663,0.701288,0.204211,0.238759,0.098614,0.187395,0.110919,December
8,0.356963,0.652656,0.691938,0.212204,0.212257,0.215900,0.361715,0.577796,December
9,0.390627,0.560065,0.695955,0.309454,0.272772,0.316430,0.401571,0.622968,December
10,0.427540,0.511691,0.683580,0.333834,0.320400,0.427326,0.472168,0.595826,December
11,0.444272,0.470768,0.627377,0.328923,0.310832,0.469226,0.473883,0.736723,December
12,0.448250,0.457792,0.592252,0.330801,0.318288,0.454077,0.385034,0.779050,December
13,0.437229,0.494202,0.584312,0.332893,0.291167,0.394486,0.303712,0.761152,December
14,0.424322,0.601801,0.575165,0.290625,0.253278,0.219503,0.196915,0.719018,December
15,0.400412,0.729726,0.573690,0.195827,0.216120,0.031942,0.032097,0.401115,December
16,0.297250,0.879744,0.578170,0.207146,0.155805,0.000519,-0.000878,-0.032098,December
17,0.282255,0.918033,0.583763,0.182176,0.174885,-0.003244,-0.007641,-0.038926,December
18,0.279335,0.942240,0.574395,0.147373,0.174024,-0.005403,-0.007737,-0.039607,December
19,0.221735,0.946705,0.573431,0.126632,0.135400,-0.005463,-0.007851,-0.039678,December
20,0.213602,0.904447,0.571085,0.146664,0.136082,-0.005200,-0.007810,-0.039627,December
21,0.179101,0.957822,0.574293,0.095370,0.095837,-0.005132,-0.007816,-0.039658,December
22,0.155104,0.985844,0.570470,0.080270,0.079985,-0.004816,-0.007552,-0.039612,December
23,0.144309,0.989240,0.569569,0.078227,0.087937,-0.004649,-0.005559,-0.039253,December
0,0.229209,0.851063,0.394873,0.094066,0.226228,-0.027026,-0.094630,0.000970,March
1,0.224498,0.872342,0.394747,0.173940,0.263569,-0.028425,-0.095210,0.000933,March
2,0.218308,0.880222,0.392586,0.161908,0.262888,-0.029829,-0.100007,0.000854,March
3,0.209839,0.859624,0.390192,0.104932,0.172142,-0.029690,-0.101412,0.000939,March
4,0.207767,0.883703,0.381625,0.190834,0.185423,-0.026712,-0.088848,0.001452,March
5,0.204181,0.877925,0.382238,0.153557,0.252923,-0.013072,-0.074050,0.004878,March
6,0.208791,0.895511,0.375107,0.053974,0.206453,0.024448,0.138021,0.017693,March
7,0.241897,0.856914,0.377379,0.016977,0.077396,0.061356,0.589605,0.031641,March
8,0.291634,0.761233,0.371404,0.275444,0.220687,0.130928,0.602637,0.024462,March
9,0.295337,0.714441,0.367797,0.301520,0.241919,0.192852,0.653027,0.026347,March
10,0.302684,0.698361,0.361469,0.330137,0.334168,0.180990,0.780746,0.012990,March
11,0.301981,0.700570,0.360088,0.303982,0.330665,0.162431,0.839094,0.009391,March
12,0.291074,0.789780,0.362444,0.253770,0.293267,0.113191,0.587739,0.009617,March
13,0.285502,0.825763,0.356359,0.158350,0.145489,0.071179,0.488566,0.003920,March
14,0.293792,0.810873,0.348169,0.165459,0.147407,0.085166,0.185805,0.007948,March
15,0.292594,0.801506,0.345578,0.168572,0.171568,0.033340,0.215357,0.010656,March
16,0.291739,0.843989,0.345424,0.138443,0.197919,0.038376,0.168618,0.012005,March
17,0.254280,0.873709,0.346312,0.071992,0.252934,-0.019481,-0.062933,0.002151,March
18,0.263617,0.873578,0.348470,0.034146,0.105657,-0.028523,-0.091126,0.000924,March
19,0.248603,0.884154,0.348813,0.025936,0.052621,-0.029578,-0.098827,0.000860,March
20,0.247691,0.881654,0.351732,0.174406,0.209808,-0.027750,-0.101049,0.000859,March
21,0.258346,0.882952,0.355929,0.216026,0.218966,-0.028375,-0.100720,0.000859,March
22,0.255717,0.892031,0.349526,0.170963,0.237521,-0.025672,-0.099886,0.000863,March
23,0.240120,0.888652,0.347742,0.164784,0.221727,-0.027783,-0.099746,0.000911,March
0,0.145506,0.795154,0.713533,0.242632,0.324066,-0.035175,-0.008260,-0.035717,January
1,0.152713,0.798034,0.713889,0.227923,0.265106,-0.035699,-0.008748,-0.035810,January
2,0.146242,0.787002,0.711328,0.237989,0.284009,-0.035786,-0.008815,-0.035824,January
3,0.142019,0.789163,0.703344,0.236446,0.294952,-0.035813,-0.008760,-0.035810,January
4,0.175894,0.729291,0.689431,0.300043,0.427033,-0.034593,-0.008017,-0.035696,January
5,0.160903,0.710253,0.675470,0.413434,0.466450,-0.033721,-0.008071,-0.034797,January
6,0.158126,0.758147,0.657144,0.314216,0.366987,-0.029398,0.002027,-0.023873,January
7,0.162051,0.781729,0.659070,0.302401,0.357120,0.018915,0.168017,0.009735,January
8,0.286445,0.568956,0.598737,0.332306,0.312017,0.146843,0.265507,0.271514,January
9,0.333762,0.505304,0.628786,0.383607,0.321434,0.325361,0.329061,0.381274,January
10,0.394849,0.462763,0.614838,0.561893,0.471741,0.447932,0.317295,0.590564,January
11,0.394451,0.374567,0.558129,0.683192,0.619191,0.508725,0.402404,0.712306,January
12,0.412928,0.368470,0.464839,0.650262,0.512596,0.471430,0.379585,0.697177,January
13,0.364995,0.428881,0.479603,0.704932,0.676832,0.268973,0.309405,0.261336,January
14,0.321853,0.583445,0.436662,0.663211,0.689106,0.141944,0.263767,0.120519,January
15,0.331728,0.602824,0.419388,0.560172,0.597940,0.013200,0.091561,0.037213,January
16,0.294556,0.667141,0.426358,0.555418,0.381569,-0.030677,-0.002772,-0.028868,January
17,0.331563,0.561479,0.422513,0.518425,0.463313,-0.031057,-0.007223,-0.034259,January
18,0.368056,0.591192,0.414669,0.455846,0.593054,-0.032249,-0.008344,-0.034353,January
19,0.370981,0.478562,0.407671,0.575270,0.700184,-0.029863,-0.007994,-0.025559,January
20,0.358142,0.579638,0.399899,0.570250,0.645058,-0.030769,-0.008074,-0.024656,January
21,0.305030,0.566892,0.401062,0.535735,0.688262,-0.035088,-0.008420,-0.035105,January
22,0.362652,0.593688,0.403762,0.571035,0.716044,-0.030154,-0.005272,-0.031384,January
23,0.386010,0.486941,0.401994,0.527539,0.722640,-0.021624,0.013084,-0.013994,January
